"Species","Data","Parameter","Year","Cohort","Linf","K","t0","Level"
"COD","All data","None",NA,"No","249.139263446598","0.0803622698395831","-0.506160728961331",NA
"HAD","All data","None",NA,"No","54.0575741488522","0.347718383978582","-0.354226037365824",NA
"MEG","All data","None",NA,"No","56.1045605398971","0.099837732881274","-2.37046745354711",NA
"PLE","All data","None",NA,"No",NA,NA,NA,NA
"POK","All data","None",NA,"No","154.003815883222","0.0672447247788229","-1.78183980452832",NA
"POL","All data","None",NA,"No","100.739985538834","0.117409529128734","-1.91346565268291",NA
"SOL","All data","None",NA,"No",NA,NA,NA,NA
"WHG","All data","None",NA,"No","50.7731875338023","0.26090049101762","-1.261590845333",NA
"COD","All female data","Sex",NA,"No","195.078082730466","0.11352156557108","-0.368451447494648","female"
"COD","All male data","Sex",NA,"No",NA,NA,NA,"male"
"HAD","All female data","Sex",NA,"No","54.016235285255","0.371197539949692","-0.293129500370992","female"
"HAD","All male data","Sex",NA,"No","53.5910292036909","0.311373214371456","-0.523167772089267","male"
"MEG","All female data","Sex",NA,"No","54.5487660085346","0.112051481890443","-2.45982166110316","female"
"MEG","All male data","Sex",NA,"No","44.8938446114442","0.0944436370612069","-3.47150560175041","male"
"PLE","All female data","Sex",NA,"No","45.1046103507261","0.102443183857639","-4.78684913433144","female"
"PLE","All male data","Sex",NA,"No","29.9996203401818","0.229548555781123","-3.96962199917156","male"
"POK","All female data","Sex",NA,"No","156.715802517366","0.0653368484374727","-1.8619420234679","female"
"POK","All male data","Sex",NA,"No","149.65569995705","0.0706932127863709","-1.65827871362846","male"
"POL","All female data","Sex",NA,"No","107.801722468208","0.106266638017646","-2.0136984785702","female"
"POL","All male data","Sex",NA,"No","81.807876404592","0.181390049300038","-1.22112295079075","male"
"SOL","All female data","Sex",NA,"No",NA,NA,NA,"female"
"SOL","All male data","Sex",NA,"No",NA,NA,NA,"male"
"WHG","All female data","Sex",NA,"No","50.9303576326989","0.307131395086357","-0.939372849540836","female"
"WHG","All male data","Sex",NA,"No","43.5094751057076","0.271787198577019","-1.67517788830953","male"
"COD","All Jackson BT 195 Monk Trawl data","Gear",NA,"No","249.139263446598","0.0803622698395831","-0.506160728961331","Jackson BT 195 Monk Trawl"
"HAD","All Jackson BT 195 Monk Trawl data","Gear",NA,"No","54.0575741488522","0.347718383978582","-0.354226037365824","Jackson BT 195 Monk Trawl"
"MEG","All Jackson BT 195 Monk Trawl data","Gear",NA,"No","56.1045605398971","0.099837732881274","-2.37046745354711","Jackson BT 195 Monk Trawl"
"PLE","All Jackson BT 195 Monk Trawl data","Gear",NA,"No",NA,NA,NA,"Jackson BT 195 Monk Trawl"
"POK","All Jackson BT 195 Monk Trawl data","Gear",NA,"No","154.003815883222","0.0672447247788229","-1.78183980452832","Jackson BT 195 Monk Trawl"
"POL","All Jackson BT 195 Monk Trawl data","Gear",NA,"No","100.739985538834","0.117409529128734","-1.91346565268291","Jackson BT 195 Monk Trawl"
"SOL","All Jackson BT 195 Monk Trawl data","Gear",NA,"No",NA,NA,NA,"Jackson BT 195 Monk Trawl"
"WHG","All Jackson BT 195 Monk Trawl data","Gear",NA,"No","50.7731875338023","0.26090049101762","-1.261590845333","Jackson BT 195 Monk Trawl"
"COD","All VIa data","Division",NA,"No","439.841416558618","0.0371039383132601","-0.835270912591833","VIa"
"COD","All VIIb data","Division",NA,"No",NA,NA,NA,"VIIb"
"COD","All VIIc data","Division",NA,"No",NA,NA,NA,"VIIc"
"COD","All VIIg data","Division",NA,"No","138.888397708744","0.234699599065713","0.126384531124135","VIIg"
"COD","All VIIh data","Division",NA,"No","108.966234930822","0.421221537343286","0.357990481838522","VIIh"
"COD","All VIIj data","Division",NA,"No",NA,NA,NA,"VIIj"
"HAD","All VIa data","Division",NA,"No","51.4715665075643","0.226163120569165","-1.23486237541273","VIa"
"HAD","All VIIb data","Division",NA,"No","56.4825667251309","0.23581762739165","-0.924673084907398","VIIb"
"HAD","All VIIc data","Division",NA,"No","72.4039640668969","0.265525522787529","-0.576285845324628","VIIc"
"HAD","All VIIg data","Division",NA,"No","82.7816125089718","0.212189532418817","-0.2771628853884","VIIg"
"HAD","All VIIh data","Division",NA,"No","77.9751660701741","0.304117614535961","-0.0647206990472139","VIIh"
"HAD","All VIIj data","Division",NA,"No","74.4403040971914","0.231370536059727","-0.376478371288031","VIIj"
"MEG","All VIa data","Division",NA,"No","57.4037114073404","0.0876396941128053","-3.63484302999629","VIa"
"MEG","All VIIb data","Division",NA,"No","55.6807365728036","0.109569391337318","-1.66281804897158","VIIb"
"MEG","All VIIc data","Division",NA,"No","60.2337325098017","0.081160006027588","-2.478189227959","VIIc"
"MEG","All VIIg data","Division",NA,"No","55.5973431454869","0.0982799111229922","-3.53531505977279","VIIg"
"MEG","All VIIh data","Division",NA,"No","64.0595601282824","0.0650570160922034","-4.62954592612409","VIIh"
"MEG","All VIIj data","Division",NA,"No","61.3695347069013","0.0827660633030187","-2.54947185059688","VIIj"
"MEG","All VIIk data","Division",NA,"No","58.9412248843997","0.0882830144634737","-2.24259323517626","VIIk"
"PLE","All VIa data","Division",NA,"No",NA,NA,NA,"VIa"
"PLE","All VIIb data","Division",NA,"No","37.5757451761754","0.168537780215438","-3.71085285506744","VIIb"
"PLE","All VIIg data","Division",NA,"No","64.8392619182531","0.0723343811031442","-4.41935686743568","VIIg"
"PLE","All VIIj data","Division",NA,"No","45.3002088062845","0.171309619365683","-2.06585637578101","VIIj"
"POK","All VIa data","Division",NA,"No","150.604267537738","0.0703031950832474","-1.68699672185238","VIa"
"POK","All VIIb data","Division",NA,"No",NA,NA,NA,"VIIb"
"POK","All VIIc data","Division",NA,"No",NA,NA,NA,"VIIc"
"POK","All VIIg data","Division",NA,"No",NA,NA,NA,"VIIg"
"POK","All VIIj data","Division",NA,"No","202.929277613928","0.0450706722879469","-2.7150838617083","VIIj"
"POK","All VIIk data","Division",NA,"No",NA,NA,NA,"VIIk"
"POL","All VIa data","Division",NA,"No","120.761753975943","0.0814701191490414","-2.58259571758743","VIa"
"POL","All VIIb data","Division",NA,"No","81.0599206511794","0.168671879775931","-1.41284632786482","VIIb"
"POL","All VIIc data","Division",NA,"No",NA,NA,NA,"VIIc"
"POL","All VIIg data","Division",NA,"No","64.8581671811216","0.610755371439895","1.40029233510108","VIIg"
"POL","All VIIj data","Division",NA,"No","97.0727978685805","0.140652223668007","-1.35804091331114","VIIj"
"SOL","All VIa data","Division",NA,"No",NA,NA,NA,"VIa"
"SOL","All VIIb data","Division",NA,"No","33.647745293536","1.21911709123655","3.97876370734938","VIIb"
"SOL","All VIIg data","Division",NA,"No","39.6502894800902","0.423350603685935","-0.338012330182974","VIIg"
"SOL","All VIIh data","Division",NA,"No","43.1498373061635","0.862857919274092","3.13742436737202","VIIh"
"SOL","All VIIj data","Division",NA,"No",NA,NA,NA,"VIIj"
"WHG","All VIa data","Division",NA,"No","52.19236420695","0.214122540605369","-1.68954194344339","VIa"
"WHG","All VIIb data","Division",NA,"No","44.125246315802","0.398217639556457","-0.699194171130547","VIIb"
"WHG","All VIIg data","Division",NA,"No",NA,NA,NA,"VIIg"
"WHG","All VIIh data","Division",NA,"No",NA,NA,NA,"VIIh"
"WHG","All VIIj data","Division",NA,"No",NA,NA,NA,"VIIj"
"COD","2016 data","None","2016","No",NA,NA,NA,NA
"COD","2017 data","None","2017","No","179.043947885043","0.110069563013193","-0.628004458490244",NA
"COD","2018 data","None","2018","No","140.345298687706","0.210857571394617","0.227604905299922",NA
"COD","2019 data","None","2019","No","74.8685582894214","0.498617365025797","-0.0422997840881057",NA
"COD","2020 data","None","2020","No",NA,NA,NA,NA
"COD","2021 data","None","2021","No","199.486562357661","0.109748857710256","-0.295767983444721",NA
"COD","2022 data","None","2022","No","302.703087030159","0.0687770489906261","-0.473493017064795",NA
"COD","2023 data","None","2023","No",NA,NA,NA,NA
"COD","2024 data","None","2024","No",NA,NA,NA,NA
"COD","2025 data","None","2025","No",NA,NA,NA,NA
"HAD","2016 data","None","2016","No","49.7521445626281","0.564159385304457","0.292493781261578",NA
"HAD","2017 data","None","2017","No","56.5205088482422","0.363432859459504","-0.158746085732628",NA
"HAD","2018 data","None","2018","No","57.1526012226168","0.284368004274242","-0.604441762452277",NA
"HAD","2019 data","None","2019","No","53.2775087664319","0.320809292466417","-0.654570146851155",NA
"HAD","2020 data","None","2020","No","49.7420446817308","0.551983478535696","0.231269534232709",NA
"HAD","2021 data","None","2021","No","48.8808400703539","0.444405065450562","-0.0542761587160063",NA
"HAD","2022 data","None","2022","No","54.013624487627","0.377785042881667","-0.175895316438918",NA
"HAD","2023 data","None","2023","No","55.4324172949795","0.337273694259435","-0.254603551276528",NA
"HAD","2024 data","None","2024","No","61.6559197681893","0.261180463578367","-0.484037609947876",NA
"HAD","2025 data","None","2025","No","62.8811372526008","0.188913786750484","-1.10822611940272",NA
"MEG","2016 data","None","2016","No","67.2982775569955","0.0685079028354364","-3.74234326719798",NA
"MEG","2017 data","None","2017","No","58.1035772120473","0.0875307771784997","-3.38009005686471",NA
"MEG","2018 data","None","2018","No","56.8045190234","0.0908928327319148","-3.60401222928077",NA
"MEG","2019 data","None","2019","No","52.9545117009364","0.112118031851912","-2.40591198823538",NA
"MEG","2020 data","None","2020","No","54.1699801398971","0.100937318748392","-3.14927815462399",NA
"MEG","2021 data","None","2021","No","53.259905195815","0.116754454027225","-1.89426053186801",NA
"MEG","2022 data","None","2022","No","49.4471286159951","0.142163627840474","-1.1565404311789",NA
"MEG","2023 data","None","2023","No","53.388353632675","0.114498825204086","-1.91078408864906",NA
"MEG","2024 data","None","2024","No","61.1341964983155","0.0928805852261163","-0.988801728160633",NA
"MEG","2025 data","None","2025","No","55.8203709781296","0.121561130798262","-0.509680487414575",NA
"PLE","2016 data","None","2016","No","37.3623477662348","0.155649495869412","-4.78568210923677",NA
"PLE","2017 data","None","2017","No",NA,NA,NA,NA
"PLE","2018 data","None","2018","No","38.7119133892807","0.116687124105401","-5.4173983255278",NA
"PLE","2019 data","None","2019","No",NA,NA,NA,NA
"PLE","2020 data","None","2020","No","34.5245249558921","0.254899608240454","-1.77200681249317",NA
"PLE","2021 data","None","2021","No","46.9233166894933","0.088524051655983","-5.38503410666177",NA
"PLE","2022 data","None","2022","No",NA,NA,NA,NA
"PLE","2023 data","None","2023","No",NA,NA,NA,NA
"PLE","2024 data","None","2024","No","48.981343395781","0.0889602929119362","-4.1251324807309",NA
"PLE","2025 data","None","2025","No",NA,NA,NA,NA
"POK","2016 data","None","2016","No","113.332112071807","0.150671023132389","-0.191714074493778",NA
"POK","2017 data","None","2017","No","205.511039622688","0.0470778830280687","-2.02262746199276",NA
"POK","2018 data","None","2018","No","105.315600031078","0.121645409772776","-1.20488069400106",NA
"POK","2019 data","None","2019","No","-46.9075999905882","-0.0639484016463969","-6.81558977947078",NA
"POK","2020 data","None","2020","No",NA,NA,NA,NA
"POK","2021 data","None","2021","No",NA,NA,NA,NA
"POK","2022 data","None","2022","No",NA,NA,NA,NA
"POK","2023 data","None","2023","No",NA,NA,NA,NA
"POK","2024 data","None","2024","No",NA,NA,NA,NA
"POK","2025 data","None","2025","No",NA,NA,NA,NA
"POL","2016 data","None","2016","No",NA,NA,NA,NA
"POL","2017 data","None","2017","No",NA,NA,NA,NA
"POL","2018 data","None","2018","No","74.8385871066996","0.246884060346452","-0.61399671784141",NA
"POL","2019 data","None","2019","No","96.4414791199591","0.151579815705123","-1.05403807959553",NA
"POL","2020 data","None","2020","No","69.5066653097152","0.37066913524061","0.660008690515843",NA
"POL","2021 data","None","2021","No","74.1737995563212","0.361174013629746","1.18582854485877",NA
"POL","2022 data","None","2022","No",NA,NA,NA,NA
"POL","2023 data","None","2023","No",NA,NA,NA,NA
"POL","2024 data","None","2024","No",NA,NA,NA,NA
"POL","2025 data","None","2025","No",NA,NA,NA,NA
"SOL","2016 data","None","2016","No",NA,NA,NA,NA
"SOL","2017 data","None","2017","No",NA,NA,NA,NA
"SOL","2018 data","None","2018","No",NA,NA,NA,NA
"SOL","2019 data","None","2019","No",NA,NA,NA,NA
"SOL","2020 data","None","2020","No",NA,NA,NA,NA
"SOL","2021 data","None","2021","No",NA,NA,NA,NA
"SOL","2022 data","None","2022","No","36.8223279886565","0.635681245292272","0.685280664317136",NA
"SOL","2023 data","None","2023","No",NA,NA,NA,NA
"SOL","2024 data","None","2024","No",NA,NA,NA,NA
"SOL","2025 data","None","2025","No",NA,NA,NA,NA
"WHG","2016 data","None","2016","No","46.3347038179132","0.525547668368345","-0.0462751283086124",NA
"WHG","2017 data","None","2017","No","48.8062403478491","0.381102502361504","-0.426731599501833",NA
"WHG","2018 data","None","2018","No","72.0084592777438","0.145275907547096","-1.30542827055838",NA
"WHG","2019 data","None","2019","No","48.2796753716283","0.235379791033479","-1.97571423912401",NA
"WHG","2020 data","None","2020","No","53.0121697410607","0.237895269454425","-1.54991825586829",NA
"WHG","2021 data","None","2021","No","50.9094056033965","0.291936450582763","-0.721097586572889",NA
"WHG","2022 data","None","2022","No","50.6544260427925","0.318947767405632","-0.688729612972451",NA
"WHG","2023 data","None","2023","No","52.0827588381751","0.226689125396547","-1.47600578805566",NA
"WHG","2024 data","None","2024","No","49.3416831480493","0.234052020429351","-1.28245949157924",NA
"WHG","2025 data","None","2025","No","45.5820167085098","0.265672963235263","-1.65572637128265",NA
"COD","2016 female data","Sex","2016","No",NA,NA,NA,"female"
"COD","2017 female data","Sex","2017","No","258.450250471955","0.0686602370615358","-0.83739100944662","female"
"COD","2018 female data","Sex","2018","No","127.086323378476","0.263830965188872","0.384492670599948","female"
"COD","2019 female data","Sex","2019","No","93.4662816302659","0.312442494680838","-0.244738181776487","female"
"COD","2020 female data","Sex","2020","No",NA,NA,NA,"female"
"COD","2021 female data","Sex","2021","No","122.832152905519","0.254136548297341","0.160816339406516","female"
"COD","2022 female data","Sex","2022","No",NA,NA,NA,"female"
"COD","2023 female data","Sex","2023","No","-1164.18737839515","-0.0145307315578474","-0.584192523753111","female"
"COD","2025 female data","Sex","2025","No",NA,NA,NA,"female"
"COD","2016 male data","Sex","2016","No","614.539240365744","0.0335833925246325","-0.171449502076563","male"
"COD","2017 male data","Sex","2017","No","184.631970704426","0.10349864824917","-0.607948998733723","male"
"COD","2018 male data","Sex","2018","No",NA,NA,NA,"male"
"COD","2019 male data","Sex","2019","No",NA,NA,NA,"male"
"COD","2020 male data","Sex","2020","No","-5.00666666666639","-0.28438717655493","-6.17353381935819","male"
"COD","2021 male data","Sex","2021","No","-0.835858585858461","-0.289588650722363","-11.6340849725175","male"
"COD","2022 male data","Sex","2022","No",NA,NA,NA,"male"
"COD","2023 male data","Sex","2023","No",NA,NA,NA,"male"
"COD","2024 male data","Sex","2024","No",NA,NA,NA,"male"
"COD","2025 male data","Sex","2025","No",NA,NA,NA,"male"
"HAD","2016 female data","Sex","2016","No","50.7558992694075","0.570469599706168","0.338484599806508","female"
"HAD","2017 female data","Sex","2017","No","57.1970404430059","0.344255716921865","-0.314856294657807","female"
"HAD","2018 female data","Sex","2018","No","54.6245430405935","0.336841515003477","-0.466610547462952","female"
"HAD","2019 female data","Sex","2019","No","52.2847151047643","0.357487634876491","-0.531979601528561","female"
"HAD","2020 female data","Sex","2020","No","51.0601182480986","0.591414381394669","0.377522160250785","female"
"HAD","2021 female data","Sex","2021","No","49.5465196465187","0.503553467992015","0.087290395076052","female"
"HAD","2022 female data","Sex","2022","No","55.0018168797153","0.395836201248532","-0.0702753593792217","female"
"HAD","2023 female data","Sex","2023","No","55.3304258771554","0.3672946465925","-0.181405013597996","female"
"HAD","2024 female data","Sex","2024","No","59.369908342603","0.28261158741017","-0.442431121078087","female"
"HAD","2025 female data","Sex","2025","No","71.9407736110612","0.143986433676752","-1.49554734867736","female"
"HAD","2016 male data","Sex","2016","No","46.4480060802237","0.597556368970342","0.2227670135957","male"
"HAD","2017 male data","Sex","2017","No","54.4035957327134","0.444290451691656","0.283048083266502","male"
"HAD","2018 male data","Sex","2018","No","65.512461025963","0.195314255708041","-0.933414319189898","male"
"HAD","2019 male data","Sex","2019","No","50.432717189448","0.346749490843443","-0.630347457618342","male"
"HAD","2020 male data","Sex","2020","No","46.2918414160506","0.552195088978978","0.112801923767926","male"
"HAD","2021 male data","Sex","2021","No","48.0049635140389","0.352717533493281","-0.380803074495485","male"
"HAD","2022 male data","Sex","2022","No","50.4954445809177","0.37544328320559","-0.334742406944884","male"
"HAD","2023 male data","Sex","2023","No","57.9707091925794","0.234703248135411","-0.856606540681788","male"
"HAD","2024 male data","Sex","2024","No","65.4931068038309","0.236390369852639","-0.497599890864592","male"
"HAD","2025 male data","Sex","2025","No","53.9573325990855","0.255776643118013","-0.779541731099523","male"
"MEG","2016 female data","Sex","2016","No","61.6727375576389","0.0809355038237214","-4.01080668721064","female"
"MEG","2017 female data","Sex","2017","No","53.1701007512547","0.118023824611967","-2.84416499492642","female"
"MEG","2018 female data","Sex","2018","No","54.3912813028457","0.101784257332888","-3.89486255982468","female"
"MEG","2019 female data","Sex","2019","No","52.1122918142871","0.123417499992982","-2.47832359039869","female"
"MEG","2020 female data","Sex","2020","No","52.000052683789","0.129164254023007","-2.44130558662282","female"
"MEG","2021 female data","Sex","2021","No","51.7037797963002","0.137774590818258","-1.77309034768289","female"
"MEG","2022 female data","Sex","2022","No","53.7498203573509","0.122191547706964","-1.74504230581767","female"
"MEG","2023 female data","Sex","2023","No","51.6513223928756","0.140061949090214","-1.5032826600164","female"
"MEG","2024 female data","Sex","2024","No","55.1187802443112","0.124005324811197","-0.568433304935837","female"
"MEG","2025 female data","Sex","2025","No","56.7106711725424","0.117896496217527","-1.03983152959128","female"
"MEG","2016 male data","Sex","2016","No","75.885352445071","0.0398463532125384","-5.24066699643961","male"
"MEG","2017 male data","Sex","2017","No","69.5532044618792","0.0425835605476998","-5.65886897876371","male"
"MEG","2018 male data","Sex","2018","No","39.3019870076967","0.160454761263551","-2.16049742837728","male"
"MEG","2019 male data","Sex","2019","No","49.9640198689697","0.0636135919221466","-6.09375200538667","male"
"MEG","2020 male data","Sex","2020","No","44.4673046448264","0.0915651752184386","-3.94079389447547","male"
"MEG","2021 male data","Sex","2021","No","42.9677688861706","0.11097263691937","-2.58097026374781","male"
"MEG","2022 male data","Sex","2022","No","43.4189975292306","0.0963549875323354","-3.40827729343328","male"
"MEG","2023 male data","Sex","2023","No","37.2479115809951","0.139225490159762","-2.80594530592843","male"
"MEG","2024 male data","Sex","2024","No","100.702620802538","0.0294884566520822","-3.81005248181011","male"
"MEG","2025 male data","Sex","2025","No","39.274977404213","0.155806652613464","-0.848561607703884","male"
"PLE","2016 female data","Sex","2016","No","35.5451046097257","0.231785578765365","-2.8821305711422","female"
"PLE","2017 female data","Sex","2017","No",NA,NA,NA,"female"
"PLE","2018 female data","Sex","2018","No","42.4262817736128","0.112296014169988","-4.66658395454294","female"
"PLE","2019 female data","Sex","2019","No",NA,NA,NA,"female"
"PLE","2020 female data","Sex","2020","No","37.22085734015","0.235737199654643","-1.56384292394114","female"
"PLE","2021 female data","Sex","2021","No","41.206371609526","0.156248169329993","-2.900177933315","female"
"PLE","2022 female data","Sex","2022","No",NA,NA,NA,"female"
"PLE","2023 female data","Sex","2023","No",NA,NA,NA,"female"
"PLE","2024 female data","Sex","2024","No","63.6580333787657","0.0602854175340032","-4.80226160765833","female"
"PLE","2025 female data","Sex","2025","No",NA,NA,NA,"female"
"PLE","2016 male data","Sex","2016","No","37.4588901022403","0.0774176049697506","-12.3152281631486","male"
"PLE","2017 male data","Sex","2017","No",NA,NA,NA,"male"
"PLE","2018 male data","Sex","2018","No","28.6023991497929","0.276937214319805","-3.46098998015049","male"
"PLE","2019 male data","Sex","2019","No","29.1040918569919","0.27302694970973","-3.04209649745887","male"
"PLE","2020 male data","Sex","2020","No","26.7132289453209","0.944862626276851","0.338746888952427","male"
"PLE","2021 male data","Sex","2021","No","27.8973957380233","0.457878065327492","-1.58103772855516","male"
"PLE","2022 male data","Sex","2022","No","28.779441192094","0.343076955880909","-2.17054106678007","male"
"PLE","2023 male data","Sex","2023","No",NA,NA,NA,"male"
"PLE","2024 male data","Sex","2024","No",NA,NA,NA,"male"
"PLE","2025 male data","Sex","2025","No",NA,NA,NA,"male"
"POK","2016 female data","Sex","2016","No","114.242063536536","0.153975066228967","-0.210957392830411","female"
"POK","2017 female data","Sex","2017","No",NA,NA,NA,"female"
"POK","2018 female data","Sex","2018","No","102.863272624449","0.135123343197988","-0.915703886803281","female"
"POK","2019 female data","Sex","2019","No",NA,NA,NA,"female"
"POK","2020 female data","Sex","2020","No",NA,NA,NA,"female"
"POK","2021 female data","Sex","2021","No",NA,NA,NA,"female"
"POK","2022 female data","Sex","2022","No",NA,NA,NA,"female"
"POK","2023 female data","Sex","2023","No","107.372764317408","0.120732430877297","-1.36634002433669","female"
"POK","2024 female data","Sex","2024","No",NA,NA,NA,"female"
"POK","2025 female data","Sex","2025","No",NA,NA,NA,"female"
"POK","2016 male data","Sex","2016","No","108.743968567365","0.165697074397037","0.0947457283458585","male"
"POK","2017 male data","Sex","2017","No","-952.767298198408","-0.00719237368206594","-3.16214164608183","male"
"POK","2018 male data","Sex","2018","No",NA,NA,NA,"male"
"POK","2019 male data","Sex","2019","No",NA,NA,NA,"male"
"POK","2020 male data","Sex","2020","No",NA,NA,NA,"male"
"POK","2021 male data","Sex","2021","No",NA,NA,NA,"male"
"POK","2022 male data","Sex","2022","No","59.8639595508445","0.369074356074201","-0.606607198464617","male"
"POK","2023 male data","Sex","2023","No",NA,NA,NA,"male"
"POK","2024 male data","Sex","2024","No",NA,NA,NA,"male"
"POK","2025 male data","Sex","2025","No","51.75","1.60943791243408","1.68659551756164","male"
"POL","2016 female data","Sex","2016","No","111.886750118186","0.135382926076267","-0.51268711616254","female"
"POL","2017 female data","Sex","2017","No",NA,NA,NA,"female"
"POL","2018 female data","Sex","2018","No","94.4365082576828","0.156034569191397","-1.10405541233297","female"
"POL","2019 female data","Sex","2019","No",NA,NA,NA,"female"
"POL","2020 female data","Sex","2020","No","101.277657395683","0.0962541886992052","-3.50348887530677","female"
"POL","2021 female data","Sex","2021","No","83.593028993567","0.285317832718983","1.26753037905858","female"
"POL","2022 female data","Sex","2022","No",NA,NA,NA,"female"
"POL","2023 female data","Sex","2023","No",NA,NA,NA,"female"
"POL","2024 female data","Sex","2024","No",NA,NA,NA,"female"
"POL","2016 male data","Sex","2016","No",NA,NA,NA,"male"
"POL","2017 male data","Sex","2017","No",NA,NA,NA,"male"
"POL","2018 male data","Sex","2018","No","78.5164169275134","0.133142933263945","-3.3918346353657","male"
"POL","2019 male data","Sex","2019","No","68.7282165381592","0.494751164763298","0.981431897204939","male"
"POL","2020 male data","Sex","2020","No","64.2350337034584","0.513393331575537","1.31935917919482","male"
"POL","2021 male data","Sex","2021","No","61.9085503056117","0.750062240707343","1.96896756079049","male"
"POL","2022 male data","Sex","2022","No","52.5127890588918","2.18593660432961","2.19374964404234","male"
"POL","2023 male data","Sex","2023","No",NA,NA,NA,"male"
"POL","2024 male data","Sex","2024","No",NA,NA,NA,"male"
"POL","2025 male data","Sex","2025","No",NA,NA,NA,"male"
"SOL","2016 female data","Sex","2016","No",NA,NA,NA,"female"
"SOL","2017 female data","Sex","2017","No",NA,NA,NA,"female"
"SOL","2018 female data","Sex","2018","No","38.9684892885451","0.156189462968832","-7.73192125169238","female"
"SOL","2019 female data","Sex","2019","No",NA,NA,NA,"female"
"SOL","2020 female data","Sex","2020","No",NA,NA,NA,"female"
"SOL","2021 female data","Sex","2021","No",NA,NA,NA,"female"
"SOL","2022 female data","Sex","2022","No",NA,NA,NA,"female"
"SOL","2023 female data","Sex","2023","No",NA,NA,NA,"female"
"SOL","2024 female data","Sex","2024","No",NA,NA,NA,"female"
"SOL","2025 female data","Sex","2025","No",NA,NA,NA,"female"
"SOL","2017 male data","Sex","2017","No",NA,NA,NA,"male"
"SOL","2018 male data","Sex","2018","No",NA,NA,NA,"male"
"SOL","2019 male data","Sex","2019","No",NA,NA,NA,"male"
"SOL","2020 male data","Sex","2020","No",NA,NA,NA,"male"
"SOL","2021 male data","Sex","2021","No",NA,NA,NA,"male"
"SOL","2022 male data","Sex","2022","No",NA,NA,NA,"male"
"SOL","2023 male data","Sex","2023","No",NA,NA,NA,"male"
"SOL","2024 male data","Sex","2024","No",NA,NA,NA,"male"
"SOL","2025 male data","Sex","2025","No",NA,NA,NA,"male"
"WHG","2016 female data","Sex","2016","No","49.2919458773331","0.481902471640578","-0.0772420784909309","female"
"WHG","2017 female data","Sex","2017","No","57.7787010942752","0.275786112024457","-0.756999284877898","female"
"WHG","2018 female data","Sex","2018","No","53.0910082798852","0.318788589302278","-0.380327498613961","female"
"WHG","2019 female data","Sex","2019","No","46.5908851410313","0.324884268407248","-1.30038429271909","female"
"WHG","2020 female data","Sex","2020","No","53.2888757742313","0.267774629176535","-1.25623344740587","female"
"WHG","2021 female data","Sex","2021","No","50.2389393304664","0.354100909682522","-0.464072150256983","female"
"WHG","2022 female data","Sex","2022","No",NA,NA,NA,"female"
"WHG","2023 female data","Sex","2023","No","51.9449059894271","0.273134244514653","-1.05499374464915","female"
"WHG","2024 female data","Sex","2024","No","47.8313616465456","0.302225178896862","-0.856622894108313","female"
"WHG","2025 female data","Sex","2025","No","44.9180036922554","0.326008194417412","-1.33630994893969","female"
"WHG","2016 male data","Sex","2016","No","38.2517661981231","0.640894788634413","-0.160616495587386","male"
"WHG","2017 male data","Sex","2017","No","42.0517423145031","0.426734144698623","-0.486481137282643","male"
"WHG","2018 male data","Sex","2018","No",NA,NA,NA,"male"
"WHG","2019 male data","Sex","2019","No","42.6527411879754","0.241941779939652","-2.41559742340608","male"
"WHG","2020 male data","Sex","2020","No","44.9521685181953","0.252566658254404","-1.94105806834273","male"
"WHG","2021 male data","Sex","2021","No","43.9995656545746","0.318543292055147","-0.916175057414658","male"
"WHG","2022 male data","Sex","2022","No","41.2542485292055","0.383565216475605","-0.894348162991352","male"
"WHG","2023 male data","Sex","2023","No","40.2283334326609","0.313434355496329","-1.64765332804493","male"
"WHG","2024 male data","Sex","2024","No","36.043067920431","0.437672171056066","-0.894510778273587","male"
"WHG","2025 male data","Sex","2025","No","40.1671233636979","0.303892976888302","-1.55013557153025","male"
"COD","2016 Jackson BT 195 Monk Trawl data","Gear","2016","No",NA,NA,NA,"Jackson BT 195 Monk Trawl"
"COD","2017 Jackson BT 195 Monk Trawl data","Gear","2017","No","179.043947885043","0.110069563013193","-0.628004458490244","Jackson BT 195 Monk Trawl"
"COD","2018 Jackson BT 195 Monk Trawl data","Gear","2018","No","140.345298687706","0.210857571394617","0.227604905299922","Jackson BT 195 Monk Trawl"
"COD","2019 Jackson BT 195 Monk Trawl data","Gear","2019","No","74.8685582894214","0.498617365025797","-0.0422997840881057","Jackson BT 195 Monk Trawl"
"COD","2020 Jackson BT 195 Monk Trawl data","Gear","2020","No",NA,NA,NA,"Jackson BT 195 Monk Trawl"
"COD","2021 Jackson BT 195 Monk Trawl data","Gear","2021","No","199.486562357661","0.109748857710256","-0.295767983444721","Jackson BT 195 Monk Trawl"
"COD","2022 Jackson BT 195 Monk Trawl data","Gear","2022","No","302.703087030159","0.0687770489906261","-0.473493017064795","Jackson BT 195 Monk Trawl"
"COD","2023 Jackson BT 195 Monk Trawl data","Gear","2023","No",NA,NA,NA,"Jackson BT 195 Monk Trawl"
"COD","2024 Jackson BT 195 Monk Trawl data","Gear","2024","No",NA,NA,NA,"Jackson BT 195 Monk Trawl"
"COD","2025 Jackson BT 195 Monk Trawl data","Gear","2025","No",NA,NA,NA,"Jackson BT 195 Monk Trawl"
"HAD","2016 Jackson BT 195 Monk Trawl data","Gear","2016","No","49.7521445626281","0.564159385304457","0.292493781261578","Jackson BT 195 Monk Trawl"
"HAD","2017 Jackson BT 195 Monk Trawl data","Gear","2017","No","56.5205088482422","0.363432859459504","-0.158746085732628","Jackson BT 195 Monk Trawl"
"HAD","2018 Jackson BT 195 Monk Trawl data","Gear","2018","No","57.1526012226168","0.284368004274242","-0.604441762452277","Jackson BT 195 Monk Trawl"
"HAD","2019 Jackson BT 195 Monk Trawl data","Gear","2019","No","53.2775087664319","0.320809292466417","-0.654570146851155","Jackson BT 195 Monk Trawl"
"HAD","2020 Jackson BT 195 Monk Trawl data","Gear","2020","No","49.7420446817308","0.551983478535696","0.231269534232709","Jackson BT 195 Monk Trawl"
"HAD","2021 Jackson BT 195 Monk Trawl data","Gear","2021","No","48.8808400703539","0.444405065450562","-0.0542761587160063","Jackson BT 195 Monk Trawl"
"HAD","2022 Jackson BT 195 Monk Trawl data","Gear","2022","No","54.013624487627","0.377785042881667","-0.175895316438918","Jackson BT 195 Monk Trawl"
"HAD","2023 Jackson BT 195 Monk Trawl data","Gear","2023","No","55.4324172949795","0.337273694259435","-0.254603551276528","Jackson BT 195 Monk Trawl"
"HAD","2024 Jackson BT 195 Monk Trawl data","Gear","2024","No","61.6559197681893","0.261180463578367","-0.484037609947876","Jackson BT 195 Monk Trawl"
"HAD","2025 Jackson BT 195 Monk Trawl data","Gear","2025","No","62.8811372526008","0.188913786750484","-1.10822611940272","Jackson BT 195 Monk Trawl"
"MEG","2016 Jackson BT 195 Monk Trawl data","Gear","2016","No","67.2982775569955","0.0685079028354364","-3.74234326719798","Jackson BT 195 Monk Trawl"
"MEG","2017 Jackson BT 195 Monk Trawl data","Gear","2017","No","58.1035772120473","0.0875307771784997","-3.38009005686471","Jackson BT 195 Monk Trawl"
"MEG","2018 Jackson BT 195 Monk Trawl data","Gear","2018","No","56.8045190234","0.0908928327319148","-3.60401222928077","Jackson BT 195 Monk Trawl"
"MEG","2019 Jackson BT 195 Monk Trawl data","Gear","2019","No","52.9545117009364","0.112118031851912","-2.40591198823538","Jackson BT 195 Monk Trawl"
"MEG","2020 Jackson BT 195 Monk Trawl data","Gear","2020","No","54.1699801398971","0.100937318748392","-3.14927815462399","Jackson BT 195 Monk Trawl"
"MEG","2021 Jackson BT 195 Monk Trawl data","Gear","2021","No","53.259905195815","0.116754454027225","-1.89426053186801","Jackson BT 195 Monk Trawl"
"MEG","2022 Jackson BT 195 Monk Trawl data","Gear","2022","No","49.4471286159951","0.142163627840474","-1.1565404311789","Jackson BT 195 Monk Trawl"
"MEG","2023 Jackson BT 195 Monk Trawl data","Gear","2023","No","53.388353632675","0.114498825204086","-1.91078408864906","Jackson BT 195 Monk Trawl"
"MEG","2024 Jackson BT 195 Monk Trawl data","Gear","2024","No","61.1341964983155","0.0928805852261163","-0.988801728160633","Jackson BT 195 Monk Trawl"
"MEG","2025 Jackson BT 195 Monk Trawl data","Gear","2025","No","55.8203709781296","0.121561130798262","-0.509680487414575","Jackson BT 195 Monk Trawl"
"PLE","2016 Jackson BT 195 Monk Trawl data","Gear","2016","No","37.3623477662348","0.155649495869412","-4.78568210923677","Jackson BT 195 Monk Trawl"
"PLE","2017 Jackson BT 195 Monk Trawl data","Gear","2017","No",NA,NA,NA,"Jackson BT 195 Monk Trawl"
"PLE","2018 Jackson BT 195 Monk Trawl data","Gear","2018","No","38.7119133892807","0.116687124105401","-5.4173983255278","Jackson BT 195 Monk Trawl"
"PLE","2019 Jackson BT 195 Monk Trawl data","Gear","2019","No",NA,NA,NA,"Jackson BT 195 Monk Trawl"
"PLE","2020 Jackson BT 195 Monk Trawl data","Gear","2020","No","34.5245249558921","0.254899608240454","-1.77200681249317","Jackson BT 195 Monk Trawl"
"PLE","2021 Jackson BT 195 Monk Trawl data","Gear","2021","No","46.9233166894933","0.088524051655983","-5.38503410666177","Jackson BT 195 Monk Trawl"
"PLE","2022 Jackson BT 195 Monk Trawl data","Gear","2022","No",NA,NA,NA,"Jackson BT 195 Monk Trawl"
"PLE","2023 Jackson BT 195 Monk Trawl data","Gear","2023","No",NA,NA,NA,"Jackson BT 195 Monk Trawl"
"PLE","2024 Jackson BT 195 Monk Trawl data","Gear","2024","No","48.981343395781","0.0889602929119362","-4.1251324807309","Jackson BT 195 Monk Trawl"
"PLE","2025 Jackson BT 195 Monk Trawl data","Gear","2025","No",NA,NA,NA,"Jackson BT 195 Monk Trawl"
"POK","2016 Jackson BT 195 Monk Trawl data","Gear","2016","No","113.332112071807","0.150671023132389","-0.191714074493778","Jackson BT 195 Monk Trawl"
"POK","2017 Jackson BT 195 Monk Trawl data","Gear","2017","No","205.511039622688","0.0470778830280687","-2.02262746199276","Jackson BT 195 Monk Trawl"
"POK","2018 Jackson BT 195 Monk Trawl data","Gear","2018","No","105.315600031078","0.121645409772776","-1.20488069400106","Jackson BT 195 Monk Trawl"
"POK","2019 Jackson BT 195 Monk Trawl data","Gear","2019","No","-46.9075999905882","-0.0639484016463969","-6.81558977947078","Jackson BT 195 Monk Trawl"
"POK","2020 Jackson BT 195 Monk Trawl data","Gear","2020","No",NA,NA,NA,"Jackson BT 195 Monk Trawl"
"POK","2021 Jackson BT 195 Monk Trawl data","Gear","2021","No",NA,NA,NA,"Jackson BT 195 Monk Trawl"
"POK","2022 Jackson BT 195 Monk Trawl data","Gear","2022","No",NA,NA,NA,"Jackson BT 195 Monk Trawl"
"POK","2023 Jackson BT 195 Monk Trawl data","Gear","2023","No",NA,NA,NA,"Jackson BT 195 Monk Trawl"
"POK","2024 Jackson BT 195 Monk Trawl data","Gear","2024","No",NA,NA,NA,"Jackson BT 195 Monk Trawl"
"POK","2025 Jackson BT 195 Monk Trawl data","Gear","2025","No",NA,NA,NA,"Jackson BT 195 Monk Trawl"
"POL","2016 Jackson BT 195 Monk Trawl data","Gear","2016","No",NA,NA,NA,"Jackson BT 195 Monk Trawl"
"POL","2017 Jackson BT 195 Monk Trawl data","Gear","2017","No",NA,NA,NA,"Jackson BT 195 Monk Trawl"
"POL","2018 Jackson BT 195 Monk Trawl data","Gear","2018","No","74.8385871066996","0.246884060346452","-0.61399671784141","Jackson BT 195 Monk Trawl"
"POL","2019 Jackson BT 195 Monk Trawl data","Gear","2019","No","96.4414791199591","0.151579815705123","-1.05403807959553","Jackson BT 195 Monk Trawl"
"POL","2020 Jackson BT 195 Monk Trawl data","Gear","2020","No","69.5066653097152","0.37066913524061","0.660008690515843","Jackson BT 195 Monk Trawl"
"POL","2021 Jackson BT 195 Monk Trawl data","Gear","2021","No","74.1737995563212","0.361174013629746","1.18582854485877","Jackson BT 195 Monk Trawl"
"POL","2022 Jackson BT 195 Monk Trawl data","Gear","2022","No",NA,NA,NA,"Jackson BT 195 Monk Trawl"
"POL","2023 Jackson BT 195 Monk Trawl data","Gear","2023","No",NA,NA,NA,"Jackson BT 195 Monk Trawl"
"POL","2024 Jackson BT 195 Monk Trawl data","Gear","2024","No",NA,NA,NA,"Jackson BT 195 Monk Trawl"
"POL","2025 Jackson BT 195 Monk Trawl data","Gear","2025","No",NA,NA,NA,"Jackson BT 195 Monk Trawl"
"SOL","2016 Jackson BT 195 Monk Trawl data","Gear","2016","No",NA,NA,NA,"Jackson BT 195 Monk Trawl"
"SOL","2017 Jackson BT 195 Monk Trawl data","Gear","2017","No",NA,NA,NA,"Jackson BT 195 Monk Trawl"
"SOL","2018 Jackson BT 195 Monk Trawl data","Gear","2018","No",NA,NA,NA,"Jackson BT 195 Monk Trawl"
"SOL","2019 Jackson BT 195 Monk Trawl data","Gear","2019","No",NA,NA,NA,"Jackson BT 195 Monk Trawl"
"SOL","2020 Jackson BT 195 Monk Trawl data","Gear","2020","No",NA,NA,NA,"Jackson BT 195 Monk Trawl"
"SOL","2021 Jackson BT 195 Monk Trawl data","Gear","2021","No",NA,NA,NA,"Jackson BT 195 Monk Trawl"
"SOL","2022 Jackson BT 195 Monk Trawl data","Gear","2022","No","36.8223279886565","0.635681245292272","0.685280664317136","Jackson BT 195 Monk Trawl"
"SOL","2023 Jackson BT 195 Monk Trawl data","Gear","2023","No",NA,NA,NA,"Jackson BT 195 Monk Trawl"
"SOL","2024 Jackson BT 195 Monk Trawl data","Gear","2024","No",NA,NA,NA,"Jackson BT 195 Monk Trawl"
"SOL","2025 Jackson BT 195 Monk Trawl data","Gear","2025","No",NA,NA,NA,"Jackson BT 195 Monk Trawl"
"WHG","2016 Jackson BT 195 Monk Trawl data","Gear","2016","No","46.3347038179132","0.525547668368345","-0.0462751283086124","Jackson BT 195 Monk Trawl"
"WHG","2017 Jackson BT 195 Monk Trawl data","Gear","2017","No","48.8062403478491","0.381102502361504","-0.426731599501833","Jackson BT 195 Monk Trawl"
"WHG","2018 Jackson BT 195 Monk Trawl data","Gear","2018","No","72.0084592777438","0.145275907547096","-1.30542827055838","Jackson BT 195 Monk Trawl"
"WHG","2019 Jackson BT 195 Monk Trawl data","Gear","2019","No","48.2796753716283","0.235379791033479","-1.97571423912401","Jackson BT 195 Monk Trawl"
"WHG","2020 Jackson BT 195 Monk Trawl data","Gear","2020","No","53.0121697410607","0.237895269454425","-1.54991825586829","Jackson BT 195 Monk Trawl"
"WHG","2021 Jackson BT 195 Monk Trawl data","Gear","2021","No","50.9094056033965","0.291936450582763","-0.721097586572889","Jackson BT 195 Monk Trawl"
"WHG","2022 Jackson BT 195 Monk Trawl data","Gear","2022","No","50.6544260427925","0.318947767405632","-0.688729612972451","Jackson BT 195 Monk Trawl"
"WHG","2023 Jackson BT 195 Monk Trawl data","Gear","2023","No","52.0827588381751","0.226689125396547","-1.47600578805566","Jackson BT 195 Monk Trawl"
"WHG","2024 Jackson BT 195 Monk Trawl data","Gear","2024","No","49.3416831480493","0.234052020429351","-1.28245949157924","Jackson BT 195 Monk Trawl"
"WHG","2025 Jackson BT 195 Monk Trawl data","Gear","2025","No","45.5820167085098","0.265672963235263","-1.65572637128265","Jackson BT 195 Monk Trawl"
"COD","2016 VIa data","Division","2016","No",NA,NA,NA,"VIa"
"COD","2017 VIa data","Division","2017","No","221.038000305586","0.0812143653009821","-0.763009481738802","VIa"
"COD","2018 VIa data","Division","2018","No",NA,NA,NA,"VIa"
"COD","2019 VIa data","Division","2019","No","133.586098615709","0.148993692025175","-0.730106242561583","VIa"
"COD","2020 VIa data","Division","2020","No",NA,NA,NA,"VIa"
"COD","2021 VIa data","Division","2021","No","188.424303930474","0.103956921081085","-0.609475243707358","VIa"
"COD","2022 VIa data","Division","2022","No","265.379699248123","0.0638872674512504","-0.822390504090585","VIa"
"COD","2023 VIa data","Division","2023","No","125.211091105358","0.198273155229054","-0.124332431512156","VIa"
"COD","2024 VIa data","Division","2024","No",NA,NA,NA,"VIa"
"COD","2025 VIa data","Division","2025","No",NA,NA,NA,"VIa"
"COD","2017 VIIb data","Division","2017","No",NA,NA,NA,"VIIb"
"COD","2022 VIIb data","Division","2022","No",NA,NA,NA,"VIIb"
"COD","2023 VIIb data","Division","2023","No",NA,NA,NA,"VIIb"
"COD","2021 VIIc data","Division","2021","No",NA,NA,NA,"VIIc"
"COD","2023 VIIc data","Division","2023","No",NA,NA,NA,"VIIc"
"COD","2024 VIIc data","Division","2024","No",NA,NA,NA,"VIIc"
"COD","2016 VIIg data","Division","2016","No",NA,NA,NA,"VIIg"
"COD","2018 VIIg data","Division","2018","No","502.04748754766","0.0293454541051053","-2.04728181363377","VIIg"
"COD","2019 VIIg data","Division","2019","No",NA,NA,NA,"VIIg"
"COD","2020 VIIg data","Division","2020","No",NA,NA,NA,"VIIg"
"COD","2021 VIIg data","Division","2021","No",NA,NA,NA,"VIIg"
"COD","2022 VIIg data","Division","2022","No","98.7133706609664","0.478221574114999","0.352954466060985","VIIg"
"COD","2023 VIIg data","Division","2023","No",NA,NA,NA,"VIIg"
"COD","2025 VIIg data","Division","2025","No",NA,NA,NA,"VIIg"
"COD","2016 VIIh data","Division","2016","No",NA,NA,NA,"VIIh"
"COD","2019 VIIh data","Division","2019","No",NA,NA,NA,"VIIh"
"COD","2022 VIIh data","Division","2022","No",NA,NA,NA,"VIIh"
"COD","2023 VIIh data","Division","2023","No",NA,NA,NA,"VIIh"
"COD","2016 VIIj data","Division","2016","No",NA,NA,NA,"VIIj"
"COD","2017 VIIj data","Division","2017","No",NA,NA,NA,"VIIj"
"COD","2019 VIIj data","Division","2019","No",NA,NA,NA,"VIIj"
"COD","2020 VIIj data","Division","2020","No",NA,NA,NA,"VIIj"
"COD","2021 VIIj data","Division","2021","No",NA,NA,NA,"VIIj"
"COD","2022 VIIj data","Division","2022","No",NA,NA,NA,"VIIj"
"COD","2023 VIIj data","Division","2023","No",NA,NA,NA,"VIIj"
"HAD","2016 VIa data","Division","2016","No","47.9686046237693","0.44278570744303","-0.022710350955813","VIa"
"HAD","2017 VIa data","Division","2017","No","52.1568905137986","0.267160821625553","-0.646507613282017","VIa"
"HAD","2018 VIa data","Division","2018","No","48.1646739256763","0.333085043014799","-0.385354564905238","VIa"
"HAD","2019 VIa data","Division","2019","No","65.4381097089967","0.120788252939059","-2.21401572378824","VIa"
"HAD","2020 VIa data","Division","2020","No",NA,NA,NA,"VIa"
"HAD","2021 VIa data","Division","2021","No","45.5327107717159","0.347841967763401","-0.52880194853897","VIa"
"HAD","2022 VIa data","Division","2022","No","44.5659665794422","0.364722424933877","-0.60378587279457","VIa"
"HAD","2023 VIa data","Division","2023","No","50.7135901662217","0.226332690848797","-1.1293937957154","VIa"
"HAD","2024 VIa data","Division","2024","No","62.1943072121426","0.148114916192377","-1.45608495507734","VIa"
"HAD","2025 VIa data","Division","2025","No","56.6812910943516","0.169055748369572","-1.49505659739222","VIa"
"HAD","2016 VIIb data","Division","2016","No","48.1407488397311","0.396013027413656","-0.286157754939008","VIIb"
"HAD","2017 VIIb data","Division","2017","No","51.4479181790132","0.320520820876714","-0.345334170987759","VIIb"
"HAD","2018 VIIb data","Division","2018","No","62.0467926111669","0.175380981437206","-1.41582761771169","VIIb"
"HAD","2019 VIIb data","Division","2019","No","52.3402346805821","0.267511002467622","-1.12437081109399","VIIb"
"HAD","2020 VIIb data","Division","2020","No","46.1852048183452","0.569680548807693","0.253054538560638","VIIb"
"HAD","2021 VIIb data","Division","2021","No","48.7870731408106","0.323237114170767","-0.408584271413103","VIIb"
"HAD","2022 VIIb data","Division","2022","No","77.1263915706381","0.150993541696978","-0.77686020754352","VIIb"
"HAD","2023 VIIb data","Division","2023","No","67.4323980699028","0.178605473094686","-0.924118921111153","VIIb"
"HAD","2024 VIIb data","Division","2024","No","47.2472905241967","0.752298237111893","1.5128712442375","VIIb"
"HAD","2025 VIIb data","Division","2025","No","63.0753472332708","0.177373413742288","-1.12047686118942","VIIb"
"HAD","2017 VIIc data","Division","2017","No",NA,NA,NA,"VIIc"
"HAD","2018 VIIc data","Division","2018","No",NA,NA,NA,"VIIc"
"HAD","2019 VIIc data","Division","2019","No",NA,NA,NA,"VIIc"
"HAD","2020 VIIc data","Division","2020","No","62.9314393224443","0.607230840215993","0.812078941825503","VIIc"
"HAD","2021 VIIc data","Division","2021","No","90.5928789084361","0.196428939231662","-0.381898889107418","VIIc"
"HAD","2022 VIIc data","Division","2022","No","99.0357273252669","0.169249890984427","-0.681539914946771","VIIc"
"HAD","2023 VIIc data","Division","2023","No",NA,NA,NA,"VIIc"
"HAD","2024 VIIc data","Division","2024","No","66.8562298016318","0.363736951973156","0.387686211837708","VIIc"
"HAD","2025 VIIc data","Division","2025","No","70.5077319959063","0.260693943378508","-0.78080138401947","VIIc"
"HAD","2016 VIIg data","Division","2016","No","71.1088232729633","0.323448676076029","0.00882306114313953","VIIg"
"HAD","2017 VIIg data","Division","2017","No",NA,NA,NA,"VIIg"
"HAD","2018 VIIg data","Division","2018","No","81.6405576647051","0.230248840727748","-0.263267153390844","VIIg"
"HAD","2019 VIIg data","Division","2019","No","99.0375829271028","0.162994968379458","-0.384609087763404","VIIg"
"HAD","2020 VIIg data","Division","2020","No","74.0615082612313","0.287822441505931","0.011728337070179","VIIg"
"HAD","2021 VIIg data","Division","2021","No","96.7594351105771","0.196339850243244","0.206229868110726","VIIg"
"HAD","2022 VIIg data","Division","2022","No","74.2648681192988","0.243767466108478","-0.270295284548627","VIIg"
"HAD","2023 VIIg data","Division","2023","No","-29.2242421495408","-0.12044492085785","-4.00287748741295","VIIg"
"HAD","2024 VIIg data","Division","2024","No","103.554840543284","0.141258829741026","-0.270259360183478","VIIg"
"HAD","2025 VIIg data","Division","2025","No","62.9117630621124","0.319996453763554","-0.190740143942136","VIIg"
"HAD","2016 VIIh data","Division","2016","No","82.2736246290032","0.290917985179057","-0.00548222897478997","VIIh"
"HAD","2017 VIIh data","Division","2017","No","84.3728339274362","0.221496094849777","-0.290701863845774","VIIh"
"HAD","2018 VIIh data","Division","2018","No","161.607784301371","0.0828486232113733","-0.77021730594469","VIIh"
"HAD","2019 VIIh data","Division","2019","No","75.7941477003626","0.365102665352354","0.132274182722769","VIIh"
"HAD","2020 VIIh data","Division","2020","No","80.236977040892","0.289093813896635","-0.0336643444531305","VIIh"
"HAD","2021 VIIh data","Division","2021","No","87.537128903428","0.219771358925207","-0.246206495388386","VIIh"
"HAD","2022 VIIh data","Division","2022","No","74.6652413352412","0.350620371035002","-0.0505111334168537","VIIh"
"HAD","2023 VIIh data","Division","2023","No","73.5474613433441","0.381491619940114","0.0986503818952156","VIIh"
"HAD","2024 VIIh data","Division","2024","No","89.6994176920916","0.208190794315794","-0.454160933789269","VIIh"
"HAD","2025 VIIh data","Division","2025","No","66.2167193429598","0.458632735152839","0.213660575475074","VIIh"
"HAD","2016 VIIj data","Division","2016","No","68.3776041625508","0.342943392930205","0.127283642423423","VIIj"
"HAD","2017 VIIj data","Division","2017","No","72.5488529229409","0.281380331296224","-0.15844559327309","VIIj"
"HAD","2018 VIIj data","Division","2018","No","75.0216753118033","0.244056466388278","-0.29730376471191","VIIj"
"HAD","2019 VIIj data","Division","2019","No","75.2692762984354","0.255540544221959","-0.262140747511336","VIIj"
"HAD","2020 VIIj data","Division","2020","No","67.9093798196606","0.343879229974586","0.19458712132052","VIIj"
"HAD","2021 VIIj data","Division","2021","No","90.3003924521879","0.155362111583153","-0.537230032511608","VIIj"
"HAD","2022 VIIj data","Division","2022","No","89.4702632987397","0.150180526512612","-0.614957517131484","VIIj"
"HAD","2023 VIIj data","Division","2023","No","88.2836110738625","0.162906899824186","-0.633663771487106","VIIj"
"HAD","2024 VIIj data","Division","2024","No","63.8376706585717","0.322941118309767","-0.215983750296879","VIIj"
"HAD","2025 VIIj data","Division","2025","No","66.6669785569915","0.227156630164139","-0.653885324451921","VIIj"
"MEG","2016 VIa data","Division","2016","No","76.2679956101043","0.0462233946089465","-6.45266925299483","VIa"
"MEG","2017 VIa data","Division","2017","No","79.2233450989982","0.0365837515728222","-8.98061798984779","VIa"
"MEG","2018 VIa data","Division","2018","No","55.39862351824","0.101099361843283","-3.21406204437084","VIa"
"MEG","2019 VIa data","Division","2019","No","54.4000873502893","0.104339305119322","-2.66752642060704","VIa"
"MEG","2020 VIa data","Division","2020","No","70.131908230204","0.0453966783064767","-7.73790517155531","VIa"
"MEG","2021 VIa data","Division","2021","No","71.2592581786461","0.0443449023406588","-8.32857949368029","VIa"
"MEG","2022 VIa data","Division","2022","No","54.6404690834899","0.0952890620489377","-3.81969859680674","VIa"
"MEG","2023 VIa data","Division","2023","No","52.3507316400879","0.122537423617387","-2.2690169549451","VIa"
"MEG","2024 VIa data","Division","2024","No","52.335503432811","0.147352868734015","0.301212160266122","VIa"
"MEG","2025 VIa data","Division","2025","No","52.2863215455793","0.142088738995949","-0.185030360594239","VIa"
"MEG","2016 VIIb data","Division","2016","No","69.6030317926125","0.0663476696583904","-3.64048829348787","VIIb"
"MEG","2017 VIIb data","Division","2017","No","56.2680010772359","0.10209171323581","-1.83018853281361","VIIb"
"MEG","2018 VIIb data","Division","2018","No","89.7470624740344","0.0435535859617018","-3.67203535310261","VIIb"
"MEG","2019 VIIb data","Division","2019","No","48.6372733462248","0.156392312930917","-0.733596793511276","VIIb"
"MEG","2020 VIIb data","Division","2020","No","57.4331707384876","0.104986982541905","-1.69078070562662","VIIb"
"MEG","2021 VIIb data","Division","2021","No","50.1635334675006","0.134436803511309","-1.22397597179978","VIIb"
"MEG","2022 VIIb data","Division","2022","No","42.7491676543545","0.222784771636403","-0.277047261043049","VIIb"
"MEG","2023 VIIb data","Division","2023","No","47.8077055803774","0.160557446108594","-1.04734062825393","VIIb"
"MEG","2024 VIIb data","Division","2024","No","60.8398982000142","0.0908731798799797","-1.53793343047784","VIIb"
"MEG","2025 VIIb data","Division","2025","No","54.2471116543822","0.1354694391152","-0.284785390209092","VIIb"
"MEG","2016 VIIc data","Division","2016","No","79.1729034416415","0.0583438502907696","-2.41176327014279","VIIc"
"MEG","2017 VIIc data","Division","2017","No","87.8738108482145","0.0412839158159604","-3.78074646460099","VIIc"
"MEG","2018 VIIc data","Division","2018","No","55.824362991561","0.0997615162937798","-2.07077784689297","VIIc"
"MEG","2019 VIIc data","Division","2019","No","68.5900431572009","0.0525622799205752","-4.43316048661669","VIIc"
"MEG","2020 VIIc data","Division","2020","No","52.6814009419512","0.127953819355455","-1.08554558532068","VIIc"
"MEG","2021 VIIc data","Division","2021","No","64.8855300321915","0.0654590110698778","-3.15221544934561","VIIc"
"MEG","2022 VIIc data","Division","2022","No","63.5654264421164","0.0713229546764066","-2.70261013892256","VIIc"
"MEG","2023 VIIc data","Division","2023","No","55.2932594508124","0.0971053015251126","-2.61378914844954","VIIc"
"MEG","2024 VIIc data","Division","2024","No","58.7613756997166","0.108069613878107","-0.200450982753531","VIIc"
"MEG","2025 VIIc data","Division","2025","No","59.604389102662","0.10552811328721","-0.388997244695352","VIIc"
"MEG","2016 VIIg data","Division","2016","No",NA,NA,NA,"VIIg"
"MEG","2017 VIIg data","Division","2017","No","98.1279794333223","0.0245716563083533","-11.1309171798648","VIIg"
"MEG","2018 VIIg data","Division","2018","No","42.9253037854673","0.329910430256188","-0.223787856196578","VIIg"
"MEG","2019 VIIg data","Division","2019","No","44.6062317264513","0.24406864932278","-1.12828762997971","VIIg"
"MEG","2020 VIIg data","Division","2020","No","41.0951961801807","0.444902789314228","0.677013814891455","VIIg"
"MEG","2021 VIIg data","Division","2021","No","61.8551092099423","0.0894712113038812","-2.50713680345392","VIIg"
"MEG","2022 VIIg data","Division","2022","No","47.1267767911032","0.174273543743535","-1.77874660131194","VIIg"
"MEG","2023 VIIg data","Division","2023","No","51.930614223627","0.106925340042544","-3.4314216531973","VIIg"
"MEG","2024 VIIg data","Division","2024","No","54.2382225488506","0.111420720544434","-1.78637379144501","VIIg"
"MEG","2025 VIIg data","Division","2025","No","59.0681069201294","0.102739953775562","-1.78162371592426","VIIg"
"MEG","2016 VIIh data","Division","2016","No","82.6057968835812","0.0511016880658999","-3.5064822317112","VIIh"
"MEG","2017 VIIh data","Division","2017","No","67.3758702423642","0.0567267856086477","-6.2889218816266","VIIh"
"MEG","2018 VIIh data","Division","2018","No","66.0268973906588","0.0579001935270915","-6.01391736109443","VIIh"
"MEG","2019 VIIh data","Division","2019","No","55.9223185497155","0.110952364030439","-2.84294099187787","VIIh"
"MEG","2020 VIIh data","Division","2020","No","58.7341852056597","0.0804732767429104","-4.50015568980272","VIIh"
"MEG","2021 VIIh data","Division","2021","No","737.484534099517","0.00259274081140185","-10.5004117788592","VIIh"
"MEG","2022 VIIh data","Division","2022","No",NA,NA,NA,"VIIh"
"MEG","2023 VIIh data","Division","2023","No","53.9465596398258","0.108965937447215","-2.67451427204284","VIIh"
"MEG","2024 VIIh data","Division","2024","No","73.4791394303272","0.0547378877071334","-3.57436022233967","VIIh"
"MEG","2025 VIIh data","Division","2025","No",NA,NA,NA,"VIIh"
"MEG","2016 VIIj data","Division","2016","No","64.9932146056389","0.0788242847758292","-2.91943906643261","VIIj"
"MEG","2017 VIIj data","Division","2017","No","54.5174295267102","0.113792613583538","-2.07715675663258","VIIj"
"MEG","2018 VIIj data","Division","2018","No","52.3123857182025","0.11414280453612","-3.07465101900813","VIIj"
"MEG","2019 VIIj data","Division","2019","No","52.8512505879813","0.136210420707207","-1.26542289771706","VIIj"
"MEG","2020 VIIj data","Division","2020","No","50.372529935375","0.127188277706302","-2.40989927449016","VIIj"
"MEG","2021 VIIj data","Division","2021","No","55.6160246341525","0.115403853014834","-1.4004773523268","VIIj"
"MEG","2022 VIIj data","Division","2022","No","57.5310538835204","0.0976567524644448","-1.74337965213819","VIIj"
"MEG","2023 VIIj data","Division","2023","No","60.3535742203734","0.0795508793883297","-2.71897439915361","VIIj"
"MEG","2024 VIIj data","Division","2024","No","74.5874443572286","0.0624633325453659","-1.54429634225677","VIIj"
"MEG","2025 VIIj data","Division","2025","No","55.6186286771613","0.122597037845008","-0.489364101548047","VIIj"
"MEG","2016 VIIk data","Division","2016","No","194.28312989614","0.0135426969217835","-6.80042012390921","VIIk"
"MEG","2017 VIIk data","Division","2017","No",NA,NA,NA,"VIIk"
"MEG","2018 VIIk data","Division","2018","No","63.3078043866306","0.0733116718906055","-3.92662457333401","VIIk"
"MEG","2019 VIIk data","Division","2019","No","43.3388390084907","0.266039929760071","0.13647322641526","VIIk"
"MEG","2020 VIIk data","Division","2020","No",NA,NA,NA,"VIIk"
"MEG","2021 VIIk data","Division","2021","No",NA,NA,NA,"VIIk"
"MEG","2022 VIIk data","Division","2022","No",NA,NA,NA,"VIIk"
"MEG","2023 VIIk data","Division","2023","No","51.9205840252397","0.11643785420811","-1.96106314786604","VIIk"
"MEG","2024 VIIk data","Division","2024","No",NA,NA,NA,"VIIk"
"MEG","2025 VIIk data","Division","2025","No",NA,NA,NA,"VIIk"
"PLE","2016 VIa data","Division","2016","No","62.4267448917799","0.0326919350200354","-13.5472238513948","VIa"
"PLE","2017 VIa data","Division","2017","No",NA,NA,NA,"VIa"
"PLE","2018 VIa data","Division","2018","No","38.9705111017296","0.0965329219420446","-6.84020315388994","VIa"
"PLE","2019 VIa data","Division","2019","No",NA,NA,NA,"VIa"
"PLE","2020 VIa data","Division","2020","No","33.5999365775244","0.259130260176006","-1.65168051314674","VIa"
"PLE","2021 VIa data","Division","2021","No",NA,NA,NA,"VIa"
"PLE","2022 VIa data","Division","2022","No","32.8572818639937","0.136929221633404","-7.07266001843132","VIa"
"PLE","2023 VIa data","Division","2023","No",NA,NA,NA,"VIa"
"PLE","2024 VIa data","Division","2024","No",NA,NA,NA,"VIa"
"PLE","2025 VIa data","Division","2025","No","30.4724697678427","0.304848423069633","-1.35535220160082","VIa"
"PLE","2016 VIIb data","Division","2016","No","40.9938875402801","0.199706566661617","-1.78171196209859","VIIb"
"PLE","2017 VIIb data","Division","2017","No",NA,NA,NA,"VIIb"
"PLE","2018 VIIb data","Division","2018","No",NA,NA,NA,"VIIb"
"PLE","2019 VIIb data","Division","2019","No",NA,NA,NA,"VIIb"
"PLE","2020 VIIb data","Division","2020","No",NA,NA,NA,"VIIb"
"PLE","2021 VIIb data","Division","2021","No","37.2609393538758","0.198771151980846","-2.6481415012324","VIIb"
"PLE","2022 VIIb data","Division","2022","No","28.8428524022678","0.596522699936677","-0.257790949973876","VIIb"
"PLE","2023 VIIb data","Division","2023","No","38.3675562416433","0.14307228198393","-4.65057725640671","VIIb"
"PLE","2024 VIIb data","Division","2024","No","76.3145019992713","0.0377793695806248","-6.94841335011055","VIIb"
"PLE","2025 VIIb data","Division","2025","No",NA,NA,NA,"VIIb"
"PLE","2016 VIIg data","Division","2016","No",NA,NA,NA,"VIIg"
"PLE","2018 VIIg data","Division","2018","No","48.96085044195","0.184056781798774","-1.38647093246354","VIIg"
"PLE","2019 VIIg data","Division","2019","No","101.817623890084","0.0305510090036333","-6.43213706484566","VIIg"
"PLE","2020 VIIg data","Division","2020","No",NA,NA,NA,"VIIg"
"PLE","2021 VIIg data","Division","2021","No","49.7683480419268","0.248330292217984","0.693895684422945","VIIg"
"PLE","2022 VIIg data","Division","2022","No","48.631098651418","0.141720618061679","-2.75768722454599","VIIg"
"PLE","2023 VIIg data","Division","2023","No","85.3708794544122","0.0548055868779797","-4.01881504102638","VIIg"
"PLE","2024 VIIg data","Division","2024","No",NA,NA,NA,"VIIg"
"PLE","2025 VIIg data","Division","2025","No",NA,NA,NA,"VIIg"
"PLE","2016 VIIj data","Division","2016","No",NA,NA,NA,"VIIj"
"PLE","2017 VIIj data","Division","2017","No","45.826630148585","0.145056815766698","-3.52127575780466","VIIj"
"PLE","2018 VIIj data","Division","2018","No","36.3006591531335","0.272317947952645","-1.58321336623089","VIIj"
"PLE","2019 VIIj data","Division","2019","No",NA,NA,NA,"VIIj"
"PLE","2020 VIIj data","Division","2020","No","71.7680615691156","0.0722410192006642","-3.08304010809821","VIIj"
"PLE","2021 VIIj data","Division","2021","No","30.5193825824542","0.569168976682233","-0.324096683954763","VIIj"
"PLE","2022 VIIj data","Division","2022","No",NA,NA,NA,"VIIj"
"PLE","2023 VIIj data","Division","2023","No",NA,NA,NA,"VIIj"
"PLE","2024 VIIj data","Division","2024","No",NA,NA,NA,"VIIj"
"PLE","2025 VIIj data","Division","2025","No","98.2393955060412","0.0290236864012777","-7.18795337304527","VIIj"
"POK","2016 VIa data","Division","2016","No","113.605878138519","0.150088903195327","-0.19357859867193","VIa"
"POK","2017 VIa data","Division","2017","No","96.956997380479","0.127921805051803","-1.67243726754558","VIa"
"POK","2018 VIa data","Division","2018","No","88.7457262542698","0.175590318811324","-0.664708184721329","VIa"
"POK","2019 VIa data","Division","2019","No","-89.2279730980746","-0.0477347945691616","-4.63524368715873","VIa"
"POK","2020 VIa data","Division","2020","No","49.8975967332903","0.759870643902518","0.191088681584408","VIa"
"POK","2021 VIa data","Division","2021","No",NA,NA,NA,"VIa"
"POK","2022 VIa data","Division","2022","No",NA,NA,NA,"VIa"
"POK","2023 VIa data","Division","2023","No",NA,NA,NA,"VIa"
"POK","2024 VIa data","Division","2024","No",NA,NA,NA,"VIa"
"POK","2025 VIa data","Division","2025","No","73.6054445364063","0.222822758897271","-1.18093605301552","VIa"
"POK","2016 VIIb data","Division","2016","No",NA,NA,NA,"VIIb"
"POK","2017 VIIb data","Division","2017","No",NA,NA,NA,"VIIb"
"POK","2019 VIIb data","Division","2019","No",NA,NA,NA,"VIIb"
"POK","2020 VIIb data","Division","2020","No",NA,NA,NA,"VIIb"
"POK","2024 VIIb data","Division","2024","No",NA,NA,NA,"VIIb"
"POK","2018 VIIc data","Division","2018","No",NA,NA,NA,"VIIc"
"POK","2019 VIIc data","Division","2019","No",NA,NA,NA,"VIIc"
"POK","2020 VIIc data","Division","2020","No",NA,NA,NA,"VIIc"
"POK","2021 VIIc data","Division","2021","No",NA,NA,NA,"VIIc"
"POK","2023 VIIc data","Division","2023","No",NA,NA,NA,"VIIc"
"POK","2024 VIIc data","Division","2024","No",NA,NA,NA,"VIIc"
"POK","2025 VIIc data","Division","2025","No",NA,NA,NA,"VIIc"
"POK","2020 VIIg data","Division","2020","No",NA,NA,NA,"VIIg"
"POK","2023 VIIg data","Division","2023","No",NA,NA,NA,"VIIg"
"POK","2017 VIIj data","Division","2017","No","96.6311704795561","0.379080701205792","1.61352389211277","VIIj"
"POK","2019 VIIj data","Division","2019","No",NA,NA,NA,"VIIj"
"POK","2020 VIIj data","Division","2020","No",NA,NA,NA,"VIIj"
"POK","2021 VIIj data","Division","2021","No",NA,NA,NA,"VIIj"
"POK","2022 VIIj data","Division","2022","No",NA,NA,NA,"VIIj"
"POK","2024 VIIj data","Division","2024","No",NA,NA,NA,"VIIj"
"POK","2017 VIIk data","Division","2017","No",NA,NA,NA,"VIIk"
"POL","2016 VIa data","Division","2016","No",NA,NA,NA,"VIa"
"POL","2017 VIa data","Division","2017","No",NA,NA,NA,"VIa"
"POL","2018 VIa data","Division","2018","No","82.9379501142915","0.184032713484737","-1.14760191421038","VIa"
"POL","2019 VIa data","Division","2019","No","75.5887627653039","0.329133206571943","0.361388723544299","VIa"
"POL","2020 VIa data","Division","2020","No",NA,NA,NA,"VIa"
"POL","2021 VIa data","Division","2021","No","78.2293604920228","0.309186010138349","1.02538007944903","VIa"
"POL","2022 VIa data","Division","2022","No",NA,NA,NA,"VIa"
"POL","2023 VIa data","Division","2023","No",NA,NA,NA,"VIa"
"POL","2024 VIa data","Division","2024","No",NA,NA,NA,"VIa"
"POL","2025 VIa data","Division","2025","No",NA,NA,NA,"VIa"
"POL","2017 VIIb data","Division","2017","No",NA,NA,NA,"VIIb"
"POL","2018 VIIb data","Division","2018","No","59.6609195402299","0.995428052432878","2.40224545176529","VIIb"
"POL","2020 VIIb data","Division","2020","No","71.9277364980993","0.273471184752513","-0.138679334675226","VIIb"
"POL","2021 VIIb data","Division","2021","No",NA,NA,NA,"VIIb"
"POL","2022 VIIb data","Division","2022","No",NA,NA,NA,"VIIb"
"POL","2023 VIIc data","Division","2023","No",NA,NA,NA,"VIIc"
"POL","2018 VIIg data","Division","2018","No",NA,NA,NA,"VIIg"
"POL","2020 VIIg data","Division","2020","No",NA,NA,NA,"VIIg"
"POL","2021 VIIg data","Division","2021","No",NA,NA,NA,"VIIg"
"POL","2022 VIIg data","Division","2022","No",NA,NA,NA,"VIIg"
"POL","2023 VIIg data","Division","2023","No",NA,NA,NA,"VIIg"
"POL","2024 VIIg data","Division","2024","No",NA,NA,NA,"VIIg"
"POL","2017 VIIj data","Division","2017","No","126.612279221112","0.0790056121655593","-2.85053172454546","VIIj"
"POL","2018 VIIj data","Division","2018","No",NA,NA,NA,"VIIj"
"POL","2019 VIIj data","Division","2019","No","111.051616113381","0.10819082587985","-1.73744960252022","VIIj"
"POL","2020 VIIj data","Division","2020","No","66.7915188326856","0.613820078225527","1.90016653883582","VIIj"
"POL","2021 VIIj data","Division","2021","No",NA,NA,NA,"VIIj"
"POL","2022 VIIj data","Division","2022","No",NA,NA,NA,"VIIj"
"POL","2023 VIIj data","Division","2023","No",NA,NA,NA,"VIIj"
"SOL","2016 VIa data","Division","2016","No",NA,NA,NA,"VIa"
"SOL","2017 VIa data","Division","2017","No",NA,NA,NA,"VIa"
"SOL","2018 VIa data","Division","2018","No",NA,NA,NA,"VIa"
"SOL","2019 VIa data","Division","2019","No",NA,NA,NA,"VIa"
"SOL","2020 VIa data","Division","2020","No",NA,NA,NA,"VIa"
"SOL","2023 VIa data","Division","2023","No",NA,NA,NA,"VIa"
"SOL","2024 VIa data","Division","2024","No",NA,NA,NA,"VIa"
"SOL","2025 VIa data","Division","2025","No",NA,NA,NA,"VIa"
"SOL","2017 VIIb data","Division","2017","No",NA,NA,NA,"VIIb"
"SOL","2018 VIIb data","Division","2018","No",NA,NA,NA,"VIIb"
"SOL","2019 VIIb data","Division","2019","No",NA,NA,NA,"VIIb"
"SOL","2020 VIIb data","Division","2020","No",NA,NA,NA,"VIIb"
"SOL","2021 VIIb data","Division","2021","No",NA,NA,NA,"VIIb"
"SOL","2022 VIIb data","Division","2022","No",NA,NA,NA,"VIIb"
"SOL","2023 VIIb data","Division","2023","No",NA,NA,NA,"VIIb"
"SOL","2024 VIIb data","Division","2024","No",NA,NA,NA,"VIIb"
"SOL","2025 VIIb data","Division","2025","No",NA,NA,NA,"VIIb"
"SOL","2019 VIIg data","Division","2019","No",NA,NA,NA,"VIIg"
"SOL","2020 VIIg data","Division","2020","No",NA,NA,NA,"VIIg"
"SOL","2021 VIIg data","Division","2021","No",NA,NA,NA,"VIIg"
"SOL","2022 VIIg data","Division","2022","No","40.8349464410937","0.380433870918487","-0.23546052448122","VIIg"
"SOL","2023 VIIg data","Division","2023","No",NA,NA,NA,"VIIg"
"SOL","2024 VIIg data","Division","2024","No",NA,NA,NA,"VIIg"
"SOL","2025 VIIg data","Division","2025","No",NA,NA,NA,"VIIg"
"SOL","2017 VIIh data","Division","2017","No",NA,NA,NA,"VIIh"
"SOL","2021 VIIh data","Division","2021","No",NA,NA,NA,"VIIh"
"SOL","2022 VIIh data","Division","2022","No",NA,NA,NA,"VIIh"
"SOL","2017 VIIj data","Division","2017","No",NA,NA,NA,"VIIj"
"SOL","2018 VIIj data","Division","2018","No",NA,NA,NA,"VIIj"
"SOL","2021 VIIj data","Division","2021","No",NA,NA,NA,"VIIj"
"SOL","2022 VIIj data","Division","2022","No",NA,NA,NA,"VIIj"
"SOL","2023 VIIj data","Division","2023","No",NA,NA,NA,"VIIj"
"SOL","2024 VIIj data","Division","2024","No",NA,NA,NA,"VIIj"
"SOL","2025 VIIj data","Division","2025","No",NA,NA,NA,"VIIj"
"WHG","2016 VIa data","Division","2016","No","45.4399910915955","0.448938311819058","-0.350362534852471","VIa"
"WHG","2017 VIa data","Division","2017","No","43.9071306807947","0.439319588319087","-0.494512417739639","VIa"
"WHG","2018 VIa data","Division","2018","No",NA,NA,NA,"VIa"
"WHG","2019 VIa data","Division","2019","No","58.7322955465861","0.137534595881817","-2.76474969084958","VIa"
"WHG","2020 VIa data","Division","2020","No","54.7878821699286","0.199793141818556","-1.891497090703","VIa"
"WHG","2021 VIa data","Division","2021","No","52.1208698684832","0.255736272074538","-0.949705224938022","VIa"
"WHG","2022 VIa data","Division","2022","No","52.8930414602486","0.246059912017829","-1.12097988867527","VIa"
"WHG","2023 VIa data","Division","2023","No","56.0342232348536","0.172317897352437","-1.99088864882","VIa"
"WHG","2024 VIa data","Division","2024","No","48.9470605733105","0.223758852298983","-1.45112994553232","VIa"
"WHG","2025 VIa data","Division","2025","No","47.0690792697978","0.223440645354181","-2.02906143479612","VIa"
"WHG","2016 VIIb data","Division","2016","No","47.0468261370919","0.455007864200526","-0.611486923395453","VIIb"
"WHG","2017 VIIb data","Division","2017","No","38.0205633693475","0.707893499848422","0.0286561809282825","VIIb"
"WHG","2018 VIIb data","Division","2018","No","49.1037834770854","0.292278107151915","-0.970752494220668","VIIb"
"WHG","2019 VIIb data","Division","2019","No",NA,NA,NA,"VIIb"
"WHG","2020 VIIb data","Division","2020","No",NA,NA,NA,"VIIb"
"WHG","2021 VIIb data","Division","2021","No","53.1583085399797","0.293125228694393","-0.37496771597002","VIIb"
"WHG","2022 VIIb data","Division","2022","No",NA,NA,NA,"VIIb"
"WHG","2023 VIIb data","Division","2023","No","43.9803163491898","0.403641437773693","-0.52859998301415","VIIb"
"WHG","2024 VIIb data","Division","2024","No",NA,NA,NA,"VIIb"
"WHG","2025 VIIb data","Division","2025","No",NA,NA,NA,"VIIb"
"WHG","2016 VIIg data","Division","2016","No",NA,NA,NA,"VIIg"
"WHG","2017 VIIg data","Division","2017","No",NA,NA,NA,"VIIg"
"WHG","2018 VIIg data","Division","2018","No",NA,NA,NA,"VIIg"
"WHG","2019 VIIg data","Division","2019","No","49","0.336472236621212","-1.06004271710615","VIIg"
"WHG","2020 VIIg data","Division","2020","No","172.627200994728","0.0449482886714743","-2.3053551758239","VIIg"
"WHG","2021 VIIg data","Division","2021","No","48.8222854215716","0.58461433070412","0.701361239165996","VIIg"
"WHG","2022 VIIg data","Division","2022","No","56.1686382671284","0.492218941488326","0.651631809727394","VIIg"
"WHG","2023 VIIg data","Division","2023","No","-21.5563370244852","-0.10665131738887","-6.10697681362755","VIIg"
"WHG","2024 VIIg data","Division","2024","No","158.305012012924","0.0536180971315746","-1.45490431595018","VIIg"
"WHG","2025 VIIg data","Division","2025","No",NA,NA,NA,"VIIg"
"WHG","2016 VIIh data","Division","2016","No",NA,NA,NA,"VIIh"
"WHG","2020 VIIh data","Division","2020","No",NA,NA,NA,"VIIh"
"WHG","2016 VIIj data","Division","2016","No","69.3133214708146","0.25616803246809","-0.382077786861066","VIIj"
"WHG","2017 VIIj data","Division","2017","No","74.6809490493306","0.20951872110973","-0.545721527700792","VIIj"
"WHG","2018 VIIj data","Division","2018","No","87.5672589885469","0.147819042276753","-0.706070623541063","VIIj"
"WHG","2019 VIIj data","Division","2019","No","155.34670390147","0.0464884550570392","-2.78293722450464","VIIj"
"WHG","2020 VIIj data","Division","2020","No","67.10079535026","0.231474618661199","-0.749263642406933","VIIj"
"WHG","2021 VIIj data","Division","2021","No","94.4212078847435","0.110350049742034","-1.27149769309303","VIIj"
"WHG","2022 VIIj data","Division","2022","No","46.8645098040681","0.553992776676206","0.195198971286991","VIIj"
"WHG","2023 VIIj data","Division","2023","No",NA,NA,NA,"VIIj"
"WHG","2024 VIIj data","Division","2024","No",NA,NA,NA,"VIIj"
"WHG","2025 VIIj data","Division","2025","No","79.5196859085287","0.0988804922018919","-2.57145945225521","VIIj"
"COD","Cohort 2009","None","2009","Yes",NA,NA,NA,NA
"COD","Cohort 2012","None","2012","Yes",NA,NA,NA,NA
"COD","Cohort 2013","None","2013","Yes","-35.0088732072311","-0.0953258224198159","-7.89390749662738",NA
"COD","Cohort 2014","None","2014","Yes","-26.5886699507388","-0.215992150156585","-2.4716711230818",NA
"COD","Cohort 2015","None","2015","Yes","119.294530295388","0.232005005588231","-0.0173913358362179",NA
"COD","Cohort 2016","None","2016","Yes",NA,NA,NA,NA
"COD","Cohort 2017","None","2017","Yes","117.061138847312","0.305953348665148","0.278221395109314",NA
"COD","Cohort 2018","None","2018","Yes",NA,NA,NA,NA
"COD","Cohort 2019","None","2019","Yes","114.65984715823","0.257381628043779","-0.0263859871460235",NA
"COD","Cohort 2020","None","2020","Yes",NA,NA,NA,NA
"COD","Cohort 2021","None","2021","Yes","-72.5748285864988","-0.134251048735728","-1.57188174045222",NA
"COD","Cohort 2022","None","2022","Yes",NA,NA,NA,NA
"COD","Cohort 2023","None","2023","Yes",NA,NA,NA,NA
"COD","Cohort 2024","None","2024","Yes",NA,NA,NA,NA
"HAD","Cohort 2005","None","2005","Yes",NA,NA,NA,NA
"HAD","Cohort 2007","None","2007","Yes",NA,NA,NA,NA
"HAD","Cohort 2008","None","2008","Yes",NA,NA,NA,NA
"HAD","Cohort 2009","None","2009","Yes",NA,NA,NA,NA
"HAD","Cohort 2010","None","2010","Yes",NA,NA,NA,NA
"HAD","Cohort 2011","None","2011","Yes",NA,NA,NA,NA
"HAD","Cohort 2012","None","2012","Yes",NA,NA,NA,NA
"HAD","Cohort 2013","None","2013","Yes",NA,NA,NA,NA
"HAD","Cohort 2014","None","2014","Yes","49.8118342928337","0.258401979327748","-1.38216160559042",NA
"HAD","Cohort 2015","None","2015","Yes","47.2964734935029","0.572699306283124","0.0770216583758941",NA
"HAD","Cohort 2016","None","2016","Yes","62.7926705304962","0.301177996669392","-0.206699635620813",NA
"HAD","Cohort 2017","None","2017","Yes","72.1035704333348","0.268640986991145","-0.254665732947183",NA
"HAD","Cohort 2018","None","2018","Yes","63.1153258315046","0.240006806339079","-0.657870967970795",NA
"HAD","Cohort 2019","None","2019","Yes","58.9957503458183","0.258939670515442","-0.544497656136373",NA
"HAD","Cohort 2020","None","2020","Yes","47.4647245667763","0.469490062432011","-0.0925753281354386",NA
"HAD","Cohort 2021","None","2021","Yes","46.60508750373","0.450734515638993","-0.331381209425977",NA
"HAD","Cohort 2022","None","2022","Yes","153.140592243189","0.0526829891971321","-1.8875617674396",NA
"HAD","Cohort 2023","None","2023","Yes",NA,NA,NA,NA
"HAD","Cohort 2024","None","2024","Yes",NA,NA,NA,NA
"MEG","Cohort 2003","None","2003","Yes",NA,NA,NA,NA
"MEG","Cohort 2004","None","2004","Yes",NA,NA,NA,NA
"MEG","Cohort 2005","None","2005","Yes",NA,NA,NA,NA
"MEG","Cohort 2006","None","2006","Yes",NA,NA,NA,NA
"MEG","Cohort 2007","None","2007","Yes",NA,NA,NA,NA
"MEG","Cohort 2008","None","2008","Yes",NA,NA,NA,NA
"MEG","Cohort 2009","None","2009","Yes",NA,NA,NA,NA
"MEG","Cohort 2010","None","2010","Yes","73.2069369121659","0.0427628056339138","-7.70943991594545",NA
"MEG","Cohort 2011","None","2011","Yes",NA,NA,NA,NA
"MEG","Cohort 2012","None","2012","Yes",NA,NA,NA,NA
"MEG","Cohort 2013","None","2013","Yes","48.1562128576467","0.12549505690454","-3.13568083983687",NA
"MEG","Cohort 2014","None","2014","Yes","40.4685103854223","0.24624047722336","-0.899911435955009",NA
"MEG","Cohort 2015","None","2015","Yes","45.612991041132","0.14772083310778","-2.4279804089493",NA
"MEG","Cohort 2016","None","2016","Yes","38.2980309277806","0.288308613082201","-0.584862323075234",NA
"MEG","Cohort 2017","None","2017","Yes","42.5565553143281","0.177226166250287","-1.78702359762249",NA
"MEG","Cohort 2018","None","2018","Yes",NA,NA,NA,NA
"MEG","Cohort 2019","None","2019","Yes","32.8928314675981","0.395188735218377","0.145249137177923",NA
"MEG","Cohort 2020","None","2020","Yes","33.3127296169677","0.229245100936485","-1.64709940050064",NA
"MEG","Cohort 2021","None","2021","Yes",NA,NA,NA,NA
"MEG","Cohort 2022","None","2022","Yes",NA,NA,NA,NA
"MEG","Cohort 2023","None","2023","Yes",NA,NA,NA,NA
"MEG","Cohort 2024","None","2024","Yes",NA,NA,NA,NA
"PLE","Cohort 2004","None","2004","Yes",NA,NA,NA,NA
"PLE","Cohort 2005","None","2005","Yes",NA,NA,NA,NA
"PLE","Cohort 2006","None","2006","Yes",NA,NA,NA,NA
"PLE","Cohort 2007","None","2007","Yes",NA,NA,NA,NA
"PLE","Cohort 2008","None","2008","Yes",NA,NA,NA,NA
"PLE","Cohort 2009","None","2009","Yes",NA,NA,NA,NA
"PLE","Cohort 2010","None","2010","Yes",NA,NA,NA,NA
"PLE","Cohort 2011","None","2011","Yes",NA,NA,NA,NA
"PLE","Cohort 2012","None","2012","Yes",NA,NA,NA,NA
"PLE","Cohort 2013","None","2013","Yes",NA,NA,NA,NA
"PLE","Cohort 2014","None","2014","Yes",NA,NA,NA,NA
"PLE","Cohort 2015","None","2015","Yes","43.6786044770284","0.0912946302312804","-5.97932304992062",NA
"PLE","Cohort 2016","None","2016","Yes","31.2057082727955","0.37825184053227","-1.01898182657571",NA
"PLE","Cohort 2017","None","2017","Yes","130.183065731465","0.0148738957177543","-11.1895630123653",NA
"PLE","Cohort 2018","None","2018","Yes","30.1918563776881","0.533744278262929","-0.211342886746261",NA
"PLE","Cohort 2019","None","2019","Yes",NA,NA,NA,NA
"PLE","Cohort 2020","None","2020","Yes",NA,NA,NA,NA
"PLE","Cohort 2021","None","2021","Yes",NA,NA,NA,NA
"PLE","Cohort 2022","None","2022","Yes",NA,NA,NA,NA
"PLE","Cohort 2023","None","2023","Yes",NA,NA,NA,NA
"POK","Cohort 2003","None","2003","Yes",NA,NA,NA,NA
"POK","Cohort 2004","None","2004","Yes",NA,NA,NA,NA
"POK","Cohort 2005","None","2005","Yes",NA,NA,NA,NA
"POK","Cohort 2007","None","2007","Yes",NA,NA,NA,NA
"POK","Cohort 2008","None","2008","Yes",NA,NA,NA,NA
"POK","Cohort 2009","None","2009","Yes",NA,NA,NA,NA
"POK","Cohort 2010","None","2010","Yes","88.5023313165585","1.48963982854411","4.92154330573982",NA
"POK","Cohort 2011","None","2011","Yes",NA,NA,NA,NA
"POK","Cohort 2012","None","2012","Yes","78.5330565163842","0.290741520687221","0.443475342100027",NA
"POK","Cohort 2013","None","2013","Yes",NA,NA,NA,NA
"POK","Cohort 2014","None","2014","Yes",NA,NA,NA,NA
"POK","Cohort 2015","None","2015","Yes",NA,NA,NA,NA
"POK","Cohort 2016","None","2016","Yes","58.6791913446836","0.548699086225196","0.57657844536112",NA
"POK","Cohort 2017","None","2017","Yes","51.2563279857397","0.573843232062859","-0.0936206371603481",NA
"POK","Cohort 2018","None","2018","Yes",NA,NA,NA,NA
"POK","Cohort 2019","None","2019","Yes",NA,NA,NA,NA
"POK","Cohort 2020","None","2020","Yes",NA,NA,NA,NA
"POK","Cohort 2021","None","2021","Yes","60.7453703703703","0.384966586559825","-0.160212835937739",NA
"POK","Cohort 2022","None","2022","Yes",NA,NA,NA,NA
"POK","Cohort 2023","None","2023","Yes",NA,NA,NA,NA
"POL","Cohort 2007","None","2007","Yes",NA,NA,NA,NA
"POL","Cohort 2008","None","2008","Yes",NA,NA,NA,NA
"POL","Cohort 2010","None","2010","Yes",NA,NA,NA,NA
"POL","Cohort 2011","None","2011","Yes",NA,NA,NA,NA
"POL","Cohort 2012","None","2012","Yes","80.1393902599523","0.251301654464337","0.273168688629964",NA
"POL","Cohort 2013","None","2013","Yes","65.208664179751","0.509014372448895","0.831926508545906",NA
"POL","Cohort 2014","None","2014","Yes","146.449285363432","0.0576149315643957","-3.47983978753652",NA
"POL","Cohort 2015","None","2015","Yes","81.207838496156","0.19894747614412","-0.959532978356873",NA
"POL","Cohort 2016","None","2016","Yes",NA,NA,NA,NA
"POL","Cohort 2017","None","2017","Yes",NA,NA,NA,NA
"POL","Cohort 2018","None","2018","Yes",NA,NA,NA,NA
"POL","Cohort 2019","None","2019","Yes",NA,NA,NA,NA
"POL","Cohort 2020","None","2020","Yes",NA,NA,NA,NA
"POL","Cohort 2021","None","2021","Yes",NA,NA,NA,NA
"POL","Cohort 2022","None","2022","Yes",NA,NA,NA,NA
"SOL","Cohort 2003","None","2003","Yes",NA,NA,NA,NA
"SOL","Cohort 2004","None","2004","Yes",NA,NA,NA,NA
"SOL","Cohort 2006","None","2006","Yes",NA,NA,NA,NA
"SOL","Cohort 2007","None","2007","Yes",NA,NA,NA,NA
"SOL","Cohort 2008","None","2008","Yes",NA,NA,NA,NA
"SOL","Cohort 2009","None","2009","Yes",NA,NA,NA,NA
"SOL","Cohort 2010","None","2010","Yes",NA,NA,NA,NA
"SOL","Cohort 2011","None","2011","Yes",NA,NA,NA,NA
"SOL","Cohort 2012","None","2012","Yes",NA,NA,NA,NA
"SOL","Cohort 2013","None","2013","Yes",NA,NA,NA,NA
"SOL","Cohort 2014","None","2014","Yes",NA,NA,NA,NA
"SOL","Cohort 2015","None","2015","Yes",NA,NA,NA,NA
"SOL","Cohort 2016","None","2016","Yes",NA,NA,NA,NA
"SOL","Cohort 2017","None","2017","Yes",NA,NA,NA,NA
"SOL","Cohort 2018","None","2018","Yes",NA,NA,NA,NA
"SOL","Cohort 2019","None","2019","Yes",NA,NA,NA,NA
"SOL","Cohort 2020","None","2020","Yes",NA,NA,NA,NA
"WHG","Cohort 2008","None","2008","Yes",NA,NA,NA,NA
"WHG","Cohort 2009","None","2009","Yes",NA,NA,NA,NA
"WHG","Cohort 2010","None","2010","Yes",NA,NA,NA,NA
"WHG","Cohort 2011","None","2011","Yes",NA,NA,NA,NA
"WHG","Cohort 2012","None","2012","Yes",NA,NA,NA,NA
"WHG","Cohort 2013","None","2013","Yes","42.2373023099876","2.3406070491427","2.13341147597828",NA
"WHG","Cohort 2014","None","2014","Yes","42.0453909657582","0.559053679095419","-0.264651850360986",NA
"WHG","Cohort 2015","None","2015","Yes","56.4418180988555","0.192025763246499","-1.66541585664601",NA
"WHG","Cohort 2016","None","2016","Yes","53.5755569280951","0.255961041996206","-0.880221935779922",NA
"WHG","Cohort 2017","None","2017","Yes","49.8643322048906","0.34979948194687","-0.575881480838589",NA
"WHG","Cohort 2018","None","2018","Yes","44.9551047169929","0.375004708591106","-0.908623594540554",NA
"WHG","Cohort 2019","None","2019","Yes","54.7271636389281","0.179899462110597","-2.20508833753418",NA
"WHG","Cohort 2020","None","2020","Yes","47.2169341985747","0.25332987889015","-1.69638065777672",NA
"WHG","Cohort 2021","None","2021","Yes","78.531707820435","0.068312840323643","-4.46361473602147",NA
"WHG","Cohort 2022","None","2022","Yes",NA,NA,NA,NA
"WHG","Cohort 2023","None","2023","Yes",NA,NA,NA,NA
"WHG","Cohort 2024","None","2024","Yes",NA,NA,NA,NA
"COD","Cohort 2009 female","Sex","2009","Yes",NA,NA,NA,"female"
"COD","Cohort 2012 female","Sex","2012","Yes",NA,NA,NA,"female"
"COD","Cohort 2012 male","Sex","2012","Yes",NA,NA,NA,"male"
"COD","Cohort 2013 female","Sex","2013","Yes",NA,NA,NA,"female"
"COD","Cohort 2013 male","Sex","2013","Yes",NA,NA,NA,"male"
"COD","Cohort 2014 female","Sex","2014","Yes","-16.7682013505221","-0.242243176962552","-3.27828577310024","female"
"COD","Cohort 2014 male","Sex","2014","Yes",NA,NA,NA,"male"
"COD","Cohort 2015 female","Sex","2015","Yes","114.037688017032","0.247595993246904","-0.0698219824536879","female"
"COD","Cohort 2015 male","Sex","2015","Yes",NA,NA,NA,"male"
"COD","Cohort 2016 female","Sex","2016","Yes",NA,NA,NA,"female"
"COD","Cohort 2016 male","Sex","2016","Yes","47.452743902439","1.4539530095937","0.312056535498553","male"
"COD","Cohort 2017 female","Sex","2017","Yes","97.5835267924697","0.598626278500063","0.914547895619616","female"
"COD","Cohort 2017 male","Sex","2017","Yes","362.892857142857","0.0460607733765346","-1.13979942854065","male"
"COD","Cohort 2018 female","Sex","2018","Yes",NA,NA,NA,"female"
"COD","Cohort 2018 male","Sex","2018","Yes",NA,NA,NA,"male"
"COD","Cohort 2019 female","Sex","2019","Yes","114.403802965863","0.305600374422598","0.259116033900564","female"
"COD","Cohort 2019 male","Sex","2019","Yes",NA,NA,NA,"male"
"COD","Cohort 2020 female","Sex","2020","Yes",NA,NA,NA,"female"
"COD","Cohort 2020 male","Sex","2020","Yes",NA,NA,NA,"male"
"COD","Cohort 2021 female","Sex","2021","Yes",NA,NA,NA,"female"
"COD","Cohort 2021 male","Sex","2021","Yes","-35.2105263157891","-0.199613053904016","-2.06167883912346","male"
"COD","Cohort 2022 female","Sex","2022","Yes",NA,NA,NA,"female"
"COD","Cohort 2023 female","Sex","2023","Yes",NA,NA,NA,"female"
"COD","Cohort 2023 male","Sex","2023","Yes",NA,NA,NA,"male"
"COD","Cohort 2024 female","Sex","2024","Yes",NA,NA,NA,"female"
"COD","Cohort 2024 male","Sex","2024","Yes",NA,NA,NA,"male"
"HAD","Cohort 2005 male","Sex","2005","Yes",NA,NA,NA,"male"
"HAD","Cohort 2007 female","Sex","2007","Yes",NA,NA,NA,"female"
"HAD","Cohort 2008 female","Sex","2008","Yes",NA,NA,NA,"female"
"HAD","Cohort 2008 male","Sex","2008","Yes",NA,NA,NA,"male"
"HAD","Cohort 2009 female","Sex","2009","Yes",NA,NA,NA,"female"
"HAD","Cohort 2009 male","Sex","2009","Yes",NA,NA,NA,"male"
"HAD","Cohort 2010 female","Sex","2010","Yes",NA,NA,NA,"female"
"HAD","Cohort 2010 male","Sex","2010","Yes",NA,NA,NA,"male"
"HAD","Cohort 2011 female","Sex","2011","Yes",NA,NA,NA,"female"
"HAD","Cohort 2011 male","Sex","2011","Yes",NA,NA,NA,"male"
"HAD","Cohort 2012 female","Sex","2012","Yes",NA,NA,NA,"female"
"HAD","Cohort 2012 male","Sex","2012","Yes",NA,NA,NA,"male"
"HAD","Cohort 2013 female","Sex","2013","Yes","61.0399844736394","0.491005372241876","0.707820897224403","female"
"HAD","Cohort 2013 male","Sex","2013","Yes",NA,NA,NA,"male"
"HAD","Cohort 2014 female","Sex","2014","Yes","49.0627411355443","0.31351079482682","-0.89083229318354","female"
"HAD","Cohort 2014 male","Sex","2014","Yes",NA,NA,NA,"male"
"HAD","Cohort 2015 female","Sex","2015","Yes","49.312743389401","0.615405566687311","0.184488417014509","female"
"HAD","Cohort 2015 male","Sex","2015","Yes","44.224324385138","0.501627925558179","-0.198979695121269","male"
"HAD","Cohort 2016 female","Sex","2016","Yes","69.0920527022726","0.237949844716854","-0.45420460422632","female"
"HAD","Cohort 2016 male","Sex","2016","Yes","57.0635133695768","0.421021952305582","0.247246612251157","male"
"HAD","Cohort 2017 female","Sex","2017","Yes","70.7631750729555","0.299840625866972","-0.156103159146076","female"
"HAD","Cohort 2017 male","Sex","2017","Yes","77.2098582418053","0.206982784666439","-0.513518224143381","male"
"HAD","Cohort 2018 female","Sex","2018","Yes","57.9278457857162","0.330606043515181","-0.313913064145755","female"
"HAD","Cohort 2018 male","Sex","2018","Yes","138.647435699624","0.0541903382900905","-2.10693709726004","male"
"HAD","Cohort 2019 female","Sex","2019","Yes","64.5700957645108","0.208359662615766","-0.832403614090054","female"
"HAD","Cohort 2019 male","Sex","2019","Yes","52.4587590492271","0.330447448434237","-0.372496114414528","male"
"HAD","Cohort 2020 female","Sex","2020","Yes","46.9786072398222","0.536702286578437","0.00309483251965456","female"
"HAD","Cohort 2020 male","Sex","2020","Yes","47.7922925591355","0.380121574427211","-0.324461854398135","male"
"HAD","Cohort 2021 female","Sex","2021","Yes","45.6882099436688","0.51022611586741","-0.194468308290156","female"
"HAD","Cohort 2021 male","Sex","2021","Yes","47.5515478387712","0.395528575970774","-0.499701271255316","male"
"HAD","Cohort 2022 female","Sex","2022","Yes","-151.022222222209","-0.0316370849431848","-3.51699740381506","female"
"HAD","Cohort 2022 male","Sex","2022","Yes","4047.86458333515","0.00185873659462455","-1.70930454138377","male"
"HAD","Cohort 2023 female","Sex","2023","Yes",NA,NA,NA,"female"
"HAD","Cohort 2023 male","Sex","2023","Yes",NA,NA,NA,"male"
"HAD","Cohort 2024 female","Sex","2024","Yes",NA,NA,NA,"female"
"HAD","Cohort 2024 male","Sex","2024","Yes",NA,NA,NA,"male"
"MEG","Cohort 2003 female","Sex","2003","Yes",NA,NA,NA,"female"
"MEG","Cohort 2003 male","Sex","2003","Yes",NA,NA,NA,"male"
"MEG","Cohort 2004 female","Sex","2004","Yes",NA,NA,NA,"female"
"MEG","Cohort 2004 male","Sex","2004","Yes",NA,NA,NA,"male"
"MEG","Cohort 2005 female","Sex","2005","Yes",NA,NA,NA,"female"
"MEG","Cohort 2005 male","Sex","2005","Yes",NA,NA,NA,"male"
"MEG","Cohort 2006 female","Sex","2006","Yes",NA,NA,NA,"female"
"MEG","Cohort 2006 male","Sex","2006","Yes",NA,NA,NA,"male"
"MEG","Cohort 2007 female","Sex","2007","Yes",NA,NA,NA,"female"
"MEG","Cohort 2007 male","Sex","2007","Yes",NA,NA,NA,"male"
"MEG","Cohort 2008 female","Sex","2008","Yes",NA,NA,NA,"female"
"MEG","Cohort 2008 male","Sex","2008","Yes",NA,NA,NA,"male"
"MEG","Cohort 2009 female","Sex","2009","Yes",NA,NA,NA,"female"
"MEG","Cohort 2009 male","Sex","2009","Yes","34.2158107447503","0.65257709704099","4.37832238164174","male"
"MEG","Cohort 2010 female","Sex","2010","Yes","52.1516852339289","0.117413916150842","-3.06252753184285","female"
"MEG","Cohort 2010 male","Sex","2010","Yes","37.9534075547546","0.141718960325793","-3.14624600613661","male"
"MEG","Cohort 2011 female","Sex","2011","Yes",NA,NA,NA,"female"
"MEG","Cohort 2011 male","Sex","2011","Yes","40.701543378585","0.102678525655258","-4.91023745245727","male"
"MEG","Cohort 2012 female","Sex","2012","Yes","53.5348368798539","0.0968377264918711","-4.46637487607705","female"
"MEG","Cohort 2012 male","Sex","2012","Yes","32.6687860972673","0.286354979010805","-0.533349749635992","male"
"MEG","Cohort 2013 female","Sex","2013","Yes","49.5777114705109","0.135825350320807","-2.83237075292379","female"
"MEG","Cohort 2013 male","Sex","2013","Yes","39.1261952856007","0.108261018496363","-4.69443943103313","male"
"MEG","Cohort 2014 female","Sex","2014","Yes","45.0789850188556","0.190738726276704","-1.65590538203533","female"
"MEG","Cohort 2014 male","Sex","2014","Yes","29.9217213221252","0.390909366036562","-0.277075959957973","male"
"MEG","Cohort 2015 female","Sex","2015","Yes","47.4433857678552","0.143800233805928","-2.74098061187387","female"
"MEG","Cohort 2015 male","Sex","2015","Yes","32.4844491591282","0.230176504919965","-2.02306596023467","male"
"MEG","Cohort 2016 female","Sex","2016","Yes","43.3747027086028","0.190353570213561","-1.91224867247675","female"
"MEG","Cohort 2016 male","Sex","2016","Yes","38.0003163579489","0.131182279585048","-3.2891775911537","male"
"MEG","Cohort 2017 female","Sex","2017","Yes","43.1036372918053","0.192713767249594","-1.74368426692162","female"
"MEG","Cohort 2017 male","Sex","2017","Yes",NA,NA,NA,"male"
"MEG","Cohort 2018 female","Sex","2018","Yes",NA,NA,NA,"female"
"MEG","Cohort 2018 male","Sex","2018","Yes","48.747135371241","0.0686544438410689","-4.94209971217128","male"
"MEG","Cohort 2019 female","Sex","2019","Yes","33.9481265160387","0.383043007482253","-0.244778978070512","female"
"MEG","Cohort 2019 male","Sex","2019","Yes","26.3114963564436","0.494655710019452","0.0814598658300814","male"
"MEG","Cohort 2020 female","Sex","2020","Yes",NA,NA,NA,"female"
"MEG","Cohort 2020 male","Sex","2020","Yes",NA,NA,NA,"male"
"MEG","Cohort 2021 female","Sex","2021","Yes",NA,NA,NA,"female"
"MEG","Cohort 2021 male","Sex","2021","Yes","20.8300899283226","0.881970319085065","-0.390931376942525","male"
"MEG","Cohort 2022 female","Sex","2022","Yes",NA,NA,NA,"female"
"MEG","Cohort 2022 male","Sex","2022","Yes",NA,NA,NA,"male"
"MEG","Cohort 2023 female","Sex","2023","Yes",NA,NA,NA,"female"
"MEG","Cohort 2023 male","Sex","2023","Yes",NA,NA,NA,"male"
"MEG","Cohort 2024 male","Sex","2024","Yes",NA,NA,NA,"male"
"PLE","Cohort 2004 female","Sex","2004","Yes",NA,NA,NA,"female"
"PLE","Cohort 2005 female","Sex","2005","Yes",NA,NA,NA,"female"
"PLE","Cohort 2005 male","Sex","2005","Yes",NA,NA,NA,"male"
"PLE","Cohort 2006 female","Sex","2006","Yes",NA,NA,NA,"female"
"PLE","Cohort 2006 male","Sex","2006","Yes",NA,NA,NA,"male"
"PLE","Cohort 2007 female","Sex","2007","Yes",NA,NA,NA,"female"
"PLE","Cohort 2007 male","Sex","2007","Yes",NA,NA,NA,"male"
"PLE","Cohort 2008 female","Sex","2008","Yes",NA,NA,NA,"female"
"PLE","Cohort 2008 male","Sex","2008","Yes",NA,NA,NA,"male"
"PLE","Cohort 2009 female","Sex","2009","Yes","34.250649130658","1.53088384497865","5.45332993611934","female"
"PLE","Cohort 2009 male","Sex","2009","Yes","30.0849314728887","-1.14508158354592","11.5652878531868","male"
"PLE","Cohort 2010 female","Sex","2010","Yes",NA,NA,NA,"female"
"PLE","Cohort 2010 male","Sex","2010","Yes",NA,NA,NA,"male"
"PLE","Cohort 2011 female","Sex","2011","Yes",NA,NA,NA,"female"
"PLE","Cohort 2011 male","Sex","2011","Yes",NA,NA,NA,"male"
"PLE","Cohort 2012 female","Sex","2012","Yes",NA,NA,NA,"female"
"PLE","Cohort 2012 male","Sex","2012","Yes",NA,NA,NA,"male"
"PLE","Cohort 2013 female","Sex","2013","Yes",NA,NA,NA,"female"
"PLE","Cohort 2013 male","Sex","2013","Yes",NA,NA,NA,"male"
"PLE","Cohort 2014 female","Sex","2014","Yes",NA,NA,NA,"female"
"PLE","Cohort 2014 male","Sex","2014","Yes",NA,NA,NA,"male"
"PLE","Cohort 2015 female","Sex","2015","Yes","39.3403648604062","0.153699543851154","-3.53341770735415","female"
"PLE","Cohort 2015 male","Sex","2015","Yes","35.6916714178288","0.0895050635688054","-9.4279020559312","male"
"PLE","Cohort 2016 female","Sex","2016","Yes","30.996583170724","0.547196948564359","0.066812830907291","female"
"PLE","Cohort 2016 male","Sex","2016","Yes","31.3331838617063","0.214114823831507","-3.60115694130642","male"
"PLE","Cohort 2017 female","Sex","2017","Yes",NA,NA,NA,"female"
"PLE","Cohort 2017 male","Sex","2017","Yes","26.1744810280225","0.751746965099352","-0.709313804657583","male"
"PLE","Cohort 2018 female","Sex","2018","Yes","31.6146856968748","0.542437730439152","0.0767531514327532","female"
"PLE","Cohort 2018 male","Sex","2018","Yes","25.7479301565671","1.16217284905596","0.496722635035576","male"
"PLE","Cohort 2019 female","Sex","2019","Yes",NA,NA,NA,"female"
"PLE","Cohort 2019 male","Sex","2019","Yes",NA,NA,NA,"male"
"PLE","Cohort 2020 female","Sex","2020","Yes",NA,NA,NA,"female"
"PLE","Cohort 2020 male","Sex","2020","Yes",NA,NA,NA,"male"
"PLE","Cohort 2021 female","Sex","2021","Yes","27.3061577490775","0.878710231278069","0.385007960000049","female"
"PLE","Cohort 2021 male","Sex","2021","Yes",NA,NA,NA,"male"
"PLE","Cohort 2022 female","Sex","2022","Yes",NA,NA,NA,"female"
"PLE","Cohort 2022 male","Sex","2022","Yes",NA,NA,NA,"male"
"PLE","Cohort 2023 female","Sex","2023","Yes",NA,NA,NA,"female"
"PLE","Cohort 2023 male","Sex","2023","Yes",NA,NA,NA,"male"
"POK","Cohort 2003 female","Sex","2003","Yes",NA,NA,NA,"female"
"POK","Cohort 2004 female","Sex","2004","Yes",NA,NA,NA,"female"
"POK","Cohort 2004 male","Sex","2004","Yes",NA,NA,NA,"male"
"POK","Cohort 2005 female","Sex","2005","Yes",NA,NA,NA,"female"
"POK","Cohort 2005 male","Sex","2005","Yes",NA,NA,NA,"male"
"POK","Cohort 2007 female","Sex","2007","Yes",NA,NA,NA,"female"
"POK","Cohort 2007 male","Sex","2007","Yes",NA,NA,NA,"male"
"POK","Cohort 2008 female","Sex","2008","Yes",NA,NA,NA,"female"
"POK","Cohort 2008 male","Sex","2008","Yes",NA,NA,NA,"male"
"POK","Cohort 2009 female","Sex","2009","Yes",NA,NA,NA,"female"
"POK","Cohort 2009 male","Sex","2009","Yes",NA,NA,NA,"male"
"POK","Cohort 2010 female","Sex","2010","Yes",NA,NA,NA,"female"
"POK","Cohort 2010 male","Sex","2010","Yes",NA,NA,NA,"male"
"POK","Cohort 2011 female","Sex","2011","Yes",NA,NA,NA,"female"
"POK","Cohort 2011 male","Sex","2011","Yes",NA,NA,NA,"male"
"POK","Cohort 2012 female","Sex","2012","Yes",NA,NA,NA,"female"
"POK","Cohort 2012 male","Sex","2012","Yes",NA,NA,NA,"male"
"POK","Cohort 2013 female","Sex","2013","Yes",NA,NA,NA,"female"
"POK","Cohort 2013 male","Sex","2013","Yes",NA,NA,NA,"male"
"POK","Cohort 2014 female","Sex","2014","Yes",NA,NA,NA,"female"
"POK","Cohort 2014 male","Sex","2014","Yes","73.4400281633934","0.215074738324735","-1.31244097284059","male"
"POK","Cohort 2015 female","Sex","2015","Yes",NA,NA,NA,"female"
"POK","Cohort 2015 male","Sex","2015","Yes",NA,NA,NA,"male"
"POK","Cohort 2016 female","Sex","2016","Yes","58.3834466850563","0.639935010673593","0.830927896804794","female"
"POK","Cohort 2016 male","Sex","2016","Yes","-41.0476190476171","-0.0591305232268237","-9.11066120127176","male"
"POK","Cohort 2017 female","Sex","2017","Yes",NA,NA,NA,"female"
"POK","Cohort 2017 male","Sex","2017","Yes","51.4090909090909","0.52324814376455","-0.488742630014528","male"
"POK","Cohort 2018 female","Sex","2018","Yes",NA,NA,NA,"female"
"POK","Cohort 2018 male","Sex","2018","Yes","54.3225732232662","0.549271734216493","-0.136390383675498","male"
"POK","Cohort 2019 female","Sex","2019","Yes",NA,NA,NA,"female"
"POK","Cohort 2019 male","Sex","2019","Yes",NA,NA,NA,"male"
"POK","Cohort 2020 female","Sex","2020","Yes","-82.2617837427663","-0.0620527600124149","-3.84827718892205","female"
"POK","Cohort 2020 male","Sex","2020","Yes",NA,NA,NA,"male"
"POK","Cohort 2021 female","Sex","2021","Yes","67.4688888888891","0.235828710841523","-1.23398783845698","female"
"POK","Cohort 2021 male","Sex","2021","Yes","76.6708074534161","0.254105776918177","-0.230035506735861","male"
"POK","Cohort 2022 female","Sex","2022","Yes",NA,NA,NA,"female"
"POK","Cohort 2022 male","Sex","2022","Yes",NA,NA,NA,"male"
"POK","Cohort 2023 female","Sex","2023","Yes",NA,NA,NA,"female"
"POL","Cohort 2007 female","Sex","2007","Yes",NA,NA,NA,"female"
"POL","Cohort 2008 male","Sex","2008","Yes",NA,NA,NA,"male"
"POL","Cohort 2010 female","Sex","2010","Yes",NA,NA,NA,"female"
"POL","Cohort 2010 male","Sex","2010","Yes",NA,NA,NA,"male"
"POL","Cohort 2011 female","Sex","2011","Yes",NA,NA,NA,"female"
"POL","Cohort 2011 male","Sex","2011","Yes","63.5000201074024","3.23861989290874","4.37906526381011","male"
"POL","Cohort 2012 female","Sex","2012","Yes","75.0293637805256","0.366756487647926","1.08835673325693","female"
"POL","Cohort 2012 male","Sex","2012","Yes",NA,NA,NA,"male"
"POL","Cohort 2013 female","Sex","2013","Yes","72.7707950062374","0.344575565377495","0.362894202771707","female"
"POL","Cohort 2013 male","Sex","2013","Yes","61.7281411479061","0.589458105400546","0.88259203314413","male"
"POL","Cohort 2014 female","Sex","2014","Yes","103.605678217531","0.111996719091433","-2.2247112085149","female"
"POL","Cohort 2014 male","Sex","2014","Yes","150.715138482353","0.0535357829366459","-3.65002419855295","male"
"POL","Cohort 2015 female","Sex","2015","Yes","78.6477408688413","0.237576251189896","-0.3731163535232","female"
"POL","Cohort 2015 male","Sex","2015","Yes","54.5484848484848","2.69124308278583","2.38946143007698","male"
"POL","Cohort 2016 female","Sex","2016","Yes",NA,NA,NA,"female"
"POL","Cohort 2016 male","Sex","2016","Yes",NA,NA,NA,"male"
"POL","Cohort 2017 female","Sex","2017","Yes",NA,NA,NA,"female"
"POL","Cohort 2017 male","Sex","2017","Yes",NA,NA,NA,"male"
"POL","Cohort 2018 female","Sex","2018","Yes",NA,NA,NA,"female"
"POL","Cohort 2018 male","Sex","2018","Yes",NA,NA,NA,"male"
"POL","Cohort 2019 female","Sex","2019","Yes","-22.0000000000011","-0.117783035656382","-6.06616665167827","female"
"POL","Cohort 2019 male","Sex","2019","Yes",NA,NA,NA,"male"
"POL","Cohort 2020 male","Sex","2020","Yes",NA,NA,NA,"male"
"POL","Cohort 2021 female","Sex","2021","Yes",NA,NA,NA,"female"
"POL","Cohort 2022 female","Sex","2022","Yes",NA,NA,NA,"female"
"POL","Cohort 2022 male","Sex","2022","Yes",NA,NA,NA,"male"
"SOL","Cohort 2003 female","Sex","2003","Yes",NA,NA,NA,"female"
"SOL","Cohort 2003 male","Sex","2003","Yes",NA,NA,NA,"male"
"SOL","Cohort 2004 female","Sex","2004","Yes",NA,NA,NA,"female"
"SOL","Cohort 2006 female","Sex","2006","Yes",NA,NA,NA,"female"
"SOL","Cohort 2006 male","Sex","2006","Yes",NA,NA,NA,"male"
"SOL","Cohort 2007 female","Sex","2007","Yes",NA,NA,NA,"female"
"SOL","Cohort 2007 male","Sex","2007","Yes",NA,NA,NA,"male"
"SOL","Cohort 2008 female","Sex","2008","Yes","41.9083333333333","1.19625075823202","7.16357319073835","female"
"SOL","Cohort 2008 male","Sex","2008","Yes",NA,NA,NA,"male"
"SOL","Cohort 2009 female","Sex","2009","Yes",NA,NA,NA,"female"
"SOL","Cohort 2009 male","Sex","2009","Yes",NA,NA,NA,"male"
"SOL","Cohort 2010 female","Sex","2010","Yes",NA,NA,NA,"female"
"SOL","Cohort 2010 male","Sex","2010","Yes",NA,NA,NA,"male"
"SOL","Cohort 2011 female","Sex","2011","Yes",NA,NA,NA,"female"
"SOL","Cohort 2011 male","Sex","2011","Yes",NA,NA,NA,"male"
"SOL","Cohort 2012 female","Sex","2012","Yes",NA,NA,NA,"female"
"SOL","Cohort 2012 male","Sex","2012","Yes",NA,NA,NA,"male"
"SOL","Cohort 2013 female","Sex","2013","Yes",NA,NA,NA,"female"
"SOL","Cohort 2013 male","Sex","2013","Yes",NA,NA,NA,"male"
"SOL","Cohort 2014 female","Sex","2014","Yes",NA,NA,NA,"female"
"SOL","Cohort 2014 male","Sex","2014","Yes",NA,NA,NA,"male"
"SOL","Cohort 2015 female","Sex","2015","Yes",NA,NA,NA,"female"
"SOL","Cohort 2015 male","Sex","2015","Yes",NA,NA,NA,"male"
"SOL","Cohort 2016 female","Sex","2016","Yes",NA,NA,NA,"female"
"SOL","Cohort 2016 male","Sex","2016","Yes",NA,NA,NA,"male"
"SOL","Cohort 2017 female","Sex","2017","Yes",NA,NA,NA,"female"
"SOL","Cohort 2017 male","Sex","2017","Yes",NA,NA,NA,"male"
"SOL","Cohort 2018 female","Sex","2018","Yes",NA,NA,NA,"female"
"SOL","Cohort 2018 male","Sex","2018","Yes",NA,NA,NA,"male"
"SOL","Cohort 2019 female","Sex","2019","Yes",NA,NA,NA,"female"
"SOL","Cohort 2019 male","Sex","2019","Yes",NA,NA,NA,"male"
"SOL","Cohort 2020 female","Sex","2020","Yes",NA,NA,NA,"female"
"WHG","Cohort 2008 female","Sex","2008","Yes",NA,NA,NA,"female"
"WHG","Cohort 2009 female","Sex","2009","Yes",NA,NA,NA,"female"
"WHG","Cohort 2009 male","Sex","2009","Yes",NA,NA,NA,"male"
"WHG","Cohort 2010 female","Sex","2010","Yes",NA,NA,NA,"female"
"WHG","Cohort 2010 male","Sex","2010","Yes",NA,NA,NA,"male"
"WHG","Cohort 2011 female","Sex","2011","Yes",NA,NA,NA,"female"
"WHG","Cohort 2011 male","Sex","2011","Yes",NA,NA,NA,"male"
"WHG","Cohort 2012 female","Sex","2012","Yes",NA,NA,NA,"female"
"WHG","Cohort 2012 male","Sex","2012","Yes","49.125","0.762140052046896","2.15649752787747","male"
"WHG","Cohort 2013 female","Sex","2013","Yes",NA,NA,NA,"female"
"WHG","Cohort 2013 male","Sex","2013","Yes",NA,NA,NA,"male"
"WHG","Cohort 2014 female","Sex","2014","Yes","42.1065527290742","0.773978269350051","0.281323680563765","female"
"WHG","Cohort 2014 male","Sex","2014","Yes","40.6856192377785","0.343812957597172","-1.44517827677828","male"
"WHG","Cohort 2015 female","Sex","2015","Yes","51.3049315959069","0.300674056104786","-0.903460607337592","female"
"WHG","Cohort 2015 male","Sex","2015","Yes","40.5425759067943","0.362019179575173","-1.122656175471","male"
"WHG","Cohort 2016 female","Sex","2016","Yes",NA,NA,NA,"female"
"WHG","Cohort 2016 male","Sex","2016","Yes","40.7927927377682","0.404764278819257","-0.640804666891517","male"
"WHG","Cohort 2017 female","Sex","2017","Yes","49.4943880351121","0.40620312980075","-0.288289960248947","female"
"WHG","Cohort 2017 male","Sex","2017","Yes","42.0246557078438","0.442777893637301","-0.62188143862243","male"
"WHG","Cohort 2018 female","Sex","2018","Yes","45.8286576930258","0.437887759192845","-0.608029883493306","female"
"WHG","Cohort 2018 male","Sex","2018","Yes","39.5426334685368","0.359627445270474","-1.39851822153905","male"
"WHG","Cohort 2019 female","Sex","2019","Yes","52.3769829918185","0.239581581329539","-1.58015562490843","female"
"WHG","Cohort 2019 male","Sex","2019","Yes","46.7332425871246","0.170683961534684","-3.18784775569341","male"
"WHG","Cohort 2020 female","Sex","2020","Yes","44.4304268037889","0.381869107326091","-0.937036887092747","female"
"WHG","Cohort 2020 male","Sex","2020","Yes","36.9729184613126","0.379979954189464","-1.67352462713718","male"
"WHG","Cohort 2021 female","Sex","2021","Yes","44.186719654866","0.282873864275899","-1.83026531599178","female"
"WHG","Cohort 2021 male","Sex","2021","Yes",NA,NA,NA,"male"
"WHG","Cohort 2022 female","Sex","2022","Yes",NA,NA,NA,"female"
"WHG","Cohort 2022 male","Sex","2022","Yes","-5.16887125220472","-0.114670944289136","-13.6999144358723","male"
"WHG","Cohort 2023 female","Sex","2023","Yes",NA,NA,NA,"female"
"WHG","Cohort 2023 male","Sex","2023","Yes",NA,NA,NA,"male"
"WHG","Cohort 2024 female","Sex","2024","Yes",NA,NA,NA,"female"
"WHG","Cohort 2024 male","Sex","2024","Yes",NA,NA,NA,"male"
"COD","Cohort 2009 Jackson BT 195 Monk Trawl","Gear","2009","Yes",NA,NA,NA,"Jackson BT 195 Monk Trawl"
"COD","Cohort 2012 Jackson BT 195 Monk Trawl","Gear","2012","Yes",NA,NA,NA,"Jackson BT 195 Monk Trawl"
"COD","Cohort 2013 Jackson BT 195 Monk Trawl","Gear","2013","Yes","-35.0088732072311","-0.0953258224198159","-7.89390749662738","Jackson BT 195 Monk Trawl"
"COD","Cohort 2014 Jackson BT 195 Monk Trawl","Gear","2014","Yes","-26.5886699507388","-0.215992150156585","-2.4716711230818","Jackson BT 195 Monk Trawl"
"COD","Cohort 2015 Jackson BT 195 Monk Trawl","Gear","2015","Yes","119.294530295388","0.232005005588231","-0.0173913358362179","Jackson BT 195 Monk Trawl"
"COD","Cohort 2016 Jackson BT 195 Monk Trawl","Gear","2016","Yes",NA,NA,NA,"Jackson BT 195 Monk Trawl"
"COD","Cohort 2017 Jackson BT 195 Monk Trawl","Gear","2017","Yes","117.061138847312","0.305953348665148","0.278221395109314","Jackson BT 195 Monk Trawl"
"COD","Cohort 2018 Jackson BT 195 Monk Trawl","Gear","2018","Yes",NA,NA,NA,"Jackson BT 195 Monk Trawl"
"COD","Cohort 2019 Jackson BT 195 Monk Trawl","Gear","2019","Yes","114.65984715823","0.257381628043779","-0.0263859871460235","Jackson BT 195 Monk Trawl"
"COD","Cohort 2020 Jackson BT 195 Monk Trawl","Gear","2020","Yes",NA,NA,NA,"Jackson BT 195 Monk Trawl"
"COD","Cohort 2021 Jackson BT 195 Monk Trawl","Gear","2021","Yes","-72.5748285864988","-0.134251048735728","-1.57188174045222","Jackson BT 195 Monk Trawl"
"COD","Cohort 2022 Jackson BT 195 Monk Trawl","Gear","2022","Yes",NA,NA,NA,"Jackson BT 195 Monk Trawl"
"COD","Cohort 2023 Jackson BT 195 Monk Trawl","Gear","2023","Yes",NA,NA,NA,"Jackson BT 195 Monk Trawl"
"COD","Cohort 2024 Jackson BT 195 Monk Trawl","Gear","2024","Yes",NA,NA,NA,"Jackson BT 195 Monk Trawl"
"HAD","Cohort 2005 Jackson BT 195 Monk Trawl","Gear","2005","Yes",NA,NA,NA,"Jackson BT 195 Monk Trawl"
"HAD","Cohort 2007 Jackson BT 195 Monk Trawl","Gear","2007","Yes",NA,NA,NA,"Jackson BT 195 Monk Trawl"
"HAD","Cohort 2008 Jackson BT 195 Monk Trawl","Gear","2008","Yes",NA,NA,NA,"Jackson BT 195 Monk Trawl"
"HAD","Cohort 2009 Jackson BT 195 Monk Trawl","Gear","2009","Yes",NA,NA,NA,"Jackson BT 195 Monk Trawl"
"HAD","Cohort 2010 Jackson BT 195 Monk Trawl","Gear","2010","Yes",NA,NA,NA,"Jackson BT 195 Monk Trawl"
"HAD","Cohort 2011 Jackson BT 195 Monk Trawl","Gear","2011","Yes",NA,NA,NA,"Jackson BT 195 Monk Trawl"
"HAD","Cohort 2012 Jackson BT 195 Monk Trawl","Gear","2012","Yes",NA,NA,NA,"Jackson BT 195 Monk Trawl"
"HAD","Cohort 2013 Jackson BT 195 Monk Trawl","Gear","2013","Yes",NA,NA,NA,"Jackson BT 195 Monk Trawl"
"HAD","Cohort 2014 Jackson BT 195 Monk Trawl","Gear","2014","Yes","49.8118342928337","0.258401979327748","-1.38216160559042","Jackson BT 195 Monk Trawl"
"HAD","Cohort 2015 Jackson BT 195 Monk Trawl","Gear","2015","Yes","47.2964734935029","0.572699306283124","0.0770216583758941","Jackson BT 195 Monk Trawl"
"HAD","Cohort 2016 Jackson BT 195 Monk Trawl","Gear","2016","Yes","62.7926705304962","0.301177996669392","-0.206699635620813","Jackson BT 195 Monk Trawl"
"HAD","Cohort 2017 Jackson BT 195 Monk Trawl","Gear","2017","Yes","72.1035704333348","0.268640986991145","-0.254665732947183","Jackson BT 195 Monk Trawl"
"HAD","Cohort 2018 Jackson BT 195 Monk Trawl","Gear","2018","Yes","63.1153258315046","0.240006806339079","-0.657870967970795","Jackson BT 195 Monk Trawl"
"HAD","Cohort 2019 Jackson BT 195 Monk Trawl","Gear","2019","Yes","58.9957503458183","0.258939670515442","-0.544497656136373","Jackson BT 195 Monk Trawl"
"HAD","Cohort 2020 Jackson BT 195 Monk Trawl","Gear","2020","Yes","47.4647245667763","0.469490062432011","-0.0925753281354386","Jackson BT 195 Monk Trawl"
"HAD","Cohort 2021 Jackson BT 195 Monk Trawl","Gear","2021","Yes","46.60508750373","0.450734515638993","-0.331381209425977","Jackson BT 195 Monk Trawl"
"HAD","Cohort 2022 Jackson BT 195 Monk Trawl","Gear","2022","Yes","153.140592243189","0.0526829891971321","-1.8875617674396","Jackson BT 195 Monk Trawl"
"HAD","Cohort 2023 Jackson BT 195 Monk Trawl","Gear","2023","Yes",NA,NA,NA,"Jackson BT 195 Monk Trawl"
"HAD","Cohort 2024 Jackson BT 195 Monk Trawl","Gear","2024","Yes",NA,NA,NA,"Jackson BT 195 Monk Trawl"
"MEG","Cohort 2003 Jackson BT 195 Monk Trawl","Gear","2003","Yes",NA,NA,NA,"Jackson BT 195 Monk Trawl"
"MEG","Cohort 2004 Jackson BT 195 Monk Trawl","Gear","2004","Yes",NA,NA,NA,"Jackson BT 195 Monk Trawl"
"MEG","Cohort 2005 Jackson BT 195 Monk Trawl","Gear","2005","Yes",NA,NA,NA,"Jackson BT 195 Monk Trawl"
"MEG","Cohort 2006 Jackson BT 195 Monk Trawl","Gear","2006","Yes",NA,NA,NA,"Jackson BT 195 Monk Trawl"
"MEG","Cohort 2007 Jackson BT 195 Monk Trawl","Gear","2007","Yes",NA,NA,NA,"Jackson BT 195 Monk Trawl"
"MEG","Cohort 2008 Jackson BT 195 Monk Trawl","Gear","2008","Yes",NA,NA,NA,"Jackson BT 195 Monk Trawl"
"MEG","Cohort 2009 Jackson BT 195 Monk Trawl","Gear","2009","Yes",NA,NA,NA,"Jackson BT 195 Monk Trawl"
"MEG","Cohort 2010 Jackson BT 195 Monk Trawl","Gear","2010","Yes","73.2069369121659","0.0427628056339138","-7.70943991594545","Jackson BT 195 Monk Trawl"
"MEG","Cohort 2011 Jackson BT 195 Monk Trawl","Gear","2011","Yes",NA,NA,NA,"Jackson BT 195 Monk Trawl"
"MEG","Cohort 2012 Jackson BT 195 Monk Trawl","Gear","2012","Yes",NA,NA,NA,"Jackson BT 195 Monk Trawl"
"MEG","Cohort 2013 Jackson BT 195 Monk Trawl","Gear","2013","Yes","48.1562128576467","0.12549505690454","-3.13568083983687","Jackson BT 195 Monk Trawl"
"MEG","Cohort 2014 Jackson BT 195 Monk Trawl","Gear","2014","Yes","40.4685103854223","0.24624047722336","-0.899911435955009","Jackson BT 195 Monk Trawl"
"MEG","Cohort 2015 Jackson BT 195 Monk Trawl","Gear","2015","Yes","45.612991041132","0.14772083310778","-2.4279804089493","Jackson BT 195 Monk Trawl"
"MEG","Cohort 2016 Jackson BT 195 Monk Trawl","Gear","2016","Yes","38.2980309277806","0.288308613082201","-0.584862323075234","Jackson BT 195 Monk Trawl"
"MEG","Cohort 2017 Jackson BT 195 Monk Trawl","Gear","2017","Yes","42.5565553143281","0.177226166250287","-1.78702359762249","Jackson BT 195 Monk Trawl"
"MEG","Cohort 2018 Jackson BT 195 Monk Trawl","Gear","2018","Yes",NA,NA,NA,"Jackson BT 195 Monk Trawl"
"MEG","Cohort 2019 Jackson BT 195 Monk Trawl","Gear","2019","Yes","32.8928314675981","0.395188735218377","0.145249137177923","Jackson BT 195 Monk Trawl"
"MEG","Cohort 2020 Jackson BT 195 Monk Trawl","Gear","2020","Yes","33.3127296169677","0.229245100936485","-1.64709940050064","Jackson BT 195 Monk Trawl"
"MEG","Cohort 2021 Jackson BT 195 Monk Trawl","Gear","2021","Yes",NA,NA,NA,"Jackson BT 195 Monk Trawl"
"MEG","Cohort 2022 Jackson BT 195 Monk Trawl","Gear","2022","Yes",NA,NA,NA,"Jackson BT 195 Monk Trawl"
"MEG","Cohort 2023 Jackson BT 195 Monk Trawl","Gear","2023","Yes",NA,NA,NA,"Jackson BT 195 Monk Trawl"
"MEG","Cohort 2024 Jackson BT 195 Monk Trawl","Gear","2024","Yes",NA,NA,NA,"Jackson BT 195 Monk Trawl"
"PLE","Cohort 2004 Jackson BT 195 Monk Trawl","Gear","2004","Yes",NA,NA,NA,"Jackson BT 195 Monk Trawl"
"PLE","Cohort 2005 Jackson BT 195 Monk Trawl","Gear","2005","Yes",NA,NA,NA,"Jackson BT 195 Monk Trawl"
"PLE","Cohort 2006 Jackson BT 195 Monk Trawl","Gear","2006","Yes",NA,NA,NA,"Jackson BT 195 Monk Trawl"
"PLE","Cohort 2007 Jackson BT 195 Monk Trawl","Gear","2007","Yes",NA,NA,NA,"Jackson BT 195 Monk Trawl"
"PLE","Cohort 2008 Jackson BT 195 Monk Trawl","Gear","2008","Yes",NA,NA,NA,"Jackson BT 195 Monk Trawl"
"PLE","Cohort 2009 Jackson BT 195 Monk Trawl","Gear","2009","Yes",NA,NA,NA,"Jackson BT 195 Monk Trawl"
"PLE","Cohort 2010 Jackson BT 195 Monk Trawl","Gear","2010","Yes",NA,NA,NA,"Jackson BT 195 Monk Trawl"
"PLE","Cohort 2011 Jackson BT 195 Monk Trawl","Gear","2011","Yes",NA,NA,NA,"Jackson BT 195 Monk Trawl"
"PLE","Cohort 2012 Jackson BT 195 Monk Trawl","Gear","2012","Yes",NA,NA,NA,"Jackson BT 195 Monk Trawl"
"PLE","Cohort 2013 Jackson BT 195 Monk Trawl","Gear","2013","Yes",NA,NA,NA,"Jackson BT 195 Monk Trawl"
"PLE","Cohort 2014 Jackson BT 195 Monk Trawl","Gear","2014","Yes",NA,NA,NA,"Jackson BT 195 Monk Trawl"
"PLE","Cohort 2015 Jackson BT 195 Monk Trawl","Gear","2015","Yes","43.6786044770284","0.0912946302312804","-5.97932304992062","Jackson BT 195 Monk Trawl"
"PLE","Cohort 2016 Jackson BT 195 Monk Trawl","Gear","2016","Yes","31.2057082727955","0.37825184053227","-1.01898182657571","Jackson BT 195 Monk Trawl"
"PLE","Cohort 2017 Jackson BT 195 Monk Trawl","Gear","2017","Yes","130.183065731465","0.0148738957177543","-11.1895630123653","Jackson BT 195 Monk Trawl"
"PLE","Cohort 2018 Jackson BT 195 Monk Trawl","Gear","2018","Yes","30.1918563776881","0.533744278262929","-0.211342886746261","Jackson BT 195 Monk Trawl"
"PLE","Cohort 2019 Jackson BT 195 Monk Trawl","Gear","2019","Yes",NA,NA,NA,"Jackson BT 195 Monk Trawl"
"PLE","Cohort 2020 Jackson BT 195 Monk Trawl","Gear","2020","Yes",NA,NA,NA,"Jackson BT 195 Monk Trawl"
"PLE","Cohort 2021 Jackson BT 195 Monk Trawl","Gear","2021","Yes",NA,NA,NA,"Jackson BT 195 Monk Trawl"
"PLE","Cohort 2022 Jackson BT 195 Monk Trawl","Gear","2022","Yes",NA,NA,NA,"Jackson BT 195 Monk Trawl"
"PLE","Cohort 2023 Jackson BT 195 Monk Trawl","Gear","2023","Yes",NA,NA,NA,"Jackson BT 195 Monk Trawl"
"POK","Cohort 2003 Jackson BT 195 Monk Trawl","Gear","2003","Yes",NA,NA,NA,"Jackson BT 195 Monk Trawl"
"POK","Cohort 2004 Jackson BT 195 Monk Trawl","Gear","2004","Yes",NA,NA,NA,"Jackson BT 195 Monk Trawl"
"POK","Cohort 2005 Jackson BT 195 Monk Trawl","Gear","2005","Yes",NA,NA,NA,"Jackson BT 195 Monk Trawl"
"POK","Cohort 2007 Jackson BT 195 Monk Trawl","Gear","2007","Yes",NA,NA,NA,"Jackson BT 195 Monk Trawl"
"POK","Cohort 2008 Jackson BT 195 Monk Trawl","Gear","2008","Yes",NA,NA,NA,"Jackson BT 195 Monk Trawl"
"POK","Cohort 2009 Jackson BT 195 Monk Trawl","Gear","2009","Yes",NA,NA,NA,"Jackson BT 195 Monk Trawl"
"POK","Cohort 2010 Jackson BT 195 Monk Trawl","Gear","2010","Yes","88.5023313165585","1.48963982854411","4.92154330573982","Jackson BT 195 Monk Trawl"
"POK","Cohort 2011 Jackson BT 195 Monk Trawl","Gear","2011","Yes",NA,NA,NA,"Jackson BT 195 Monk Trawl"
"POK","Cohort 2012 Jackson BT 195 Monk Trawl","Gear","2012","Yes","78.5330565163842","0.290741520687221","0.443475342100027","Jackson BT 195 Monk Trawl"
"POK","Cohort 2013 Jackson BT 195 Monk Trawl","Gear","2013","Yes",NA,NA,NA,"Jackson BT 195 Monk Trawl"
"POK","Cohort 2014 Jackson BT 195 Monk Trawl","Gear","2014","Yes",NA,NA,NA,"Jackson BT 195 Monk Trawl"
"POK","Cohort 2015 Jackson BT 195 Monk Trawl","Gear","2015","Yes",NA,NA,NA,"Jackson BT 195 Monk Trawl"
"POK","Cohort 2016 Jackson BT 195 Monk Trawl","Gear","2016","Yes","58.6791913446836","0.548699086225196","0.57657844536112","Jackson BT 195 Monk Trawl"
"POK","Cohort 2017 Jackson BT 195 Monk Trawl","Gear","2017","Yes","51.2563279857397","0.573843232062859","-0.0936206371603481","Jackson BT 195 Monk Trawl"
"POK","Cohort 2018 Jackson BT 195 Monk Trawl","Gear","2018","Yes",NA,NA,NA,"Jackson BT 195 Monk Trawl"
"POK","Cohort 2019 Jackson BT 195 Monk Trawl","Gear","2019","Yes",NA,NA,NA,"Jackson BT 195 Monk Trawl"
"POK","Cohort 2020 Jackson BT 195 Monk Trawl","Gear","2020","Yes",NA,NA,NA,"Jackson BT 195 Monk Trawl"
"POK","Cohort 2021 Jackson BT 195 Monk Trawl","Gear","2021","Yes","60.7453703703703","0.384966586559825","-0.160212835937739","Jackson BT 195 Monk Trawl"
"POK","Cohort 2022 Jackson BT 195 Monk Trawl","Gear","2022","Yes",NA,NA,NA,"Jackson BT 195 Monk Trawl"
"POK","Cohort 2023 Jackson BT 195 Monk Trawl","Gear","2023","Yes",NA,NA,NA,"Jackson BT 195 Monk Trawl"
"POL","Cohort 2007 Jackson BT 195 Monk Trawl","Gear","2007","Yes",NA,NA,NA,"Jackson BT 195 Monk Trawl"
"POL","Cohort 2008 Jackson BT 195 Monk Trawl","Gear","2008","Yes",NA,NA,NA,"Jackson BT 195 Monk Trawl"
"POL","Cohort 2010 Jackson BT 195 Monk Trawl","Gear","2010","Yes",NA,NA,NA,"Jackson BT 195 Monk Trawl"
"POL","Cohort 2011 Jackson BT 195 Monk Trawl","Gear","2011","Yes",NA,NA,NA,"Jackson BT 195 Monk Trawl"
"POL","Cohort 2012 Jackson BT 195 Monk Trawl","Gear","2012","Yes","80.1393902599523","0.251301654464337","0.273168688629964","Jackson BT 195 Monk Trawl"
"POL","Cohort 2013 Jackson BT 195 Monk Trawl","Gear","2013","Yes","65.208664179751","0.509014372448895","0.831926508545906","Jackson BT 195 Monk Trawl"
"POL","Cohort 2014 Jackson BT 195 Monk Trawl","Gear","2014","Yes","146.449285363432","0.0576149315643957","-3.47983978753652","Jackson BT 195 Monk Trawl"
"POL","Cohort 2015 Jackson BT 195 Monk Trawl","Gear","2015","Yes","81.207838496156","0.19894747614412","-0.959532978356873","Jackson BT 195 Monk Trawl"
"POL","Cohort 2016 Jackson BT 195 Monk Trawl","Gear","2016","Yes",NA,NA,NA,"Jackson BT 195 Monk Trawl"
"POL","Cohort 2017 Jackson BT 195 Monk Trawl","Gear","2017","Yes",NA,NA,NA,"Jackson BT 195 Monk Trawl"
"POL","Cohort 2018 Jackson BT 195 Monk Trawl","Gear","2018","Yes",NA,NA,NA,"Jackson BT 195 Monk Trawl"
"POL","Cohort 2019 Jackson BT 195 Monk Trawl","Gear","2019","Yes",NA,NA,NA,"Jackson BT 195 Monk Trawl"
"POL","Cohort 2020 Jackson BT 195 Monk Trawl","Gear","2020","Yes",NA,NA,NA,"Jackson BT 195 Monk Trawl"
"POL","Cohort 2021 Jackson BT 195 Monk Trawl","Gear","2021","Yes",NA,NA,NA,"Jackson BT 195 Monk Trawl"
"POL","Cohort 2022 Jackson BT 195 Monk Trawl","Gear","2022","Yes",NA,NA,NA,"Jackson BT 195 Monk Trawl"
"SOL","Cohort 2003 Jackson BT 195 Monk Trawl","Gear","2003","Yes",NA,NA,NA,"Jackson BT 195 Monk Trawl"
"SOL","Cohort 2004 Jackson BT 195 Monk Trawl","Gear","2004","Yes",NA,NA,NA,"Jackson BT 195 Monk Trawl"
"SOL","Cohort 2006 Jackson BT 195 Monk Trawl","Gear","2006","Yes",NA,NA,NA,"Jackson BT 195 Monk Trawl"
"SOL","Cohort 2007 Jackson BT 195 Monk Trawl","Gear","2007","Yes",NA,NA,NA,"Jackson BT 195 Monk Trawl"
"SOL","Cohort 2008 Jackson BT 195 Monk Trawl","Gear","2008","Yes",NA,NA,NA,"Jackson BT 195 Monk Trawl"
"SOL","Cohort 2009 Jackson BT 195 Monk Trawl","Gear","2009","Yes",NA,NA,NA,"Jackson BT 195 Monk Trawl"
"SOL","Cohort 2010 Jackson BT 195 Monk Trawl","Gear","2010","Yes",NA,NA,NA,"Jackson BT 195 Monk Trawl"
"SOL","Cohort 2011 Jackson BT 195 Monk Trawl","Gear","2011","Yes",NA,NA,NA,"Jackson BT 195 Monk Trawl"
"SOL","Cohort 2012 Jackson BT 195 Monk Trawl","Gear","2012","Yes",NA,NA,NA,"Jackson BT 195 Monk Trawl"
"SOL","Cohort 2013 Jackson BT 195 Monk Trawl","Gear","2013","Yes",NA,NA,NA,"Jackson BT 195 Monk Trawl"
"SOL","Cohort 2014 Jackson BT 195 Monk Trawl","Gear","2014","Yes",NA,NA,NA,"Jackson BT 195 Monk Trawl"
"SOL","Cohort 2015 Jackson BT 195 Monk Trawl","Gear","2015","Yes",NA,NA,NA,"Jackson BT 195 Monk Trawl"
"SOL","Cohort 2016 Jackson BT 195 Monk Trawl","Gear","2016","Yes",NA,NA,NA,"Jackson BT 195 Monk Trawl"
"SOL","Cohort 2017 Jackson BT 195 Monk Trawl","Gear","2017","Yes",NA,NA,NA,"Jackson BT 195 Monk Trawl"
"SOL","Cohort 2018 Jackson BT 195 Monk Trawl","Gear","2018","Yes",NA,NA,NA,"Jackson BT 195 Monk Trawl"
"SOL","Cohort 2019 Jackson BT 195 Monk Trawl","Gear","2019","Yes",NA,NA,NA,"Jackson BT 195 Monk Trawl"
"SOL","Cohort 2020 Jackson BT 195 Monk Trawl","Gear","2020","Yes",NA,NA,NA,"Jackson BT 195 Monk Trawl"
"WHG","Cohort 2008 Jackson BT 195 Monk Trawl","Gear","2008","Yes",NA,NA,NA,"Jackson BT 195 Monk Trawl"
"WHG","Cohort 2009 Jackson BT 195 Monk Trawl","Gear","2009","Yes",NA,NA,NA,"Jackson BT 195 Monk Trawl"
"WHG","Cohort 2010 Jackson BT 195 Monk Trawl","Gear","2010","Yes",NA,NA,NA,"Jackson BT 195 Monk Trawl"
"WHG","Cohort 2011 Jackson BT 195 Monk Trawl","Gear","2011","Yes",NA,NA,NA,"Jackson BT 195 Monk Trawl"
"WHG","Cohort 2012 Jackson BT 195 Monk Trawl","Gear","2012","Yes",NA,NA,NA,"Jackson BT 195 Monk Trawl"
"WHG","Cohort 2013 Jackson BT 195 Monk Trawl","Gear","2013","Yes","42.2373023099876","2.3406070491427","2.13341147597828","Jackson BT 195 Monk Trawl"
"WHG","Cohort 2014 Jackson BT 195 Monk Trawl","Gear","2014","Yes","42.0453909657582","0.559053679095419","-0.264651850360986","Jackson BT 195 Monk Trawl"
"WHG","Cohort 2015 Jackson BT 195 Monk Trawl","Gear","2015","Yes","56.4418180988555","0.192025763246499","-1.66541585664601","Jackson BT 195 Monk Trawl"
"WHG","Cohort 2016 Jackson BT 195 Monk Trawl","Gear","2016","Yes","53.5755569280951","0.255961041996206","-0.880221935779922","Jackson BT 195 Monk Trawl"
"WHG","Cohort 2017 Jackson BT 195 Monk Trawl","Gear","2017","Yes","49.8643322048906","0.34979948194687","-0.575881480838589","Jackson BT 195 Monk Trawl"
"WHG","Cohort 2018 Jackson BT 195 Monk Trawl","Gear","2018","Yes","44.9551047169929","0.375004708591106","-0.908623594540554","Jackson BT 195 Monk Trawl"
"WHG","Cohort 2019 Jackson BT 195 Monk Trawl","Gear","2019","Yes","54.7271636389281","0.179899462110597","-2.20508833753418","Jackson BT 195 Monk Trawl"
"WHG","Cohort 2020 Jackson BT 195 Monk Trawl","Gear","2020","Yes","47.2169341985747","0.25332987889015","-1.69638065777672","Jackson BT 195 Monk Trawl"
"WHG","Cohort 2021 Jackson BT 195 Monk Trawl","Gear","2021","Yes","78.531707820435","0.068312840323643","-4.46361473602147","Jackson BT 195 Monk Trawl"
"WHG","Cohort 2022 Jackson BT 195 Monk Trawl","Gear","2022","Yes",NA,NA,NA,"Jackson BT 195 Monk Trawl"
"WHG","Cohort 2023 Jackson BT 195 Monk Trawl","Gear","2023","Yes",NA,NA,NA,"Jackson BT 195 Monk Trawl"
"WHG","Cohort 2024 Jackson BT 195 Monk Trawl","Gear","2024","Yes",NA,NA,NA,"Jackson BT 195 Monk Trawl"
"COD","Cohort 2009 VIIj","Division","2009","Yes",NA,NA,NA,"VIIj"
"COD","Cohort 2012 VIa","Division","2012","Yes",NA,NA,NA,"VIa"
"COD","Cohort 2012 VIIh","Division","2012","Yes",NA,NA,NA,"VIIh"
"COD","Cohort 2012 VIIj","Division","2012","Yes",NA,NA,NA,"VIIj"
"COD","Cohort 2013 VIa","Division","2013","Yes",NA,NA,NA,"VIa"
"COD","Cohort 2013 VIIg","Division","2013","Yes","129.695641386367","0.267571596311896","0.230244549131884","VIIg"
"COD","Cohort 2013 VIIh","Division","2013","Yes",NA,NA,NA,"VIIh"
"COD","Cohort 2013 VIIj","Division","2013","Yes",NA,NA,NA,"VIIj"
"COD","Cohort 2014 VIa","Division","2014","Yes","-28.8501621120885","-0.205392677695267","-2.44255007989506","VIa"
"COD","Cohort 2014 VIIb","Division","2014","Yes",NA,NA,NA,"VIIb"
"COD","Cohort 2014 VIIg","Division","2014","Yes",NA,NA,NA,"VIIg"
"COD","Cohort 2014 VIIj","Division","2014","Yes",NA,NA,NA,"VIIj"
"COD","Cohort 2015 VIa","Division","2015","Yes","130.751808176757","0.181424168148614","-0.238745868045024","VIa"
"COD","Cohort 2015 VIIb","Division","2015","Yes",NA,NA,NA,"VIIb"
"COD","Cohort 2015 VIIg","Division","2015","Yes",NA,NA,NA,"VIIg"
"COD","Cohort 2015 VIIj","Division","2015","Yes",NA,NA,NA,"VIIj"
"COD","Cohort 2016 VIa","Division","2016","Yes",NA,NA,NA,"VIa"
"COD","Cohort 2016 VIIg","Division","2016","Yes",NA,NA,NA,"VIIg"
"COD","Cohort 2017 VIa","Division","2017","Yes","103.509803921569","0.399034217777873","0.58637869251864","VIa"
"COD","Cohort 2017 VIIg","Division","2017","Yes","101.108645122195","0.54301395066389","0.810140481959791","VIIg"
"COD","Cohort 2017 VIIj","Division","2017","Yes",NA,NA,NA,"VIIj"
"COD","Cohort 2018 VIa","Division","2018","Yes","-530.561733021067","-0.0246228383101401","-1.25968952832972","VIa"
"COD","Cohort 2018 VIIc","Division","2018","Yes",NA,NA,NA,"VIIc"
"COD","Cohort 2018 VIIg","Division","2018","Yes","150.734753652766","0.248751617721714","0.525053801406228","VIIg"
"COD","Cohort 2018 VIIh","Division","2018","Yes",NA,NA,NA,"VIIh"
"COD","Cohort 2018 VIIj","Division","2018","Yes",NA,NA,NA,"VIIj"
"COD","Cohort 2019 VIa","Division","2019","Yes","-3367.50000000006","-0.00364299127850101","-1.64751110213276","VIa"
"COD","Cohort 2019 VIIg","Division","2019","Yes",NA,NA,NA,"VIIg"
"COD","Cohort 2019 VIIj","Division","2019","Yes",NA,NA,NA,"VIIj"
"COD","Cohort 2020 VIa","Division","2020","Yes",NA,NA,NA,"VIa"
"COD","Cohort 2021 VIa","Division","2021","Yes",NA,NA,NA,"VIa"
"COD","Cohort 2021 VIIb","Division","2021","Yes",NA,NA,NA,"VIIb"
"COD","Cohort 2021 VIIc","Division","2021","Yes",NA,NA,NA,"VIIc"
"COD","Cohort 2021 VIIg","Division","2021","Yes",NA,NA,NA,"VIIg"
"COD","Cohort 2021 VIIh","Division","2021","Yes",NA,NA,NA,"VIIh"
"COD","Cohort 2021 VIIj","Division","2021","Yes",NA,NA,NA,"VIIj"
"COD","Cohort 2022 VIa","Division","2022","Yes",NA,NA,NA,"VIa"
"COD","Cohort 2023 VIa","Division","2023","Yes",NA,NA,NA,"VIa"
"COD","Cohort 2023 VIIg","Division","2023","Yes",NA,NA,NA,"VIIg"
"COD","Cohort 2024 VIa","Division","2024","Yes",NA,NA,NA,"VIa"
"HAD","Cohort 2005 VIIc","Division","2005","Yes",NA,NA,NA,"VIIc"
"HAD","Cohort 2007 VIa","Division","2007","Yes",NA,NA,NA,"VIa"
"HAD","Cohort 2007 VIIb","Division","2007","Yes",NA,NA,NA,"VIIb"
"HAD","Cohort 2007 VIIj","Division","2007","Yes",NA,NA,NA,"VIIj"
"HAD","Cohort 2008 VIa","Division","2008","Yes","51.094298245614","0.837396789404491","6.03345259710513","VIa"
"HAD","Cohort 2008 VIIb","Division","2008","Yes",NA,NA,NA,"VIIb"
"HAD","Cohort 2008 VIIj","Division","2008","Yes",NA,NA,NA,"VIIj"
"HAD","Cohort 2009 VIa","Division","2009","Yes",NA,NA,NA,"VIa"
"HAD","Cohort 2009 VIIb","Division","2009","Yes",NA,NA,NA,"VIIb"
"HAD","Cohort 2009 VIIc","Division","2009","Yes",NA,NA,NA,"VIIc"
"HAD","Cohort 2009 VIIg","Division","2009","Yes",NA,NA,NA,"VIIg"
"HAD","Cohort 2009 VIIh","Division","2009","Yes",NA,NA,NA,"VIIh"
"HAD","Cohort 2009 VIIj","Division","2009","Yes",NA,NA,NA,"VIIj"
"HAD","Cohort 2010 VIa","Division","2010","Yes",NA,NA,NA,"VIa"
"HAD","Cohort 2010 VIIb","Division","2010","Yes",NA,NA,NA,"VIIb"
"HAD","Cohort 2010 VIIg","Division","2010","Yes",NA,NA,NA,"VIIg"
"HAD","Cohort 2010 VIIh","Division","2010","Yes",NA,NA,NA,"VIIh"
"HAD","Cohort 2010 VIIj","Division","2010","Yes",NA,NA,NA,"VIIj"
"HAD","Cohort 2011 VIa","Division","2011","Yes",NA,NA,NA,"VIa"
"HAD","Cohort 2011 VIIb","Division","2011","Yes","50.9635989010989","1.61828752771108","4.09578978503284","VIIb"
"HAD","Cohort 2011 VIIh","Division","2011","Yes",NA,NA,NA,"VIIh"
"HAD","Cohort 2011 VIIj","Division","2011","Yes",NA,NA,NA,"VIIj"
"HAD","Cohort 2012 VIa","Division","2012","Yes",NA,NA,NA,"VIa"
"HAD","Cohort 2012 VIIb","Division","2012","Yes",NA,NA,NA,"VIIb"
"HAD","Cohort 2012 VIIg","Division","2012","Yes",NA,NA,NA,"VIIg"
"HAD","Cohort 2012 VIIh","Division","2012","Yes",NA,NA,NA,"VIIh"
"HAD","Cohort 2012 VIIj","Division","2012","Yes",NA,NA,NA,"VIIj"
"HAD","Cohort 2013 VIa","Division","2013","Yes","48.4755986818566","0.394808170090465","-0.456222702270392","VIa"
"HAD","Cohort 2013 VIIb","Division","2013","Yes",NA,NA,NA,"VIIb"
"HAD","Cohort 2013 VIIc","Division","2013","Yes",NA,NA,NA,"VIIc"
"HAD","Cohort 2013 VIIg","Division","2013","Yes",NA,NA,NA,"VIIg"
"HAD","Cohort 2013 VIIh","Division","2013","Yes","87.3240816557168","0.213482030968996","-0.489737662231306","VIIh"
"HAD","Cohort 2013 VIIj","Division","2013","Yes","73.034176496217","0.26465707487669","-0.428233946134154","VIIj"
"HAD","Cohort 2014 VIa","Division","2014","Yes","48.1837848712258","0.245083499338662","-1.59310052805016","VIa"
"HAD","Cohort 2014 VIIb","Division","2014","Yes","55.6764510429298","0.211476456944468","-1.31141821799317","VIIb"
"HAD","Cohort 2014 VIIc","Division","2014","Yes",NA,NA,NA,"VIIc"
"HAD","Cohort 2014 VIIg","Division","2014","Yes","469.721666090401","0.0200099021220643","-1.51593039482351","VIIg"
"HAD","Cohort 2014 VIIh","Division","2014","Yes","81.9606298225354","0.226826720989475","-0.516748063051718","VIIh"
"HAD","Cohort 2014 VIIj","Division","2014","Yes","61.5441737805074","0.396232075573772","0.26762950118808","VIIj"
"HAD","Cohort 2015 VIa","Division","2015","Yes","45.7068458749378","0.285502580774484","-1.12954852458436","VIa"
"HAD","Cohort 2015 VIIb","Division","2015","Yes","63.7957426932423","0.17839864062092","-1.01546001768298","VIIb"
"HAD","Cohort 2015 VIIc","Division","2015","Yes",NA,NA,NA,"VIIc"
"HAD","Cohort 2015 VIIg","Division","2015","Yes","73.6266294751612","0.247281254381576","-0.532271391667061","VIIg"
"HAD","Cohort 2015 VIIh","Division","2015","Yes","76.8066613134683","0.294476912246588","-0.0433679358487148","VIIh"
"HAD","Cohort 2015 VIIj","Division","2015","Yes","74.0287850884793","0.266045648380055","-0.180127881715985","VIIj"
"HAD","Cohort 2016 VIa","Division","2016","Yes","46.2158574906555","0.251652099295681","-1.22596743021477","VIa"
"HAD","Cohort 2016 VIIb","Division","2016","Yes",NA,NA,NA,"VIIb"
"HAD","Cohort 2016 VIIc","Division","2016","Yes","69.7078520815689","0.395239967429034","0.0425088493868235","VIIc"
"HAD","Cohort 2016 VIIg","Division","2016","Yes","57.682456377449","1.35233084354109","1.39929767862658","VIIg"
"HAD","Cohort 2016 VIIh","Division","2016","Yes","74.5598155606866","0.369585122252335","0.107716789655014","VIIh"
"HAD","Cohort 2016 VIIj","Division","2016","Yes",NA,NA,NA,"VIIj"
"HAD","Cohort 2017 VIa","Division","2017","Yes","45.353457337258","0.401096220983221","-0.282757145934594","VIa"
"HAD","Cohort 2017 VIIb","Division","2017","Yes","44.9671291860639","0.56152726904291","-0.119820820783687","VIIb"
"HAD","Cohort 2017 VIIc","Division","2017","Yes","69.2056410452072","0.347728359390033","-0.302162387422705","VIIc"
"HAD","Cohort 2017 VIIg","Division","2017","Yes","199.334400769143","0.0697166123305997","-0.5597747428128","VIIg"
"HAD","Cohort 2017 VIIh","Division","2017","Yes","80.1726685489069","0.283288275853662","-0.117743507556332","VIIh"
"HAD","Cohort 2017 VIIj","Division","2017","Yes","84.6403935316312","0.206444781750945","-0.360585032274793","VIIj"
"HAD","Cohort 2018 VIa","Division","2018","Yes","55.504439875509","0.19231049554731","-1.46660436415203","VIa"
"HAD","Cohort 2018 VIIb","Division","2018","Yes","71.0409368556716","0.146832045403167","-1.5013312240091","VIIb"
"HAD","Cohort 2018 VIIc","Division","2018","Yes","93.0791691965234","0.119310747825784","-1.70304330010464","VIIc"
"HAD","Cohort 2018 VIIg","Division","2018","Yes","75.4508570215588","0.257802450821032","-0.092420807100874","VIIg"
"HAD","Cohort 2018 VIIh","Division","2018","Yes","82.5891145028012","0.298448780694695","0.0727785173107579","VIIh"
"HAD","Cohort 2018 VIIj","Division","2018","Yes","75.1044685321516","0.20026248527427","-0.598537563357187","VIIj"
"HAD","Cohort 2019 VIa","Division","2019","Yes","51.1114855938647","0.228622499509724","-1.16300782964898","VIa"
"HAD","Cohort 2019 VIIb","Division","2019","Yes","62.2399341456213","0.182096430549739","-0.958722412449859","VIIb"
"HAD","Cohort 2019 VIIc","Division","2019","Yes","56.7916370149771","0.605798159948186","0.426720065272432","VIIc"
"HAD","Cohort 2019 VIIg","Division","2019","Yes",NA,NA,NA,"VIIg"
"HAD","Cohort 2019 VIIh","Division","2019","Yes","67.7251228303604","0.436060209814538","0.177458951241957","VIIh"
"HAD","Cohort 2019 VIIj","Division","2019","Yes","79.510281389493","0.207688847914796","-0.284132202120747","VIIj"
"HAD","Cohort 2020 VIa","Division","2020","Yes","78.8191883230999","0.0880929280393027","-2.40063559823926","VIa"
"HAD","Cohort 2020 VIIb","Division","2020","Yes","45.7419902888249","0.427481171378782","-0.124738179936813","VIIb"
"HAD","Cohort 2020 VIIc","Division","2020","Yes","65.9680615331687","0.340625376296713","-0.279294943598903","VIIc"
"HAD","Cohort 2020 VIIg","Division","2020","Yes","77.7440020295478","0.23228645827334","-0.190156494040775","VIIg"
"HAD","Cohort 2020 VIIh","Division","2020","Yes","62.0753160759323","0.581030618972963","0.277689795734833","VIIh"
"HAD","Cohort 2020 VIIj","Division","2020","Yes","59.3131182132247","0.344437169385055","-0.0616201450313668","VIIj"
"HAD","Cohort 2021 VIa","Division","2021","Yes","101.705240046432","0.0568247681623947","-3.03998200577115","VIa"
"HAD","Cohort 2021 VIIb","Division","2021","Yes",NA,NA,NA,"VIIb"
"HAD","Cohort 2021 VIIc","Division","2021","Yes","64.6457460070369","0.291902659230014","-0.702586641586926","VIIc"
"HAD","Cohort 2021 VIIg","Division","2021","Yes","51.5897771272013","0.3993236104585","-0.312027781520856","VIIg"
"HAD","Cohort 2021 VIIh","Division","2021","Yes","65.2850317095515","0.417720429820459","-0.0468365855631382","VIIh"
"HAD","Cohort 2021 VIIj","Division","2021","Yes","52.4279359955587","0.507970122425174","0.113610140847278","VIIj"
"HAD","Cohort 2022 VIa","Division","2022","Yes",NA,NA,NA,"VIa"
"HAD","Cohort 2022 VIIb","Division","2022","Yes",NA,NA,NA,"VIIb"
"HAD","Cohort 2022 VIIc","Division","2022","Yes",NA,NA,NA,"VIIc"
"HAD","Cohort 2022 VIIg","Division","2022","Yes",NA,NA,NA,"VIIg"
"HAD","Cohort 2022 VIIh","Division","2022","Yes","-11.1666666666667","-0.356674943938732","-2.00952466126675","VIIh"
"HAD","Cohort 2022 VIIj","Division","2022","Yes","47.4079301075269","0.622784531136386","0.124328945332933","VIIj"
"HAD","Cohort 2023 VIa","Division","2023","Yes",NA,NA,NA,"VIa"
"HAD","Cohort 2023 VIIb","Division","2023","Yes",NA,NA,NA,"VIIb"
"HAD","Cohort 2023 VIIc","Division","2023","Yes",NA,NA,NA,"VIIc"
"HAD","Cohort 2023 VIIg","Division","2023","Yes",NA,NA,NA,"VIIg"
"HAD","Cohort 2023 VIIh","Division","2023","Yes",NA,NA,NA,"VIIh"
"HAD","Cohort 2023 VIIj","Division","2023","Yes",NA,NA,NA,"VIIj"
"HAD","Cohort 2024 VIa","Division","2024","Yes",NA,NA,NA,"VIa"
"HAD","Cohort 2024 VIIb","Division","2024","Yes",NA,NA,NA,"VIIb"
"HAD","Cohort 2024 VIIc","Division","2024","Yes",NA,NA,NA,"VIIc"
"HAD","Cohort 2024 VIIg","Division","2024","Yes",NA,NA,NA,"VIIg"
"HAD","Cohort 2024 VIIh","Division","2024","Yes",NA,NA,NA,"VIIh"
"HAD","Cohort 2024 VIIj","Division","2024","Yes",NA,NA,NA,"VIIj"
"MEG","Cohort 2003 VIa","Division","2003","Yes",NA,NA,NA,"VIa"
"MEG","Cohort 2003 VIIb","Division","2003","Yes",NA,NA,NA,"VIIb"
"MEG","Cohort 2003 VIIc","Division","2003","Yes",NA,NA,NA,"VIIc"
"MEG","Cohort 2003 VIIh","Division","2003","Yes",NA,NA,NA,"VIIh"
"MEG","Cohort 2003 VIIj","Division","2003","Yes",NA,NA,NA,"VIIj"
"MEG","Cohort 2003 VIIk","Division","2003","Yes",NA,NA,NA,"VIIk"
"MEG","Cohort 2004 VIa","Division","2004","Yes",NA,NA,NA,"VIa"
"MEG","Cohort 2004 VIIb","Division","2004","Yes",NA,NA,NA,"VIIb"
"MEG","Cohort 2004 VIIc","Division","2004","Yes",NA,NA,NA,"VIIc"
"MEG","Cohort 2004 VIIg","Division","2004","Yes",NA,NA,NA,"VIIg"
"MEG","Cohort 2004 VIIh","Division","2004","Yes",NA,NA,NA,"VIIh"
"MEG","Cohort 2004 VIIj","Division","2004","Yes",NA,NA,NA,"VIIj"
"MEG","Cohort 2004 VIIk","Division","2004","Yes",NA,NA,NA,"VIIk"
"MEG","Cohort 2005 VIa","Division","2005","Yes",NA,NA,NA,"VIa"
"MEG","Cohort 2005 VIIb","Division","2005","Yes",NA,NA,NA,"VIIb"
"MEG","Cohort 2005 VIIc","Division","2005","Yes",NA,NA,NA,"VIIc"
"MEG","Cohort 2005 VIIg","Division","2005","Yes",NA,NA,NA,"VIIg"
"MEG","Cohort 2005 VIIh","Division","2005","Yes",NA,NA,NA,"VIIh"
"MEG","Cohort 2005 VIIj","Division","2005","Yes",NA,NA,NA,"VIIj"
"MEG","Cohort 2005 VIIk","Division","2005","Yes",NA,NA,NA,"VIIk"
"MEG","Cohort 2006 VIa","Division","2006","Yes",NA,NA,NA,"VIa"
"MEG","Cohort 2006 VIIb","Division","2006","Yes",NA,NA,NA,"VIIb"
"MEG","Cohort 2006 VIIc","Division","2006","Yes",NA,NA,NA,"VIIc"
"MEG","Cohort 2006 VIIg","Division","2006","Yes","47.7367810526796","0.549335144938567","6.53647986809416","VIIg"
"MEG","Cohort 2006 VIIh","Division","2006","Yes",NA,NA,NA,"VIIh"
"MEG","Cohort 2006 VIIj","Division","2006","Yes",NA,NA,NA,"VIIj"
"MEG","Cohort 2006 VIIk","Division","2006","Yes",NA,NA,NA,"VIIk"
"MEG","Cohort 2007 VIa","Division","2007","Yes",NA,NA,NA,"VIa"
"MEG","Cohort 2007 VIIb","Division","2007","Yes",NA,NA,NA,"VIIb"
"MEG","Cohort 2007 VIIc","Division","2007","Yes",NA,NA,NA,"VIIc"
"MEG","Cohort 2007 VIIg","Division","2007","Yes",NA,NA,NA,"VIIg"
"MEG","Cohort 2007 VIIh","Division","2007","Yes",NA,NA,NA,"VIIh"
"MEG","Cohort 2007 VIIj","Division","2007","Yes",NA,NA,NA,"VIIj"
"MEG","Cohort 2007 VIIk","Division","2007","Yes",NA,NA,NA,"VIIk"
"MEG","Cohort 2008 VIa","Division","2008","Yes",NA,NA,NA,"VIa"
"MEG","Cohort 2008 VIIb","Division","2008","Yes",NA,NA,NA,"VIIb"
"MEG","Cohort 2008 VIIc","Division","2008","Yes",NA,NA,NA,"VIIc"
"MEG","Cohort 2008 VIIg","Division","2008","Yes","40.6620644730879","2.69508329266414","6.87529747995589","VIIg"
"MEG","Cohort 2008 VIIh","Division","2008","Yes",NA,NA,NA,"VIIh"
"MEG","Cohort 2008 VIIj","Division","2008","Yes","68.5423038441089","0.0650815834845146","-3.18225300835496","VIIj"
"MEG","Cohort 2008 VIIk","Division","2008","Yes",NA,NA,NA,"VIIk"
"MEG","Cohort 2009 VIa","Division","2009","Yes",NA,NA,NA,"VIa"
"MEG","Cohort 2009 VIIb","Division","2009","Yes","79.0329685171679","0.053090804559163","-3.39694774555433","VIIb"
"MEG","Cohort 2009 VIIc","Division","2009","Yes",NA,NA,NA,"VIIc"
"MEG","Cohort 2009 VIIg","Division","2009","Yes",NA,NA,NA,"VIIg"
"MEG","Cohort 2009 VIIh","Division","2009","Yes",NA,NA,NA,"VIIh"
"MEG","Cohort 2009 VIIj","Division","2009","Yes","59.5139182939826","0.0776862115847171","-4.25958199194157","VIIj"
"MEG","Cohort 2009 VIIk","Division","2009","Yes",NA,NA,NA,"VIIk"
"MEG","Cohort 2010 VIa","Division","2010","Yes","51.8203023075622","0.11849670453495","-1.96805808468627","VIa"
"MEG","Cohort 2010 VIIb","Division","2010","Yes",NA,NA,NA,"VIIb"
"MEG","Cohort 2010 VIIc","Division","2010","Yes","57.5381936198013","0.105841723762652","0.105833755890295","VIIc"
"MEG","Cohort 2010 VIIg","Division","2010","Yes",NA,NA,NA,"VIIg"
"MEG","Cohort 2010 VIIh","Division","2010","Yes",NA,NA,NA,"VIIh"
"MEG","Cohort 2010 VIIj","Division","2010","Yes","49.0175935331111","0.161747532117616","-0.977195977376338","VIIj"
"MEG","Cohort 2010 VIIk","Division","2010","Yes",NA,NA,NA,"VIIk"
"MEG","Cohort 2011 VIa","Division","2011","Yes",NA,NA,NA,"VIa"
"MEG","Cohort 2011 VIIb","Division","2011","Yes",NA,NA,NA,"VIIb"
"MEG","Cohort 2011 VIIc","Division","2011","Yes",NA,NA,NA,"VIIc"
"MEG","Cohort 2011 VIIg","Division","2011","Yes",NA,NA,NA,"VIIg"
"MEG","Cohort 2011 VIIh","Division","2011","Yes",NA,NA,NA,"VIIh"
"MEG","Cohort 2011 VIIj","Division","2011","Yes","44.7548065646884","0.139617613636978","-3.26058268585627","VIIj"
"MEG","Cohort 2011 VIIk","Division","2011","Yes",NA,NA,NA,"VIIk"
"MEG","Cohort 2012 VIa","Division","2012","Yes",NA,NA,NA,"VIa"
"MEG","Cohort 2012 VIIb","Division","2012","Yes",NA,NA,NA,"VIIb"
"MEG","Cohort 2012 VIIc","Division","2012","Yes","65.0214047059133","0.0697193454422335","-2.80820998304119","VIIc"
"MEG","Cohort 2012 VIIg","Division","2012","Yes",NA,NA,NA,"VIIg"
"MEG","Cohort 2012 VIIh","Division","2012","Yes","41.3608254109278","0.305207076519815","0.635856091069498","VIIh"
"MEG","Cohort 2012 VIIj","Division","2012","Yes","43.8531238719049","0.241809026020063","0.0624182308375043","VIIj"
"MEG","Cohort 2012 VIIk","Division","2012","Yes",NA,NA,NA,"VIIk"
"MEG","Cohort 2013 VIa","Division","2013","Yes",NA,NA,NA,"VIa"
"MEG","Cohort 2013 VIIb","Division","2013","Yes","54.7225639088424","0.0774488999846587","-5.01299489551303","VIIb"
"MEG","Cohort 2013 VIIc","Division","2013","Yes",NA,NA,NA,"VIIc"
"MEG","Cohort 2013 VIIg","Division","2013","Yes","44.076589409088","0.179367611345568","-3.93320851419992","VIIg"
"MEG","Cohort 2013 VIIh","Division","2013","Yes",NA,NA,NA,"VIIh"
"MEG","Cohort 2013 VIIj","Division","2013","Yes","38.0037655038181","0.359384534250315","0.241001157571079","VIIj"
"MEG","Cohort 2013 VIIk","Division","2013","Yes","42.4302942404408","0.40745522749935","1.39160333160208","VIIk"
"MEG","Cohort 2014 VIa","Division","2014","Yes","45.3261901540068","0.150735701410388","-2.91238045692757","VIa"
"MEG","Cohort 2014 VIIb","Division","2014","Yes",NA,NA,NA,"VIIb"
"MEG","Cohort 2014 VIIc","Division","2014","Yes","78.9635532653148","0.0459864958217787","-4.51238545104253","VIIc"
"MEG","Cohort 2014 VIIg","Division","2014","Yes",NA,NA,NA,"VIIg"
"MEG","Cohort 2014 VIIh","Division","2014","Yes","36.2752830420633","0.463319161810211","0.55578385246001","VIIh"
"MEG","Cohort 2014 VIIj","Division","2014","Yes","36.1319880887588","0.461298464242999","0.462145771580961","VIIj"
"MEG","Cohort 2014 VIIk","Division","2014","Yes",NA,NA,NA,"VIIk"
"MEG","Cohort 2015 VIa","Division","2015","Yes","45.4090021396175","0.17510189487514","-1.5709062744421","VIa"
"MEG","Cohort 2015 VIIb","Division","2015","Yes","42.0014412841768","0.2370357995102","-0.101869934277076","VIIb"
"MEG","Cohort 2015 VIIc","Division","2015","Yes",NA,NA,NA,"VIIc"
"MEG","Cohort 2015 VIIg","Division","2015","Yes","38.1172744605587","0.384705796419006","-0.913398339098396","VIIg"
"MEG","Cohort 2015 VIIh","Division","2015","Yes","33.9401705526671","0.660866508533007","0.670426660881987","VIIh"
"MEG","Cohort 2015 VIIj","Division","2015","Yes","38.2546156258936","0.257069085591012","-1.14899596455547","VIIj"
"MEG","Cohort 2015 VIIk","Division","2015","Yes",NA,NA,NA,"VIIk"
"MEG","Cohort 2016 VIa","Division","2016","Yes","37.907091993881","0.50494660384268","1.04027524270029","VIa"
"MEG","Cohort 2016 VIIb","Division","2016","Yes","49.2318680699335","0.159183429648279","-0.477625400808515","VIIb"
"MEG","Cohort 2016 VIIc","Division","2016","Yes",NA,NA,NA,"VIIc"
"MEG","Cohort 2016 VIIg","Division","2016","Yes","36.7224294830344","0.601517330580358","0.58086692093293","VIIg"
"MEG","Cohort 2016 VIIh","Division","2016","Yes","35.5730614854279","0.509221032634923","0.0284646557596794","VIIh"
"MEG","Cohort 2016 VIIj","Division","2016","Yes","36.4009224785829","0.259659613537698","-1.33925684169642","VIIj"
"MEG","Cohort 2016 VIIk","Division","2016","Yes",NA,NA,NA,"VIIk"
"MEG","Cohort 2017 VIa","Division","2017","Yes","35.4933492533774","0.55269873649147","0.454443623615245","VIa"
"MEG","Cohort 2017 VIIb","Division","2017","Yes","111.733271726194","0.040342456298447","-2.55878772958201","VIIb"
"MEG","Cohort 2017 VIIc","Division","2017","Yes",NA,NA,NA,"VIIc"
"MEG","Cohort 2017 VIIg","Division","2017","Yes","38.4727571564045","0.329792532595854","-0.247465554845112","VIIg"
"MEG","Cohort 2017 VIIh","Division","2017","Yes","33.963842730845","0.738489335880091","1.60270622321725","VIIh"
"MEG","Cohort 2017 VIIj","Division","2017","Yes","42.0335534841504","0.145018098980504","-2.95361075259708","VIIj"
"MEG","Cohort 2017 VIIk","Division","2017","Yes","28.5230129712572","0.456426318412418","-0.291339078949906","VIIk"
"MEG","Cohort 2018 VIa","Division","2018","Yes","39.2677858172741","0.253804510199249","-0.99040398872606","VIa"
"MEG","Cohort 2018 VIIb","Division","2018","Yes","36.4504488980923","0.331890251451772","0.125301777278438","VIIb"
"MEG","Cohort 2018 VIIc","Division","2018","Yes","33.0788057188584","0.423081003138544","0.40551329072735","VIIc"
"MEG","Cohort 2018 VIIg","Division","2018","Yes","33.0915929710217","0.670184514226195","1.02460164414061","VIIg"
"MEG","Cohort 2018 VIIh","Division","2018","Yes","33.5637697873058","0.693954224083348","1.18979538782949","VIIh"
"MEG","Cohort 2018 VIIj","Division","2018","Yes",NA,NA,NA,"VIIj"
"MEG","Cohort 2018 VIIk","Division","2018","Yes",NA,NA,NA,"VIIk"
"MEG","Cohort 2019 VIa","Division","2019","Yes","29.3656193217548","1.23368243485737","1.24187676344838","VIa"
"MEG","Cohort 2019 VIIb","Division","2019","Yes","33.6135609607964","0.469701943192532","0.656261722513209","VIIb"
"MEG","Cohort 2019 VIIc","Division","2019","Yes","29.1846106551889","0.662770900248313","0.789895368640319","VIIc"
"MEG","Cohort 2019 VIIg","Division","2019","Yes","32.5832973778124","0.664691625396242","0.707453394562653","VIIg"
"MEG","Cohort 2019 VIIh","Division","2019","Yes",NA,NA,NA,"VIIh"
"MEG","Cohort 2019 VIIj","Division","2019","Yes","34.8349748612224","0.249739182340707","-0.847457274349479","VIIj"
"MEG","Cohort 2019 VIIk","Division","2019","Yes",NA,NA,NA,"VIIk"
"MEG","Cohort 2020 VIa","Division","2020","Yes",NA,NA,NA,"VIa"
"MEG","Cohort 2020 VIIb","Division","2020","Yes","28.3301302482015","0.594921619957348","0.352625854990911","VIIb"
"MEG","Cohort 2020 VIIc","Division","2020","Yes",NA,NA,NA,"VIIc"
"MEG","Cohort 2020 VIIg","Division","2020","Yes",NA,NA,NA,"VIIg"
"MEG","Cohort 2020 VIIh","Division","2020","Yes",NA,NA,NA,"VIIh"
"MEG","Cohort 2020 VIIj","Division","2020","Yes","27.5550423476959","0.419847882426151","-0.625168931487697","VIIj"
"MEG","Cohort 2020 VIIk","Division","2020","Yes",NA,NA,NA,"VIIk"
"MEG","Cohort 2021 VIa","Division","2021","Yes",NA,NA,NA,"VIa"
"MEG","Cohort 2021 VIIb","Division","2021","Yes",NA,NA,NA,"VIIb"
"MEG","Cohort 2021 VIIc","Division","2021","Yes","20.9320469995265","1.07861108168848","-0.144014152086744","VIIc"
"MEG","Cohort 2021 VIIg","Division","2021","Yes",NA,NA,NA,"VIIg"
"MEG","Cohort 2021 VIIh","Division","2021","Yes",NA,NA,NA,"VIIh"
"MEG","Cohort 2021 VIIj","Division","2021","Yes",NA,NA,NA,"VIIj"
"MEG","Cohort 2021 VIIk","Division","2021","Yes",NA,NA,NA,"VIIk"
"MEG","Cohort 2022 VIa","Division","2022","Yes",NA,NA,NA,"VIa"
"MEG","Cohort 2022 VIIb","Division","2022","Yes",NA,NA,NA,"VIIb"
"MEG","Cohort 2022 VIIc","Division","2022","Yes",NA,NA,NA,"VIIc"
"MEG","Cohort 2022 VIIg","Division","2022","Yes",NA,NA,NA,"VIIg"
"MEG","Cohort 2022 VIIh","Division","2022","Yes",NA,NA,NA,"VIIh"
"MEG","Cohort 2022 VIIj","Division","2022","Yes",NA,NA,NA,"VIIj"
"MEG","Cohort 2023 VIa","Division","2023","Yes",NA,NA,NA,"VIa"
"MEG","Cohort 2023 VIIb","Division","2023","Yes",NA,NA,NA,"VIIb"
"MEG","Cohort 2023 VIIc","Division","2023","Yes",NA,NA,NA,"VIIc"
"MEG","Cohort 2023 VIIg","Division","2023","Yes",NA,NA,NA,"VIIg"
"MEG","Cohort 2023 VIIh","Division","2023","Yes",NA,NA,NA,"VIIh"
"MEG","Cohort 2024 VIIb","Division","2024","Yes",NA,NA,NA,"VIIb"
"PLE","Cohort 2004 VIa","Division","2004","Yes",NA,NA,NA,"VIa"
"PLE","Cohort 2005 VIa","Division","2005","Yes",NA,NA,NA,"VIa"
"PLE","Cohort 2005 VIIb","Division","2005","Yes",NA,NA,NA,"VIIb"
"PLE","Cohort 2005 VIIj","Division","2005","Yes",NA,NA,NA,"VIIj"
"PLE","Cohort 2006 VIa","Division","2006","Yes",NA,NA,NA,"VIa"
"PLE","Cohort 2006 VIIb","Division","2006","Yes",NA,NA,NA,"VIIb"
"PLE","Cohort 2006 VIIj","Division","2006","Yes",NA,NA,NA,"VIIj"
"PLE","Cohort 2007 VIa","Division","2007","Yes","33.7983579060352","1.42884034360756","6.80885125781147","VIa"
"PLE","Cohort 2007 VIIb","Division","2007","Yes",NA,NA,NA,"VIIb"
"PLE","Cohort 2007 VIIg","Division","2007","Yes",NA,NA,NA,"VIIg"
"PLE","Cohort 2008 VIa","Division","2008","Yes",NA,NA,NA,"VIa"
"PLE","Cohort 2008 VIIb","Division","2008","Yes",NA,NA,NA,"VIIb"
"PLE","Cohort 2008 VIIg","Division","2008","Yes",NA,NA,NA,"VIIg"
"PLE","Cohort 2008 VIIj","Division","2008","Yes",NA,NA,NA,"VIIj"
"PLE","Cohort 2009 VIa","Division","2009","Yes",NA,NA,NA,"VIa"
"PLE","Cohort 2009 VIIb","Division","2009","Yes",NA,NA,NA,"VIIb"
"PLE","Cohort 2009 VIIg","Division","2009","Yes",NA,NA,NA,"VIIg"
"PLE","Cohort 2009 VIIj","Division","2009","Yes",NA,NA,NA,"VIIj"
"PLE","Cohort 2010 VIa","Division","2010","Yes",NA,NA,NA,"VIa"
"PLE","Cohort 2010 VIIb","Division","2010","Yes",NA,NA,NA,"VIIb"
"PLE","Cohort 2010 VIIg","Division","2010","Yes",NA,NA,NA,"VIIg"
"PLE","Cohort 2010 VIIj","Division","2010","Yes",NA,NA,NA,"VIIj"
"PLE","Cohort 2011 VIa","Division","2011","Yes",NA,NA,NA,"VIa"
"PLE","Cohort 2011 VIIb","Division","2011","Yes",NA,NA,NA,"VIIb"
"PLE","Cohort 2011 VIIg","Division","2011","Yes",NA,NA,NA,"VIIg"
"PLE","Cohort 2011 VIIj","Division","2011","Yes","34.1666666666666","-0.916290731874167","9.29636083949738","VIIj"
"PLE","Cohort 2012 VIa","Division","2012","Yes",NA,NA,NA,"VIa"
"PLE","Cohort 2012 VIIb","Division","2012","Yes",NA,NA,NA,"VIIb"
"PLE","Cohort 2012 VIIg","Division","2012","Yes",NA,NA,NA,"VIIg"
"PLE","Cohort 2012 VIIj","Division","2012","Yes",NA,NA,NA,"VIIj"
"PLE","Cohort 2013 VIa","Division","2013","Yes",NA,NA,NA,"VIa"
"PLE","Cohort 2013 VIIb","Division","2013","Yes",NA,NA,NA,"VIIb"
"PLE","Cohort 2013 VIIg","Division","2013","Yes",NA,NA,NA,"VIIg"
"PLE","Cohort 2013 VIIj","Division","2013","Yes","50.5828467291163","0.194450714134889","-0.469029649701812","VIIj"
"PLE","Cohort 2014 VIa","Division","2014","Yes",NA,NA,NA,"VIa"
"PLE","Cohort 2014 VIIb","Division","2014","Yes",NA,NA,NA,"VIIb"
"PLE","Cohort 2014 VIIg","Division","2014","Yes",NA,NA,NA,"VIIg"
"PLE","Cohort 2014 VIIj","Division","2014","Yes",NA,NA,NA,"VIIj"
"PLE","Cohort 2015 VIa","Division","2015","Yes","40.6328145555173","0.0982479484547328","-5.991980491416","VIa"
"PLE","Cohort 2015 VIIb","Division","2015","Yes",NA,NA,NA,"VIIb"
"PLE","Cohort 2015 VIIg","Division","2015","Yes",NA,NA,NA,"VIIg"
"PLE","Cohort 2015 VIIj","Division","2015","Yes","61.4806631287952","0.0774291319564229","-4.33768495696048","VIIj"
"PLE","Cohort 2016 VIa","Division","2016","Yes","30.081498884546","0.423414700111109","-0.767409574839969","VIa"
"PLE","Cohort 2016 VIIb","Division","2016","Yes","33.9914580339544","0.281853403223763","-1.46807802592391","VIIb"
"PLE","Cohort 2016 VIIg","Division","2016","Yes","31.8373095893286","0.827505002451118","1.1473368578291","VIIg"
"PLE","Cohort 2016 VIIj","Division","2016","Yes",NA,NA,NA,"VIIj"
"PLE","Cohort 2017 VIa","Division","2017","Yes","31.2434872178339","0.213232659768644","-3.56873232173783","VIa"
"PLE","Cohort 2017 VIIb","Division","2017","Yes",NA,NA,NA,"VIIb"
"PLE","Cohort 2017 VIIg","Division","2017","Yes",NA,NA,NA,"VIIg"
"PLE","Cohort 2017 VIIj","Division","2017","Yes",NA,NA,NA,"VIIj"
"PLE","Cohort 2018 VIa","Division","2018","Yes","26.3770548807024","0.969783032038179","0.529798817616427","VIa"
"PLE","Cohort 2018 VIIb","Division","2018","Yes",NA,NA,NA,"VIIb"
"PLE","Cohort 2018 VIIg","Division","2018","Yes",NA,NA,NA,"VIIg"
"PLE","Cohort 2018 VIIj","Division","2018","Yes","43.6583123407239","0.203892924319197","-1.49655733662641","VIIj"
"PLE","Cohort 2019 VIa","Division","2019","Yes",NA,NA,NA,"VIa"
"PLE","Cohort 2019 VIIb","Division","2019","Yes",NA,NA,NA,"VIIb"
"PLE","Cohort 2019 VIIg","Division","2019","Yes",NA,NA,NA,"VIIg"
"PLE","Cohort 2019 VIIj","Division","2019","Yes","35.088106296515","0.617348782539776","0.381026672857727","VIIj"
"PLE","Cohort 2020 VIa","Division","2020","Yes",NA,NA,NA,"VIa"
"PLE","Cohort 2020 VIIb","Division","2020","Yes","33.3791319874241","0.328279428271988","-1.17107820865795","VIIb"
"PLE","Cohort 2020 VIIg","Division","2020","Yes",NA,NA,NA,"VIIg"
"PLE","Cohort 2020 VIIj","Division","2020","Yes","29.2894736842105","1.42711635564014","1.46788903698572","VIIj"
"PLE","Cohort 2021 VIa","Division","2021","Yes",NA,NA,NA,"VIa"
"PLE","Cohort 2021 VIIb","Division","2021","Yes",NA,NA,NA,"VIIb"
"PLE","Cohort 2021 VIIg","Division","2021","Yes",NA,NA,NA,"VIIg"
"PLE","Cohort 2021 VIIj","Division","2021","Yes",NA,NA,NA,"VIIj"
"PLE","Cohort 2022 VIa","Division","2022","Yes",NA,NA,NA,"VIa"
"PLE","Cohort 2022 VIIb","Division","2022","Yes",NA,NA,NA,"VIIb"
"PLE","Cohort 2022 VIIg","Division","2022","Yes",NA,NA,NA,"VIIg"
"PLE","Cohort 2022 VIIj","Division","2022","Yes",NA,NA,NA,"VIIj"
"PLE","Cohort 2023 VIa","Division","2023","Yes",NA,NA,NA,"VIa"
"PLE","Cohort 2023 VIIb","Division","2023","Yes",NA,NA,NA,"VIIb"
"PLE","Cohort 2023 VIIj","Division","2023","Yes",NA,NA,NA,"VIIj"
"POK","Cohort 2003 VIa","Division","2003","Yes",NA,NA,NA,"VIa"
"POK","Cohort 2003 VIIb","Division","2003","Yes",NA,NA,NA,"VIIb"
"POK","Cohort 2004 VIa","Division","2004","Yes",NA,NA,NA,"VIa"
"POK","Cohort 2005 VIa","Division","2005","Yes",NA,NA,NA,"VIa"
"POK","Cohort 2005 VIIj","Division","2005","Yes",NA,NA,NA,"VIIj"
"POK","Cohort 2007 VIa","Division","2007","Yes",NA,NA,NA,"VIa"
"POK","Cohort 2007 VIIj","Division","2007","Yes",NA,NA,NA,"VIIj"
"POK","Cohort 2008 VIa","Division","2008","Yes",NA,NA,NA,"VIa"
"POK","Cohort 2009 VIa","Division","2009","Yes",NA,NA,NA,"VIa"
"POK","Cohort 2010 VIa","Division","2010","Yes",NA,NA,NA,"VIa"
"POK","Cohort 2010 VIIj","Division","2010","Yes",NA,NA,NA,"VIIj"
"POK","Cohort 2011 VIa","Division","2011","Yes",NA,NA,NA,"VIa"
"POK","Cohort 2011 VIIb","Division","2011","Yes",NA,NA,NA,"VIIb"
"POK","Cohort 2011 VIIg","Division","2011","Yes",NA,NA,NA,"VIIg"
"POK","Cohort 2012 VIa","Division","2012","Yes",NA,NA,NA,"VIa"
"POK","Cohort 2012 VIIb","Division","2012","Yes",NA,NA,NA,"VIIb"
"POK","Cohort 2012 VIIj","Division","2012","Yes",NA,NA,NA,"VIIj"
"POK","Cohort 2013 VIa","Division","2013","Yes",NA,NA,NA,"VIa"
"POK","Cohort 2013 VIIb","Division","2013","Yes",NA,NA,NA,"VIIb"
"POK","Cohort 2013 VIIj","Division","2013","Yes",NA,NA,NA,"VIIj"
"POK","Cohort 2013 VIIk","Division","2013","Yes",NA,NA,NA,"VIIk"
"POK","Cohort 2014 VIa","Division","2014","Yes",NA,NA,NA,"VIa"
"POK","Cohort 2014 VIIb","Division","2014","Yes","58.4056516458174","0.717600617325681","1.2305104987445","VIIb"
"POK","Cohort 2014 VIIc","Division","2014","Yes",NA,NA,NA,"VIIc"
"POK","Cohort 2014 VIIj","Division","2014","Yes",NA,NA,NA,"VIIj"
"POK","Cohort 2015 VIa","Division","2015","Yes",NA,NA,NA,"VIa"
"POK","Cohort 2015 VIIb","Division","2015","Yes",NA,NA,NA,"VIIb"
"POK","Cohort 2015 VIIc","Division","2015","Yes",NA,NA,NA,"VIIc"
"POK","Cohort 2015 VIIj","Division","2015","Yes",NA,NA,NA,"VIIj"
"POK","Cohort 2016 VIa","Division","2016","Yes","68.3285776557443","0.299754935862348","-0.0581742061563105","VIa"
"POK","Cohort 2016 VIIb","Division","2016","Yes",NA,NA,NA,"VIIb"
"POK","Cohort 2016 VIIc","Division","2016","Yes",NA,NA,NA,"VIIc"
"POK","Cohort 2016 VIIj","Division","2016","Yes",NA,NA,NA,"VIIj"
"POK","Cohort 2017 VIa","Division","2017","Yes","77.7859848484812","0.070410306167933","-8.87371048383133","VIa"
"POK","Cohort 2017 VIIb","Division","2017","Yes",NA,NA,NA,"VIIb"
"POK","Cohort 2017 VIIc","Division","2017","Yes",NA,NA,NA,"VIIc"
"POK","Cohort 2018 VIa","Division","2018","Yes",NA,NA,NA,"VIa"
"POK","Cohort 2018 VIIb","Division","2018","Yes",NA,NA,NA,"VIIb"
"POK","Cohort 2018 VIIc","Division","2018","Yes",NA,NA,NA,"VIIc"
"POK","Cohort 2018 VIIj","Division","2018","Yes",NA,NA,NA,"VIIj"
"POK","Cohort 2019 VIa","Division","2019","Yes",NA,NA,NA,"VIa"
"POK","Cohort 2019 VIIg","Division","2019","Yes",NA,NA,NA,"VIIg"
"POK","Cohort 2020 VIa","Division","2020","Yes",NA,NA,NA,"VIa"
"POK","Cohort 2020 VIIb","Division","2020","Yes",NA,NA,NA,"VIIb"
"POK","Cohort 2020 VIIc","Division","2020","Yes",NA,NA,NA,"VIIc"
"POK","Cohort 2020 VIIg","Division","2020","Yes",NA,NA,NA,"VIIg"
"POK","Cohort 2020 VIIj","Division","2020","Yes",NA,NA,NA,"VIIj"
"POK","Cohort 2021 VIa","Division","2021","Yes","59.7015503875969","0.4093790074293","-0.0874245214123701","VIa"
"POK","Cohort 2021 VIIb","Division","2021","Yes",NA,NA,NA,"VIIb"
"POK","Cohort 2021 VIIc","Division","2021","Yes",NA,NA,NA,"VIIc"
"POK","Cohort 2022 VIa","Division","2022","Yes",NA,NA,NA,"VIa"
"POK","Cohort 2022 VIIc","Division","2022","Yes",NA,NA,NA,"VIIc"
"POK","Cohort 2023 VIa","Division","2023","Yes",NA,NA,NA,"VIa"
"POL","Cohort 2007 VIIj","Division","2007","Yes",NA,NA,NA,"VIIj"
"POL","Cohort 2008 VIIj","Division","2008","Yes",NA,NA,NA,"VIIj"
"POL","Cohort 2010 VIa","Division","2010","Yes",NA,NA,NA,"VIa"
"POL","Cohort 2010 VIIb","Division","2010","Yes",NA,NA,NA,"VIIb"
"POL","Cohort 2010 VIIg","Division","2010","Yes",NA,NA,NA,"VIIg"
"POL","Cohort 2010 VIIj","Division","2010","Yes",NA,NA,NA,"VIIj"
"POL","Cohort 2011 VIa","Division","2011","Yes",NA,NA,NA,"VIa"
"POL","Cohort 2011 VIIb","Division","2011","Yes",NA,NA,NA,"VIIb"
"POL","Cohort 2011 VIIj","Division","2011","Yes",NA,NA,NA,"VIIj"
"POL","Cohort 2012 VIa","Division","2012","Yes",NA,NA,NA,"VIa"
"POL","Cohort 2012 VIIb","Division","2012","Yes","68.7249738028368","0.600825091462415","2.90835545803995","VIIb"
"POL","Cohort 2012 VIIj","Division","2012","Yes",NA,NA,NA,"VIIj"
"POL","Cohort 2013 VIa","Division","2013","Yes","67.5273778151575","0.374910587570093","0.232650233231302","VIa"
"POL","Cohort 2013 VIIb","Division","2013","Yes",NA,NA,NA,"VIIb"
"POL","Cohort 2013 VIIj","Division","2013","Yes","62.4721997576292","1.33981129879296","2.59182816991658","VIIj"
"POL","Cohort 2014 VIa","Division","2014","Yes",NA,NA,NA,"VIa"
"POL","Cohort 2014 VIIb","Division","2014","Yes","76.2999943140916","0.269498417882787","0.384778254335655","VIIb"
"POL","Cohort 2014 VIIj","Division","2014","Yes","63.6577704667","0.567496813533133","0.884018080616155","VIIj"
"POL","Cohort 2015 VIa","Division","2015","Yes",NA,NA,NA,"VIa"
"POL","Cohort 2015 VIIb","Division","2015","Yes",NA,NA,NA,"VIIb"
"POL","Cohort 2015 VIIg","Division","2015","Yes",NA,NA,NA,"VIIg"
"POL","Cohort 2015 VIIj","Division","2015","Yes",NA,NA,NA,"VIIj"
"POL","Cohort 2016 VIa","Division","2016","Yes","58.6237310388084","0.512692637216814","0.198792648299637","VIa"
"POL","Cohort 2016 VIIb","Division","2016","Yes",NA,NA,NA,"VIIb"
"POL","Cohort 2016 VIIc","Division","2016","Yes",NA,NA,NA,"VIIc"
"POL","Cohort 2016 VIIj","Division","2016","Yes",NA,NA,NA,"VIIj"
"POL","Cohort 2017 VIa","Division","2017","Yes",NA,NA,NA,"VIa"
"POL","Cohort 2017 VIIg","Division","2017","Yes",NA,NA,NA,"VIIg"
"POL","Cohort 2017 VIIj","Division","2017","Yes",NA,NA,NA,"VIIj"
"POL","Cohort 2018 VIIg","Division","2018","Yes",NA,NA,NA,"VIIg"
"POL","Cohort 2018 VIIj","Division","2018","Yes",NA,NA,NA,"VIIj"
"POL","Cohort 2019 VIa","Division","2019","Yes",NA,NA,NA,"VIa"
"POL","Cohort 2019 VIIg","Division","2019","Yes","203.500000000002","0.0571584138399478","-0.99013293631437","VIIg"
"POL","Cohort 2020 VIa","Division","2020","Yes",NA,NA,NA,"VIa"
"POL","Cohort 2021 VIa","Division","2021","Yes",NA,NA,NA,"VIa"
"POL","Cohort 2022 VIa","Division","2022","Yes",NA,NA,NA,"VIa"
"SOL","Cohort 2003 VIIj","Division","2003","Yes",NA,NA,NA,"VIIj"
"SOL","Cohort 2004 VIa","Division","2004","Yes",NA,NA,NA,"VIa"
"SOL","Cohort 2004 VIIj","Division","2004","Yes",NA,NA,NA,"VIIj"
"SOL","Cohort 2006 VIa","Division","2006","Yes",NA,NA,NA,"VIa"
"SOL","Cohort 2006 VIIb","Division","2006","Yes",NA,NA,NA,"VIIb"
"SOL","Cohort 2006 VIIj","Division","2006","Yes",NA,NA,NA,"VIIj"
"SOL","Cohort 2007 VIa","Division","2007","Yes",NA,NA,NA,"VIa"
"SOL","Cohort 2007 VIIb","Division","2007","Yes",NA,NA,NA,"VIIb"
"SOL","Cohort 2007 VIIj","Division","2007","Yes",NA,NA,NA,"VIIj"
"SOL","Cohort 2008 VIa","Division","2008","Yes",NA,NA,NA,"VIa"
"SOL","Cohort 2008 VIIb","Division","2008","Yes",NA,NA,NA,"VIIb"
"SOL","Cohort 2008 VIIj","Division","2008","Yes",NA,NA,NA,"VIIj"
"SOL","Cohort 2009 VIa","Division","2009","Yes",NA,NA,NA,"VIa"
"SOL","Cohort 2009 VIIb","Division","2009","Yes",NA,NA,NA,"VIIb"
"SOL","Cohort 2009 VIIj","Division","2009","Yes",NA,NA,NA,"VIIj"
"SOL","Cohort 2010 VIa","Division","2010","Yes",NA,NA,NA,"VIa"
"SOL","Cohort 2010 VIIb","Division","2010","Yes",NA,NA,NA,"VIIb"
"SOL","Cohort 2010 VIIj","Division","2010","Yes",NA,NA,NA,"VIIj"
"SOL","Cohort 2011 VIIb","Division","2011","Yes",NA,NA,NA,"VIIb"
"SOL","Cohort 2011 VIIj","Division","2011","Yes",NA,NA,NA,"VIIj"
"SOL","Cohort 2012 VIa","Division","2012","Yes",NA,NA,NA,"VIa"
"SOL","Cohort 2012 VIIb","Division","2012","Yes",NA,NA,NA,"VIIb"
"SOL","Cohort 2012 VIIg","Division","2012","Yes",NA,NA,NA,"VIIg"
"SOL","Cohort 2012 VIIh","Division","2012","Yes",NA,NA,NA,"VIIh"
"SOL","Cohort 2012 VIIj","Division","2012","Yes",NA,NA,NA,"VIIj"
"SOL","Cohort 2013 VIIb","Division","2013","Yes",NA,NA,NA,"VIIb"
"SOL","Cohort 2013 VIIg","Division","2013","Yes",NA,NA,NA,"VIIg"
"SOL","Cohort 2013 VIIj","Division","2013","Yes",NA,NA,NA,"VIIj"
"SOL","Cohort 2014 VIa","Division","2014","Yes",NA,NA,NA,"VIa"
"SOL","Cohort 2014 VIIb","Division","2014","Yes",NA,NA,NA,"VIIb"
"SOL","Cohort 2014 VIIg","Division","2014","Yes",NA,NA,NA,"VIIg"
"SOL","Cohort 2014 VIIh","Division","2014","Yes",NA,NA,NA,"VIIh"
"SOL","Cohort 2014 VIIj","Division","2014","Yes",NA,NA,NA,"VIIj"
"SOL","Cohort 2015 VIa","Division","2015","Yes",NA,NA,NA,"VIa"
"SOL","Cohort 2015 VIIb","Division","2015","Yes",NA,NA,NA,"VIIb"
"SOL","Cohort 2015 VIIg","Division","2015","Yes",NA,NA,NA,"VIIg"
"SOL","Cohort 2015 VIIj","Division","2015","Yes",NA,NA,NA,"VIIj"
"SOL","Cohort 2016 VIa","Division","2016","Yes",NA,NA,NA,"VIa"
"SOL","Cohort 2016 VIIb","Division","2016","Yes",NA,NA,NA,"VIIb"
"SOL","Cohort 2016 VIIg","Division","2016","Yes",NA,NA,NA,"VIIg"
"SOL","Cohort 2016 VIIh","Division","2016","Yes",NA,NA,NA,"VIIh"
"SOL","Cohort 2016 VIIj","Division","2016","Yes",NA,NA,NA,"VIIj"
"SOL","Cohort 2017 VIIb","Division","2017","Yes",NA,NA,NA,"VIIb"
"SOL","Cohort 2017 VIIg","Division","2017","Yes",NA,NA,NA,"VIIg"
"SOL","Cohort 2017 VIIh","Division","2017","Yes",NA,NA,NA,"VIIh"
"SOL","Cohort 2017 VIIj","Division","2017","Yes",NA,NA,NA,"VIIj"
"SOL","Cohort 2018 VIa","Division","2018","Yes",NA,NA,NA,"VIa"
"SOL","Cohort 2018 VIIg","Division","2018","Yes",NA,NA,NA,"VIIg"
"SOL","Cohort 2019 VIIb","Division","2019","Yes",NA,NA,NA,"VIIb"
"SOL","Cohort 2019 VIIg","Division","2019","Yes",NA,NA,NA,"VIIg"
"SOL","Cohort 2020 VIa","Division","2020","Yes",NA,NA,NA,"VIa"
"WHG","Cohort 2008 VIa","Division","2008","Yes",NA,NA,NA,"VIa"
"WHG","Cohort 2009 VIa","Division","2009","Yes",NA,NA,NA,"VIa"
"WHG","Cohort 2009 VIIb","Division","2009","Yes",NA,NA,NA,"VIIb"
"WHG","Cohort 2009 VIIj","Division","2009","Yes",NA,NA,NA,"VIIj"
"WHG","Cohort 2010 VIa","Division","2010","Yes",NA,NA,NA,"VIa"
"WHG","Cohort 2010 VIIj","Division","2010","Yes",NA,NA,NA,"VIIj"
"WHG","Cohort 2011 VIa","Division","2011","Yes",NA,NA,NA,"VIa"
"WHG","Cohort 2011 VIIb","Division","2011","Yes",NA,NA,NA,"VIIb"
"WHG","Cohort 2011 VIIg","Division","2011","Yes",NA,NA,NA,"VIIg"
"WHG","Cohort 2011 VIIj","Division","2011","Yes",NA,NA,NA,"VIIj"
"WHG","Cohort 2012 VIa","Division","2012","Yes",NA,NA,NA,"VIa"
"WHG","Cohort 2012 VIIb","Division","2012","Yes",NA,NA,NA,"VIIb"
"WHG","Cohort 2012 VIIg","Division","2012","Yes",NA,NA,NA,"VIIg"
"WHG","Cohort 2012 VIIj","Division","2012","Yes",NA,NA,NA,"VIIj"
"WHG","Cohort 2013 VIa","Division","2013","Yes","43.9339095705765","0.600179043243015","0.310744099057201","VIa"
"WHG","Cohort 2013 VIIb","Division","2013","Yes",NA,NA,NA,"VIIb"
"WHG","Cohort 2013 VIIg","Division","2013","Yes",NA,NA,NA,"VIIg"
"WHG","Cohort 2013 VIIh","Division","2013","Yes",NA,NA,NA,"VIIh"
"WHG","Cohort 2013 VIIj","Division","2013","Yes",NA,NA,NA,"VIIj"
"WHG","Cohort 2014 VIa","Division","2014","Yes","41.9322091709843","0.526654347089749","-0.317823571278171","VIa"
"WHG","Cohort 2014 VIIb","Division","2014","Yes",NA,NA,NA,"VIIb"
"WHG","Cohort 2014 VIIg","Division","2014","Yes",NA,NA,NA,"VIIg"
"WHG","Cohort 2014 VIIj","Division","2014","Yes","55.0564368187129","0.387104863780623","-0.231401273257713","VIIj"
"WHG","Cohort 2015 VIa","Division","2015","Yes","76.8320138487082","0.0980003161042639","-2.5795642280386","VIa"
"WHG","Cohort 2015 VIIb","Division","2015","Yes","52.7450332328761","0.287987168441387","-0.584357158490851","VIIb"
"WHG","Cohort 2015 VIIg","Division","2015","Yes",NA,NA,NA,"VIIg"
"WHG","Cohort 2015 VIIj","Division","2015","Yes","52.2298409398919","0.358457847702457","-0.474646073697293","VIIj"
"WHG","Cohort 2016 VIa","Division","2016","Yes","56.429687814424","0.197935590351738","-1.3597493492666","VIa"
"WHG","Cohort 2016 VIIb","Division","2016","Yes","80.2436210985758","0.180290263681471","-0.48168007381001","VIIb"
"WHG","Cohort 2016 VIIg","Division","2016","Yes","47.0587693560114","0.693151090613919","0.863943036795883","VIIg"
"WHG","Cohort 2016 VIIh","Division","2016","Yes",NA,NA,NA,"VIIh"
"WHG","Cohort 2016 VIIj","Division","2016","Yes","52.4172737113513","0.428453382900205","0.154086321399718","VIIj"
"WHG","Cohort 2017 VIa","Division","2017","Yes","50.0738047540918","0.320125020364419","-0.631732284730291","VIa"
"WHG","Cohort 2017 VIIb","Division","2017","Yes","50.0101074121615","0.344106472663471","-0.667515793472988","VIIb"
"WHG","Cohort 2017 VIIg","Division","2017","Yes","-60.7736834951348","-0.0675505906645846","-3.98816202219636","VIIg"
"WHG","Cohort 2017 VIIh","Division","2017","Yes",NA,NA,NA,"VIIh"
"WHG","Cohort 2017 VIIj","Division","2017","Yes","50.3931422523367","0.456925540762823","-0.123813096921579","VIIj"
"WHG","Cohort 2018 VIa","Division","2018","Yes","46.1279141090831","0.309209880062191","-1.24305553815484","VIa"
"WHG","Cohort 2018 VIIb","Division","2018","Yes","38.1413867974234","0.945296885844571","0.680537856786457","VIIb"
"WHG","Cohort 2018 VIIg","Division","2018","Yes",NA,NA,NA,"VIIg"
"WHG","Cohort 2018 VIIh","Division","2018","Yes",NA,NA,NA,"VIIh"
"WHG","Cohort 2018 VIIj","Division","2018","Yes","59.6690127098321","0.222641794419743","-1.275103898611","VIIj"
"WHG","Cohort 2019 VIa","Division","2019","Yes","53.0392218089341","0.173072396901274","-2.45094009450701","VIa"
"WHG","Cohort 2019 VIIb","Division","2019","Yes","49.9160914616278","0.299783805425477","-0.689542201395205","VIIb"
"WHG","Cohort 2019 VIIg","Division","2019","Yes","56.4932871990342","0.356222727982514","-0.0199094829185033","VIIg"
"WHG","Cohort 2019 VIIj","Division","2019","Yes","88.6555962710506","0.0855279689122897","-2.92718788280222","VIIj"
"WHG","Cohort 2020 VIa","Division","2020","Yes","54.7332818725447","0.153200442644288","-2.68931055900346","VIa"
"WHG","Cohort 2020 VIIb","Division","2020","Yes","44.8344762532909","0.296199054008978","-1.34115937612561","VIIb"
"WHG","Cohort 2020 VIIg","Division","2020","Yes","77.5000000000001","0.182321556793954","-0.360043260097076","VIIg"
"WHG","Cohort 2020 VIIj","Division","2020","Yes","76.8213290572349","0.150779820177625","-1.15768072100086","VIIj"
"WHG","Cohort 2021 VIa","Division","2021","Yes","63.4472777568877","0.0970522445499792","-3.9428218697413","VIa"
"WHG","Cohort 2021 VIIb","Division","2021","Yes",NA,NA,NA,"VIIb"
"WHG","Cohort 2021 VIIg","Division","2021","Yes",NA,NA,NA,"VIIg"
"WHG","Cohort 2021 VIIj","Division","2021","Yes",NA,NA,NA,"VIIj"
"WHG","Cohort 2022 VIa","Division","2022","Yes",NA,NA,NA,"VIa"
"WHG","Cohort 2022 VIIb","Division","2022","Yes",NA,NA,NA,"VIIb"
"WHG","Cohort 2022 VIIg","Division","2022","Yes",NA,NA,NA,"VIIg"
"WHG","Cohort 2022 VIIj","Division","2022","Yes",NA,NA,NA,"VIIj"
"WHG","Cohort 2023 VIa","Division","2023","Yes",NA,NA,NA,"VIa"
"WHG","Cohort 2023 VIIj","Division","2023","Yes",NA,NA,NA,"VIIj"
"WHG","Cohort 2024 VIa","Division","2024","Yes",NA,NA,NA,"VIa"
"WHG","Cohort 2024 VIIj","Division","2024","Yes",NA,NA,NA,"VIIj"
