"Species","Data","Parameter","Year","Cohort","Linf","K","t0","Level"
"COD","All data","None",NA,"No","150.308594519221","0.19252072310891","-0.57885276324716",NA
"DGS","All data","None",NA,"No","80.7737719099369","0.285458048114702","-0.494991870859428",NA
"HAD","All data","None",NA,"No","48.7349541132953","0.372664316552528","-1.20175180392012",NA
"HER","All data","None",NA,"No","29.5970548621961","0.516505004118814","-1.27836870154439",NA
"HOM","All data","None",NA,"No","35.3152283057137","0.266802056549056","-1.3715736798721",NA
"MAC","All data","None",NA,"No","35.484368549495","0.49488230102379","-1.67881023461674",NA
"MEG","All data","None",NA,"No","54.3108394835358","0.114155089108119","-2.21579416379596",NA
"PLE","All data","None",NA,"No","36.5591966538447","0.253075597921699","-1.98040484725967",NA
"POK","All data","None",NA,"No",NA,NA,NA,NA
"POL","All data","None",NA,"No","88.6436752952521","0.145344956711469","-2.65356872854674",NA
"SOL","All data","None",NA,"No","33.1484721105262","0.310894106533517","-2.00156312267631",NA
"WHB","All data","None",NA,"No","33.5407633914847","0.332345865400603","-2.32720781405657",NA
"WHG","All data","None",NA,"No","47.0086589825524","0.372898865573383","-1.2437549260246",NA
"COD","All female data","Sex",NA,"No","147.787136447154","0.203329864704467","-0.522653743114307","female"
"COD","All male data","Sex",NA,"No","143.981292273752","0.198535642585065","-0.611779803776824","male"
"DGS","All female data","Sex",NA,"No",NA,NA,NA,"female"
"DGS","All male data","Sex",NA,"No","78.3684192043701","0.333521378456478","-0.231905222533761","male"
"HAD","All female data","Sex",NA,"No","50.1413005938635","0.381084704782475","-1.17243792198215","female"
"HAD","All male data","Sex",NA,"No","46.135017276373","0.344153435372556","-1.47315655638667","male"
"HER","All female data","Sex",NA,"No","30.1726443922257","0.441070460163058","-1.65016070291688","female"
"HER","All male data","Sex",NA,"No","29.5320242205652","0.487145442991562","-1.4893083185092","male"
"HOM","All female data","Sex",NA,"No","36.7386541277981","0.194742115423341","-2.52378197555226","female"
"HOM","All male data","Sex",NA,"No","36.7726183876041","0.188599028184622","-2.68356544150339","male"
"MAC","All female data","Sex",NA,"No","36.2563993398738","0.421857724082003","-2.02674329836694","female"
"MAC","All male data","Sex",NA,"No","35.3458885493914","0.490644140877778","-1.75411189056733","male"
"MEG","All female data","Sex",NA,"No","52.7093101451611","0.13296601267044","-2.1193729068215","female"
"MEG","All male data","Sex",NA,"No","33.4457490180482","0.220711306044152","-1.82194001783315","male"
"PLE","All female data","Sex",NA,"No","38.9629072612567","0.244721709690146","-1.87673305419713","female"
"PLE","All male data","Sex",NA,"No","29.1989480968518","0.446335926640708","-1.3395856228589","male"
"POK","All female data","Sex",NA,"No","645.980463491151","0.0116784402263787","-3.37054018009788","female"
"POK","All male data","Sex",NA,"No",NA,NA,NA,"male"
"POL","All female data","Sex",NA,"No","106.53323558457","0.0982501224215097","-3.43924568051701","female"
"POL","All male data","Sex",NA,"No","72.0086164545194","0.244868867564547","-1.7753360113286","male"
"SOL","All female data","Sex",NA,"No","38.0665894039667","0.253171851345252","-2.11625994111961","female"
"SOL","All male data","Sex",NA,"No","30.1474511185669","0.292418643075404","-2.76197884743724","male"
"WHB","All female data","Sex",NA,"No","35.5020654058815","0.294616947584859","-2.53230841431521","female"
"WHB","All male data","Sex",NA,"No",NA,NA,NA,"male"
"WHG","All female data","Sex",NA,"No","51.5980309837868","0.334822856989771","-1.3052826712047","female"
"WHG","All male data","Sex",NA,"No","40.4721617110071","0.390772454274004","-1.56461683980597","male"
"COD","All GOV 3647 Groundgear A data","Gear",NA,"No","135.333237950286","0.257531524561566","-0.374669958068172","GOV 3647 Groundgear A"
"COD","All GOV 3647 Groundgear D data","Gear",NA,"No","118.751465341227","0.221849199310864","-0.740896814054162","GOV 3647 Groundgear D"
"DGS","All GOV 3647 Groundgear A data","Gear",NA,"No","83.275217689694","0.243997201143906","-0.835298810137847","GOV 3647 Groundgear A"
"DGS","All GOV 3647 Groundgear D data","Gear",NA,"No","74.8122670495494","0.262536008085924","-2.86905376502495","GOV 3647 Groundgear D"
"HAD","All GOV 3647 Groundgear A data","Gear",NA,"No","53.2150786923025","0.330083613394436","-1.22708638855227","GOV 3647 Groundgear A"
"HAD","All GOV 3647 Groundgear D data","Gear",NA,"No","45.6337684709688","0.346936077523723","-1.38082963405681","GOV 3647 Groundgear D"
"HER","All GOV 3647 Groundgear A data","Gear",NA,"No","29.0244116384012","0.510106665323792","-1.34039821949189","GOV 3647 Groundgear A"
"HER","All GOV 3647 Groundgear D data","Gear",NA,"No","29.7802003339924","0.557967521614249","-1.14316259182013","GOV 3647 Groundgear D"
"HOM","All GOV 3647 Groundgear A data","Gear",NA,"No","35.9440733147793","0.257630337373084","-1.39903029694081","GOV 3647 Groundgear A"
"HOM","All GOV 3647 Groundgear D data","Gear",NA,"No","34.047984682627","0.297169240868416","-1.22164471305216","GOV 3647 Groundgear D"
"MAC","All GOV 3647 Groundgear A data","Gear",NA,"No","34.5855072693306","0.554895007898492","-1.55584746454085","GOV 3647 Groundgear A"
"MAC","All GOV 3647 Groundgear D data","Gear",NA,"No","36.3747081383392","0.448179965043829","-1.78735089035539","GOV 3647 Groundgear D"
"MEG","All GOV 3647 Groundgear A data","Gear",NA,"No","54.1472722906643","0.115158568495234","-2.18352571175941","GOV 3647 Groundgear A"
"MEG","All GOV 3647 Groundgear D data","Gear",NA,"No","56.7137100551211","0.100455730947421","-2.6858608903791","GOV 3647 Groundgear D"
"PLE","All GOV 3647 Groundgear A data","Gear",NA,"No","39.3534307044708","0.212434316498266","-2.3582935109343","GOV 3647 Groundgear A"
"PLE","All GOV 3647 Groundgear D data","Gear",NA,"No","34.0253276131786","0.274255387017054","-1.85333032313925","GOV 3647 Groundgear D"
"POK","All GOV 3647 Groundgear A data","Gear",NA,"No",NA,NA,NA,"GOV 3647 Groundgear A"
"POK","All GOV 3647 Groundgear D data","Gear",NA,"No","126.037573044574","0.0858067250016022","-2.34494661685614","GOV 3647 Groundgear D"
"POL","All GOV 3647 Groundgear A data","Gear",NA,"No","72.6816971356745","0.325331999833754","-1.04188812955779","GOV 3647 Groundgear A"
"POL","All GOV 3647 Groundgear D data","Gear",NA,"No",NA,NA,NA,"GOV 3647 Groundgear D"
"SOL","All GOV 3647 Groundgear A data","Gear",NA,"No","34.5802209837796","0.2553943623256","-2.5558897916452","GOV 3647 Groundgear A"
"SOL","All GOV 3647 Groundgear D data","Gear",NA,"No","31.528289824451","0.362895833047846","-1.34895024211281","GOV 3647 Groundgear D"
"WHB","All GOV 3647 Groundgear A data","Gear",NA,"No","32.5295842011474","0.357401526086373","-2.25917755782656","GOV 3647 Groundgear A"
"WHB","All GOV 3647 Groundgear D data","Gear",NA,"No","35.1557352445217","0.307237330586536","-2.3807853297145","GOV 3647 Groundgear D"
"WHG","All GOV 3647 Groundgear A data","Gear",NA,"No","51.4641615559626","0.325631996537048","-1.29519696561626","GOV 3647 Groundgear A"
"WHG","All GOV 3647 Groundgear D data","Gear",NA,"No","39.3247373722047","0.527264865344379","-1.01037912460365","GOV 3647 Groundgear D"
"COD","All VIa data","Division",NA,"No","118.982702446814","0.220955900744308","-0.743375514035472","VIa"
"COD","All VIIb data","Division",NA,"No","140.480306225394","0.188313487756594","-0.819875584148116","VIIb"
"COD","All VIIc data","Division",NA,"No","122.133333333333","0.239229689065835","-1.11518697511934","VIIc"
"COD","All VIIg data","Division",NA,"No","135.192890910088","0.263764674641022","-0.31396020336953","VIIg"
"COD","All VIIj data","Division",NA,"No","125.638930427511","0.296087121249676","-0.422941911297461","VIIj"
"COD","All VIIk data","Division",NA,"No",NA,NA,NA,"VIIk"
"DGS","All VIa data","Division",NA,"No","74.8122670495494","0.262536008085924","-2.86905376502495","VIa"
"DGS","All VIIb data","Division",NA,"No","75.1280276978054","0.799246811547978","2.77917124986739","VIIb"
"DGS","All VIIg data","Division",NA,"No","85.0551767945289","0.233415003973647","-0.868768421920918","VIIg"
"DGS","All VIIj data","Division",NA,"No",NA,NA,NA,"VIIj"
"HAD","All VIa data","Division",NA,"No","45.617645206355","0.347326419330618","-1.37681698072478","VIa"
"HAD","All VIIb data","Division",NA,"No","49.7627461753506","0.286872712029462","-1.47960827027654","VIIb"
"HAD","All VIIc data","Division",NA,"No","57.1244467506876","0.300627231584233","-1.44198436983413","VIIc"
"HAD","All VIIg data","Division",NA,"No","60.97472305975","0.263477058235145","-1.35071922267637","VIIg"
"HAD","All VIIj data","Division",NA,"No","68.8649656243012","0.216302355501546","-1.42593677938832","VIIj"
"HAD","All VIIk data","Division",NA,"No",NA,NA,NA,"VIIk"
"HER","All VIa data","Division",NA,"No","29.8342420302753","0.532347894627489","-1.22249074961994","VIa"
"HER","All VIIb data","Division",NA,"No","29.9542151170207","0.536059206495559","-1.19403766826092","VIIb"
"HER","All VIIg data","Division",NA,"No","27.7437090926535","0.572080528819889","-1.24272347305449","VIIg"
"HER","All VIIj data","Division",NA,"No","29.2043669260858","0.506407922536387","-1.40737147942484","VIIj"
"HOM","All VIa data","Division",NA,"No","34.1016043755107","0.29495098766356","-1.23065756338193","VIa"
"HOM","All VIIb data","Division",NA,"No","34.9102349113154","0.270267966215559","-1.37362180470436","VIIb"
"HOM","All VIIc data","Division",NA,"No","36.2281924952907","0.238376212214432","-1.69067863001382","VIIc"
"HOM","All VIIg data","Division",NA,"No","38.5458923438101","0.231606024182232","-1.46054598072316","VIIg"
"HOM","All VIIj data","Division",NA,"No","34.8881755085969","0.285508311831586","-1.23328717088154","VIIj"
"HOM","All VIIk data","Division",NA,"No",NA,NA,NA,"VIIk"
"MAC","All VIa data","Division",NA,"No","36.4345304753393","0.440728123241296","-1.81464091190297","VIa"
"MAC","All VIIb data","Division",NA,"No","35.6599626159782","0.454277914899335","-1.84476554134315","VIIb"
"MAC","All VIIc data","Division",NA,"No","35.2522092226805","0.578498294676847","-1.26480544446817","VIIc"
"MAC","All VIIg data","Division",NA,"No","33.6688126682457","0.633184170459862","-1.44447315861487","VIIg"
"MAC","All VIIj data","Division",NA,"No","33.8490173481094","0.717282822628385","-1.16579208373787","VIIj"
"MEG","All VIa data","Division",NA,"No","56.1202896902281","0.102869937768748","-2.66831589674447","VIa"
"MEG","All VIIb data","Division",NA,"No","54.5834159435972","0.109115603554545","-2.01069047099028","VIIb"
"MEG","All VIIc data","Division",NA,"No","72.9568471331108","0.0650655894748051","-2.40114010485308","VIIc"
"MEG","All VIIg data","Division",NA,"No","49.5571240278909","0.159556556928522","-1.98031259947715","VIIg"
"MEG","All VIIj data","Division",NA,"No","56.1076388454498","0.100733004308078","-2.63690256366648","VIIj"
"MEG","All VIIk data","Division",NA,"No",NA,NA,NA,"VIIk"
"PLE","All VIa data","Division",NA,"No","34.0210112274201","0.275165325817113","-1.84483241348041","VIa"
"PLE","All VIIb data","Division",NA,"No","37.1752925710225","0.210936523857652","-2.50512028135723","VIIb"
"PLE","All VIIc data","Division",NA,"No",NA,NA,NA,"VIIc"
"PLE","All VIIg data","Division",NA,"No","40.5830997738453","0.193999124461769","-2.76440483472847","VIIg"
"PLE","All VIIj data","Division",NA,"No",NA,NA,NA,"VIIj"
"POK","All VIa data","Division",NA,"No","130.713757906716","0.0811350306515784","-2.40096450974349","VIa"
"POK","All VIIb data","Division",NA,"No",NA,NA,NA,"VIIb"
"POK","All VIIg data","Division",NA,"No","-162.099999999677","-0.0420415586053287","-3.89410467739019","VIIg"
"POK","All VIIj data","Division",NA,"No",NA,NA,NA,"VIIj"
"POL","All VIa data","Division",NA,"No",NA,NA,NA,"VIa"
"POL","All VIIb data","Division",NA,"No","69.0850105375676","0.312041270418636","-0.989742040532297","VIIb"
"POL","All VIIg data","Division",NA,"No","125.999718283395","0.0769367801226324","-4.05758484188668","VIIg"
"POL","All VIIj data","Division",NA,"No","92.1226643479565","0.16820038671705","-2.05917023118856","VIIj"
"SOL","All VIa data","Division",NA,"No","31.5136381852265","0.357813410335134","-1.39439574431828","VIa"
"SOL","All VIIb data","Division",NA,"No","32.0936946226773","0.291972381284985","-1.95683225677796","VIIb"
"SOL","All VIIg data","Division",NA,"No","38.6307206157198","0.27825045171036","-1.99599361531311","VIIg"
"SOL","All VIIj data","Division",NA,"No","45.9433778700346","0.086224567868427","-6.94123863765695","VIIj"
"WHB","All VIa data","Division",NA,"No","35.0921651502749","0.309299566536658","-2.37120282449243","VIa"
"WHB","All VIIb data","Division",NA,"No","33.0786395231268","0.303079722527929","-2.52589643419845","VIIb"
"WHB","All VIIc data","Division",NA,"No","33.8729276743891","0.287926502591155","-2.54858928255943","VIIc"
"WHB","All VIIg data","Division",NA,"No","31.0068663953635","0.531149491738151","-1.70708535698497","VIIg"
"WHB","All VIIj data","Division",NA,"No","34.1985975826545","0.300347754892707","-2.44633888595782","VIIj"
"WHB","All VIIk data","Division",NA,"No","54.5457572268751","0.0900900773397709","-4.37709051794103","VIIk"
"WHG","All VIa data","Division",NA,"No","39.3194962134292","0.52769211792223","-1.00450929839893","VIa"
"WHG","All VIIb data","Division",NA,"No","46.8471795307972","0.364908768012306","-1.29777438917255","VIIb"
"WHG","All VIIc data","Division",NA,"No",NA,NA,NA,"VIIc"
"WHG","All VIIg data","Division",NA,"No","51.6631690708915","0.31976288430518","-1.31475918379749","VIIg"
"WHG","All VIIj data","Division",NA,"No","60.2531974224414","0.265246833119952","-1.32931123860374","VIIj"
"COD","2003 data","None","2003","No","181.390749746241","0.177993695355135","-0.386280946065919",NA
"COD","2004 data","None","2004","No","133.286784042673","0.212450761420684","-0.639390473194081",NA
"COD","2005 data","None","2005","No","117.030019068728","0.26316923354913","-0.648801900375377",NA
"COD","2006 data","None","2006","No",NA,NA,NA,NA
"COD","2007 data","None","2007","No",NA,NA,NA,NA
"COD","2008 data","None","2008","No","102.800190211911","0.335341504337562","-0.514010598518931",NA
"COD","2009 data","None","2009","No","-325.149710339873","-0.0498679114640243","-1.2715300743877",NA
"COD","2010 data","None","2010","No","133.952435145034","0.21466781638911","-0.546548249549586",NA
"COD","2011 data","None","2011","No","142.952546045788","0.209905509866697","-0.575454841432843",NA
"COD","2012 data","None","2012","No",NA,NA,NA,NA
"COD","2013 data","None","2013","No","307.509898327596","0.0702793943821404","-0.847937421559784",NA
"COD","2014 data","None","2014","No","134.065972159787","0.238688497052321","-0.422752351006035",NA
"COD","2015 data","None","2015","No","129.342405373288","0.27042728694926","-0.276821028715607",NA
"COD","2016 data","None","2016","No","128.034083133708","0.281731312896941","-0.327678503060013",NA
"COD","2017 data","None","2017","No","285.699428589814","0.0668719826328638","-1.47424471415075",NA
"COD","2018 data","None","2018","No","158.594663957752","0.159487978144563","-0.94930072775536",NA
"COD","2019 data","None","2019","No","117.929184271426","0.324358063096878","-0.242243183509714",NA
"COD","2020 data","None","2020","No","89.255226391485","0.440154599976399","-0.30687665067993",NA
"COD","2021 data","None","2021","No","161.502873763141","0.184758184694756","-0.67048856348486",NA
"COD","2022 data","None","2022","No","105.975896841246","0.427228543489008","-0.0933769801754521",NA
"COD","2023 data","None","2023","No",NA,NA,NA,NA
"COD","2024 data","None","2024","No",NA,NA,NA,NA
"COD","2025 data","None","2025","No",NA,NA,NA,NA
"DGS","2004 data","None","2004","No","80.7737719099369","0.285458048114702","-0.494991870859428",NA
"HAD","2003 data","None","2003","No","47.7112498667231","0.441529204414534","-0.899456556178299",NA
"HAD","2004 data","None","2004","No",NA,NA,NA,NA
"HAD","2005 data","None","2005","No","51.8291023833684","0.267654050249956","-1.590996806154",NA
"HAD","2006 data","None","2006","No","46.6361089479645","0.36234123361519","-1.41438884192554",NA
"HAD","2007 data","None","2007","No","45.2720465209432","0.452324544973174","-1.18747776205957",NA
"HAD","2008 data","None","2008","No","44.3654133676012","0.563660819494063","-0.84820663253685",NA
"HAD","2009 data","None","2009","No","43.7295014530047","0.537970538742496","-0.979984675562309",NA
"HAD","2010 data","None","2010","No","46.9996154685436","0.460337442305585","-0.897770823843344",NA
"HAD","2011 data","None","2011","No","54.2442230620803","0.267810692225262","-1.42979009696691",NA
"HAD","2012 data","None","2012","No","53.3669802731061","0.278281028498144","-1.54282817454044",NA
"HAD","2013 data","None","2013","No","51.4469493877472","0.32229337733763","-1.32031394513456",NA
"HAD","2014 data","None","2014","No","48.2830605745174","0.504911401182993","-0.882606131391437",NA
"HAD","2015 data","None","2015","No","49.3956093776788","0.441267444401681","-0.97557154547632",NA
"HAD","2016 data","None","2016","No","51.3628361297914","0.420670858295298","-0.893899371060073",NA
"HAD","2017 data","None","2017","No","54.8491067130019","0.328217042402519","-1.1329250341745",NA
"HAD","2018 data","None","2018","No","54.151328052842","0.26468793022759","-1.59283878876024",NA
"HAD","2019 data","None","2019","No","45.2984182784723","0.481038753405319","-0.968716340209006",NA
"HAD","2020 data","None","2020","No","45.7552904030203","0.429876993364513","-1.05924412614949",NA
"HAD","2021 data","None","2021","No","47.7298157485535","0.377041903939167","-1.18840381953901",NA
"HAD","2022 data","None","2022","No","49.3931454845479","0.377298797254484","-1.02192926046615",NA
"HAD","2023 data","None","2023","No","51.9085083460962","0.267454185823473","-1.47767031421179",NA
"HAD","2024 data","None","2024","No","56.1100463473561","0.209028395956962","-1.8464788904302",NA
"HAD","2025 data","None","2025","No","50.0277393536487","0.275113528473962","-1.64068388502772",NA
"HER","2003 data","None","2003","No","29.9600865977907","0.390768929741045","-1.97147607534936",NA
"HER","2004 data","None","2004","No","29.1489744926862","0.67118349733438","-0.973699529054224",NA
"HER","2005 data","None","2005","No","29.3924854693678","0.580794061353475","-1.2514514860104",NA
"HER","2006 data","None","2006","No","29.770888630417","0.531489775885907","-1.3188137815311",NA
"HER","2007 data","None","2007","No","30.5910124621882","0.389153441576979","-2.03656542293111",NA
"HER","2008 data","None","2008","No","28.9555195600147","0.779704413788086","-0.684336551601115",NA
"HER","2009 data","None","2009","No","29.6656639632187","0.564913242779285","-1.25752755780974",NA
"HER","2010 data","None","2010","No","30.6452772443602","0.45764668623174","-1.54317863680248",NA
"HER","2011 data","None","2011","No","30.5115545506107","0.485490069678627","-1.43777382003228",NA
"HER","2012 data","None","2012","No","29.4907380170902","0.540424978061877","-1.30589380616151",NA
"HER","2013 data","None","2013","No","30.2946339468747","0.501227769477536","-1.18931666601821",NA
"HER","2014 data","None","2014","No","29.2047311724217","0.559725118630729","-1.15731737900628",NA
"HER","2015 data","None","2015","No","29.2674344564961","0.534552494649972","-1.16634766044827",NA
"HER","2016 data","None","2016","No","29.9164298871301","0.446576201490213","-1.43234152265093",NA
"HER","2017 data","None","2017","No","29.3012573221205","0.476029641580346","-1.36321564114013",NA
"HER","2018 data","None","2018","No","29.2526992909471","0.466947808771588","-1.2752506246789",NA
"HER","2019 data","None","2019","No","29.1929071974463","0.470797213206176","-1.40958427695208",NA
"HER","2020 data","None","2020","No","29.7296185836561","0.427539137957214","-1.48616802674826",NA
"HER","2021 data","None","2021","No","28.7327817901368","0.485463100995266","-1.32876974035888",NA
"HER","2022 data","None","2022","No","27.993750553105","0.547076533873108","-1.26358197407238",NA
"HER","2023 data","None","2023","No","27.7627783919821","0.611486465721868","-1.11206829982997",NA
"HER","2024 data","None","2024","No","27.797621346204","0.650541210776471","-1.07708587910023",NA
"HER","2025 data","None","2025","No","28.2517589784732","0.562046834831978","-1.15526834006856",NA
"HOM","2003 data","None","2003","No","33.9854238268665","0.279930215090609","-1.33810358391598",NA
"HOM","2004 data","None","2004","No","32.1971292873165","0.36679549180202","-0.880867511224048",NA
"HOM","2005 data","None","2005","No","33.2126744179183","0.323739540115229","-0.957835578359148",NA
"HOM","2006 data","None","2006","No","35.1337734352548","0.214678169797567","-1.53369328690138",NA
"HOM","2007 data","None","2007","No","35.6216389905327","0.206953309624648","-1.50975499709967",NA
"HOM","2008 data","None","2008","No","34.4306025173479","0.237692544091791","-1.67488910053876",NA
"HOM","2009 data","None","2009","No","33.4831345685215","0.289911736190155","-1.30539759541135",NA
"HOM","2010 data","None","2010","No","33.274898810386","0.355927161542006","-0.986364548614996",NA
"HOM","2011 data","None","2011","No","33.1213624642611","0.348790537550092","-0.890689330863431",NA
"HOM","2012 data","None","2012","No","33.9787066652458","0.306455344178873","-1.00030980445031",NA
"HOM","2013 data","None","2013","No","34.9065249181656","0.273150812821346","-1.3731392086206",NA
"HOM","2014 data","None","2014","No","33.9824776828742","0.354990702934498","-1.13328775439583",NA
"HOM","2015 data","None","2015","No","35.0396683333399","0.298886343335045","-1.24689461740139",NA
"HOM","2016 data","None","2016","No","35.890388172756","0.25373008463664","-1.39588867416213",NA
"HOM","2017 data","None","2017","No","35.4951470391875","0.269980683758959","-1.34461523273969",NA
"HOM","2018 data","None","2018","No","36.5453858450211","0.240741969803602","-1.60197271739884",NA
"HOM","2019 data","None","2019","No","35.8943047423013","0.255653961162484","-1.4041653633915",NA
"HOM","2020 data","None","2020","No","37.0238966735281","0.251710930371599","-1.27177230134847",NA
"HOM","2021 data","None","2021","No","37.3629686072776","0.229337390035843","-1.49733411060968",NA
"HOM","2022 data","None","2022","No","37.4630130593832","0.217977869003356","-1.75694817555932",NA
"HOM","2024 data","None","2024","No","38.313229184988","0.224835309975185","-1.66302876896118",NA
"HOM","2025 data","None","2025","No","37.2799064116499","0.253407439378665","-1.42827289885411",NA
"MAC","2003 data","None","2003","No","34.6571810347039","0.433764416884502","-2.2022673425143",NA
"MAC","2004 data","None","2004","No","34.6964344894833","0.581755099752024","-1.49682822418777",NA
"MAC","2005 data","None","2005","No","35.820146446391","0.482715506891685","-1.57107538174874",NA
"MAC","2006 data","None","2006","No","36.5906949006094","0.434326247775741","-1.68516519247082",NA
"MAC","2007 data","None","2007","No","38.3189982306234","0.343783113950397","-2.13090570410176",NA
"MAC","2008 data","None","2008","No","36.0567757367409","0.414632361775626","-1.99272278528173",NA
"MAC","2009 data","None","2009","No","36.2418083147081","0.373384644561096","-2.43172220291516",NA
"MAC","2010 data","None","2010","No","35.3287442500303","0.458067746046066","-1.88532348522952",NA
"MAC","2011 data","None","2011","No","34.8813925675208","0.606375559126817","-1.15417261833995",NA
"MAC","2012 data","None","2012","No","35.5423480807293","0.410272346170852","-1.87224775883878",NA
"MAC","2013 data","None","2013","No","36.6262340133324","0.376980947531897","-2.05886924958712",NA
"MAC","2014 data","None","2014","No","34.0144379021646","0.654380520773419","-1.4837081324901",NA
"MAC","2015 data","None","2015","No","35.3855685296812","0.595267407457543","-1.20802490109891",NA
"MAC","2016 data","None","2016","No","34.8758658731531","0.625397168349309","-1.25283493296621",NA
"MAC","2017 data","None","2017","No","33.8989926409163","0.691076929124832","-1.19763134336761",NA
"MAC","2018 data","None","2018","No","34.601657334225","0.665060261298293","-1.33214725080914",NA
"MAC","2019 data","None","2019","No","35.7360623253945","0.63035606821806","-1.31535484607769",NA
"MAC","2020 data","None","2020","No","37.6650799387471","0.377470164567531","-2.11968680871167",NA
"MAC","2021 data","None","2021","No","34.3332789439083","0.832185378534858","-1.00955521762806",NA
"MAC","2022 data","None","2022","No","36.8617380306896","0.443588381799376","-1.94634472681337",NA
"MAC","2023 data","None","2023","No","36.0807197240196","0.642160228053237","-1.34227431852878",NA
"MAC","2024 data","None","2024","No","35.6706554863912","0.644622258145957","-1.40051019231963",NA
"MAC","2025 data","None","2025","No","36.5267778592224","0.584715872321944","-1.44212041580385",NA
"MEG","2003 data","None","2003","No","103.592901293804","0.0451375786703382","-2.89838452803001",NA
"MEG","2004 data","None","2004","No",NA,NA,NA,NA
"MEG","2005 data","None","2005","No","62.2777346929353","0.0846387843946231","-2.65917405318024",NA
"MEG","2006 data","None","2006","No","88.9421170589075","0.0504289583696635","-3.25221071100732",NA
"MEG","2007 data","None","2007","No","184.908735333297","0.0200789711489571","-4.19178146604489",NA
"MEG","2008 data","None","2008","No","65.1519344343868","0.0967296533416612","-2.36823296966519",NA
"MEG","2009 data","None","2009","No","69.7766968477962","0.0786865370622551","-1.89367680229561",NA
"MEG","2010 data","None","2010","No","70.6544263906413","0.0838772148990396","-1.67892070855961",NA
"MEG","2011 data","None","2011","No","54.6485202275591","0.131697234229499","-1.32043985998873",NA
"MEG","2012 data","None","2012","No","49.6395888156817","0.165742159707588","-1.7108682577177",NA
"MEG","2013 data","None","2013","No","49.1051835015342","0.148595273514504","-2.43780638384594",NA
"MEG","2014 data","None","2014","No","48.0947398331102","0.171428016833862","-1.67198826862261",NA
"MEG","2015 data","None","2015","No","50.5224469141189","0.137570464044741","-2.17557507336449",NA
"MEG","2016 data","None","2016","No","47.4507902057416","0.168161093264667","-1.63464994219544",NA
"MEG","2017 data","None","2017","No","47.3368395636222","0.16378666367761","-1.79344286928119",NA
"MEG","2018 data","None","2018","No","43.8008398723617","0.214950680824281","-1.13405608861678",NA
"MEG","2019 data","None","2019","No","48.6970850810421","0.165585583993341","-1.31402924289298",NA
"MEG","2020 data","None","2020","No","50.1237652500876","0.153963493236849","-1.63419129348032",NA
"MEG","2021 data","None","2021","No","46.5254507523227","0.191806005031539","-1.22915387015805",NA
"MEG","2022 data","None","2022","No","44.2695158678804","0.199910911387286","-1.3715438645123",NA
"MEG","2023 data","None","2023","No","62.8178541946032","0.0848715050267856","-1.95974804044327",NA
"MEG","2024 data","None","2024","No","51.6582976095115","0.118014123935895","-1.62358638749539",NA
"MEG","2025 data","None","2025","No","137.071005462822","0.0268449639856379","-3.39369225095992",NA
"PLE","2003 data","None","2003","No","35.9877853326919","0.328271818944794","-1.42837565224079",NA
"PLE","2004 data","None","2004","No",NA,NA,NA,NA
"PLE","2005 data","None","2005","No","44.9607551555735","0.167406109361703","-1.93989567280532",NA
"PLE","2006 data","None","2006","No","37.8781517589511","0.273055048809882","-1.58304689796521",NA
"PLE","2007 data","None","2007","No","33.6926885689648","0.431452305532553","-0.677203310200256",NA
"PLE","2008 data","None","2008","No","33.6634111917774","0.349656806502903","-1.64960435077577",NA
"PLE","2009 data","None","2009","No","36.7903406962796","0.266562399273249","-1.71101428780291",NA
"PLE","2010 data","None","2010","No","35.0569916091825","0.306768139523703","-1.50520611308004",NA
"PLE","2011 data","None","2011","No","38.4072086199197","0.216625888203778","-2.31660287703706",NA
"PLE","2012 data","None","2012","No","34.4574539464021","0.334774238041722","-1.46545699621809",NA
"PLE","2013 data","None","2013","No","36.4683944414395","0.259855112743668","-2.05241097633258",NA
"PLE","2014 data","None","2014","No","34.8677877919653","0.367752017962354","-1.07601206360127",NA
"PLE","2015 data","None","2015","No","36.1970247274666","0.309098301805103","-1.47316654845106",NA
"PLE","2016 data","None","2016","No","35.9836411047887","0.288398370964118","-1.58854191566321",NA
"PLE","2017 data","None","2017","No","34.9762992065468","0.296099357521371","-1.57776233022132",NA
"PLE","2018 data","None","2018","No","39.9406590210162","0.161192820863235","-3.45222878272691",NA
"PLE","2019 data","None","2019","No","37.8135059627299","0.210762310809401","-2.66758875762588",NA
"PLE","2020 data","None","2020","No",NA,NA,NA,NA
"PLE","2021 data","None","2021","No","35.3863503442075","0.259061597055416","-2.09294282190463",NA
"PLE","2022 data","None","2022","No","59.5714918078606","0.0621900842932602","-6.06949354582303",NA
"PLE","2023 data","None","2023","No","40.6104526204816","0.163684151414885","-2.96425373791632",NA
"PLE","2024 data","None","2024","No","52.5796642758159","0.0811139769859633","-5.07216657531461",NA
"PLE","2025 data","None","2025","No","38.0220237759912","0.18611739293038","-2.78931748654284",NA
"POK","2003 data","None","2003","No","-124.325474806073","-0.0373791494554029","-5.57710362193909",NA
"POK","2004 data","None","2004","No","61.6646345508107","0.386465301342704","-0.383253971199434",NA
"POK","2007 data","None","2007","No","239.891868765696","0.0425139656478825","-2.31019940280337",NA
"POK","2016 data","None","2016","No",NA,NA,NA,NA
"POK","2017 data","None","2017","No","331.119917414544","0.0287365823354846","-2.18963594952901",NA
"POK","2018 data","None","2018","No",NA,NA,NA,NA
"POK","2019 data","None","2019","No",NA,NA,NA,NA
"POK","2020 data","None","2020","No",NA,NA,NA,NA
"POK","2021 data","None","2021","No",NA,NA,NA,NA
"POK","2022 data","None","2022","No","61.5728021978022","0.406382960398393","-0.504215739541699",NA
"POK","2023 data","None","2023","No",NA,NA,NA,NA
"POK","2024 data","None","2024","No",NA,NA,NA,NA
"POK","2025 data","None","2025","No",NA,NA,NA,NA
"POL","2016 data","None","2016","No","121.328803404383","0.0799749031551244","-3.96350336825811",NA
"POL","2017 data","None","2017","No","79.3349741099273","0.168166676453613","-2.4832935930583",NA
"POL","2018 data","None","2018","No","85.370595592634","0.196794640027964","-1.57466337928608",NA
"POL","2019 data","None","2019","No","350.302399608173","0.0367578011459293","-0.429842764393546",NA
"POL","2020 data","None","2020","No","59.4699241824624","0.497001812482591","-0.760767857537931",NA
"POL","2021 data","None","2021","No",NA,NA,NA,NA
"POL","2022 data","None","2022","No","110.974295754943","0.0916301611022237","-3.60050728931818",NA
"POL","2023 data","None","2023","No",NA,NA,NA,NA
"POL","2025 data","None","2025","No",NA,NA,NA,NA
"SOL","2003 data","None","2003","No",NA,NA,NA,NA
"SOL","2004 data","None","2004","No","29.9847543120225","0.740808692615027","-0.667246866438931",NA
"SOL","2005 data","None","2005","No","35.3900861435705","0.296483878502603","-1.51480219699404",NA
"SOL","2006 data","None","2006","No","32.0305653456236","0.486340016525786","-0.870436900243652",NA
"SOL","2007 data","None","2007","No","33.6722862350444","0.283549124489983","-2.49546045228287",NA
"SOL","2008 data","None","2008","No","31.0673172497527","0.423608940386734","-1.54585290986178",NA
"SOL","2009 data","None","2009","No","34.7570452755305","0.187138171599943","-4.64521316052369",NA
"SOL","2010 data","None","2010","No","33.9924612863454","0.300246286357677","-1.85827736150834",NA
"SOL","2011 data","None","2011","No","35.1541743772093","0.237883166532652","-2.41206592606667",NA
"SOL","2012 data","None","2012","No",NA,NA,NA,NA
"SOL","2013 data","None","2013","No","35.2406053497916","0.195887041284055","-3.54937165873036",NA
"SOL","2014 data","None","2014","No","48.4980686865116","0.0793378649914586","-6.13925083085376",NA
"SOL","2015 data","None","2015","No","32.8265326793573","0.335242640177485","-2.39162680163568",NA
"SOL","2016 data","None","2016","No","33.9989837829397","0.455854833195754","-1.06308676841692",NA
"SOL","2017 data","None","2017","No",NA,NA,NA,NA
"SOL","2018 data","None","2018","No","31.1712583032803","0.45536107222591","-0.805354832393212",NA
"SOL","2019 data","None","2019","No","31.9419860376647","0.388598228812403","-1.26275363708252",NA
"SOL","2020 data","None","2020","No","30.4404340211911","0.431302249605602","-1.63590713414102",NA
"SOL","2021 data","None","2021","No","32.3521373952787","0.36898499932857","-1.39966839088298",NA
"SOL","2022 data","None","2022","No","32.596040606793","0.343763526640412","-1.19436655855933",NA
"SOL","2023 data","None","2023","No","33.7403226400535","0.282165204654797","-2.30820063242969",NA
"SOL","2024 data","None","2024","No","32.2393492154466","0.459908872565451","-1.08296996505278",NA
"SOL","2025 data","None","2025","No","34.9968152283611","0.335189785535833","-1.29145212107373",NA
"WHB","2003 data","None","2003","No","30.5928368051297","0.516564136927338","-1.52233518315235",NA
"WHB","2004 data","None","2004","No","28.670318679695","0.748389472532099","-1.3529138263702",NA
"WHB","2005 data","None","2005","No","29.0667142323865","0.58301858862637","-1.56696233970249",NA
"WHB","2006 data","None","2006","No","31.0783540071943","0.44868980273115","-1.64951978694172",NA
"WHB","2007 data","None","2007","No","36.0603570924075","0.292815545018695","-2.31424070494731",NA
"WHB","2008 data","None","2008","No","32.3584456706448","0.475833801204413","-1.61414617252145",NA
"WHB","2009 data","None","2009","No","32.4869141974755","0.461628052309932","-1.78180629228622",NA
"WHB","2010 data","None","2010","No","37.0128007879054","0.281372526753783","-2.25801761185086",NA
"WHB","2011 data","None","2011","No","36.9945442740919","0.308164914346998","-2.10531661592069",NA
"WHB","2012 data","None","2012","No","41.2356558278682","0.191354922426246","-3.01240774550449",NA
"WHB","2013 data","None","2013","No","43.0631513175262","0.156553386513265","-3.58398889161025",NA
"WHB","2014 data","None","2014","No","35.2004116723374","0.288256944857079","-2.4985603923608",NA
"WHB","2015 data","None","2015","No","42.4785620925081","0.148316526670957","-3.79158173278135",NA
"WHB","2016 data","None","2016","No","35.454080999094","0.229888934898605","-3.40146343952431",NA
"WHB","2017 data","None","2017","No","34.5447180005351","0.277054423222261","-2.98005111301849",NA
"WHB","2018 data","None","2018","No","28.8863862798307","0.61163344145475","-1.6529816902863",NA
"WHB","2019 data","None","2019","No","30.7502895352728","0.491791500791047","-2.07284188251715",NA
"WHB","2020 data","None","2020","No","29.663225676911","0.793846170754047","-1.13330330270839",NA
"WHB","2021 data","None","2021","No","32.006779875149","0.509386534392897","-1.52018333747322",NA
"WHB","2022 data","None","2022","No","42.819671342655","0.159116246034745","-3.60641803280573",NA
"WHB","2023 data","None","2023","No","44.9202690944682","0.122301080758196","-4.48788140252004",NA
"WHB","2024 data","None","2024","No","39.5574995334581","0.15274248664076","-4.336006758651",NA
"WHB","2025 data","None","2025","No","28.8162959147083","0.732280270862177","-1.24544913418825",NA
"WHG","2003 data","None","2003","No","38.5612269158651","0.596135752888409","-0.851706128600748",NA
"WHG","2004 data","None","2004","No","46.2250081380681","0.356752631247737","-1.32163022497291",NA
"WHG","2005 data","None","2005","No","45.3015597245047","0.405693485377114","-1.25797017750249",NA
"WHG","2006 data","None","2006","No","43.4898971380832","0.395741011112388","-1.34735028017899",NA
"WHG","2007 data","None","2007","No","42.8113977009544","0.457455047012139","-1.19931844926123",NA
"WHG","2008 data","None","2008","No","42.8248767955613","0.49910033986143","-1.10133539359266",NA
"WHG","2009 data","None","2009","No","45.3996820042188","0.407673377771271","-1.31822451760161",NA
"WHG","2010 data","None","2010","No","46.8050867393557","0.455403787075194","-0.93519109898858",NA
"WHG","2011 data","None","2011","No","53.9605616108559","0.276615702586918","-1.45911476372408",NA
"WHG","2012 data","None","2012","No","51.7961082010719","0.324615791951579","-1.31324813674096",NA
"WHG","2013 data","None","2013","No","47.8017285198521","0.338608976552527","-1.29322545351946",NA
"WHG","2014 data","None","2014","No","45.6500282384548","0.454837241557904","-1.00777023482004",NA
"WHG","2015 data","None","2015","No","46.1996398994393","0.431812280944234","-1.05002790800067",NA
"WHG","2016 data","None","2016","No","48.9348069727368","0.371851881898069","-1.05340551150829",NA
"WHG","2017 data","None","2017","No","46.9174548717982","0.340050646380718","-1.33556379808496",NA
"WHG","2018 data","None","2018","No","53.6104805055226","0.24900327652002","-1.66744946632366",NA
"WHG","2019 data","None","2019","No","44.9150042995656","0.42009049526857","-1.1708608413075",NA
"WHG","2020 data","None","2020","No","47.0904229362207","0.376235044866236","-1.15012491954128",NA
"WHG","2021 data","None","2021","No","51.8754678155247","0.303550726810233","-1.34777003168288",NA
"WHG","2022 data","None","2022","No","50.861468299999","0.278748733986015","-1.43682663638152",NA
"WHG","2023 data","None","2023","No","49.6472339010073","0.261873890494729","-1.73860052088103",NA
"WHG","2024 data","None","2024","No","45.1753603049811","0.354766903216495","-1.47685573156978",NA
"WHG","2025 data","None","2025","No","48.9319967550022","0.323061994384732","-1.30850947769973",NA
"COD","2003 female data","Sex","2003","No","198.915900067843","0.16033756323949","-0.378692046528107","female"
"COD","2004 female data","Sex","2004","No","134.616626632135","0.202721991741269","-0.695988554570593","female"
"COD","2005 female data","Sex","2005","No",NA,NA,NA,"female"
"COD","2006 female data","Sex","2006","No","-572.753753026636","-0.0274481428283655","-1.47379655704959","female"
"COD","2007 female data","Sex","2007","No","605.258684333368","0.0313926556129922","-1.15466457956059","female"
"COD","2008 female data","Sex","2008","No","90.9729659344202","0.43430620146547","-0.31811157350253","female"
"COD","2009 female data","Sex","2009","No","-13.4327155044729","-0.272768713422526","-3.98287646722432","female"
"COD","2010 female data","Sex","2010","No","132.750322705744","0.247162517476631","-0.326537738356128","female"
"COD","2011 female data","Sex","2011","No","138.048133690617","0.230709452230604","-0.507177479728985","female"
"COD","2012 female data","Sex","2012","No","130.782179305587","0.252604960366967","-0.466576171693342","female"
"COD","2013 female data","Sex","2013","No","742.493401416887","0.0264344373815436","-0.971881236401752","female"
"COD","2014 female data","Sex","2014","No","141.914758858589","0.22178630639892","-0.417644100289493","female"
"COD","2015 female data","Sex","2015","No","128.917584509034","0.278366617785853","-0.235935165082831","female"
"COD","2016 female data","Sex","2016","No","118.45113664049","0.346074963810094","-0.218925091208062","female"
"COD","2017 female data","Sex","2017","No",NA,NA,NA,"female"
"COD","2018 female data","Sex","2018","No","169.939187994206","0.143498544431195","-1.01884207345004","female"
"COD","2019 female data","Sex","2019","No","123.913740816991","0.284800779070832","-0.307907368370973","female"
"COD","2020 female data","Sex","2020","No","78.1541641552888","0.591461942517589","-0.241101047838516","female"
"COD","2021 female data","Sex","2021","No","144.411067579835","0.235169808313283","-0.461092953477128","female"
"COD","2022 female data","Sex","2022","No","384.703648111985","0.0631140779483319","-0.716419242414959","female"
"COD","2023 female data","Sex","2023","No",NA,NA,NA,"female"
"COD","2024 female data","Sex","2024","No",NA,NA,NA,"female"
"COD","2025 female data","Sex","2025","No",NA,NA,NA,"female"
"COD","2003 male data","Sex","2003","No","173.58871903119","0.177771469231388","-0.474832956708896","male"
"COD","2004 male data","Sex","2004","No",NA,NA,NA,"male"
"COD","2005 male data","Sex","2005","No","98.2854290235638","0.3433498224103","-0.583845393952836","male"
"COD","2006 male data","Sex","2006","No","126.735964953033","0.246968744943138","-0.556187978210239","male"
"COD","2007 male data","Sex","2007","No","229.660378952777","0.0894244803121271","-1.05380425415866","male"
"COD","2008 male data","Sex","2008","No","-153.431009957321","-0.0829142100055614","-1.91815368464729","male"
"COD","2009 male data","Sex","2009","No","238.350954272811","0.10031252994788","-0.804235493623689","male"
"COD","2010 male data","Sex","2010","No","136.586738191045","0.180589099076912","-0.833009558210992","male"
"COD","2011 male data","Sex","2011","No",NA,NA,NA,"male"
"COD","2012 male data","Sex","2012","No","90.388542637301","0.475384787268988","-0.237943180150875","male"
"COD","2013 male data","Sex","2013","No","107.125676195748","0.334921476623503","-0.266233732033407","male"
"COD","2014 male data","Sex","2014","No","118.982407876625","0.289627177133873","-0.370931418871699","male"
"COD","2015 male data","Sex","2015","No","79.743757566586","0.729453876993485","0.118129467133668","male"
"COD","2016 male data","Sex","2016","No",NA,NA,NA,"male"
"COD","2017 male data","Sex","2017","No","107.754123394141","0.344139956632365","-0.511025519683304","male"
"COD","2018 male data","Sex","2018","No",NA,NA,NA,"male"
"COD","2019 male data","Sex","2019","No",NA,NA,NA,"male"
"COD","2020 male data","Sex","2020","No","90.2175910175581","0.454588069925103","-0.184207458025043","male"
"COD","2021 male data","Sex","2021","No",NA,NA,NA,"male"
"COD","2022 male data","Sex","2022","No","77.6588919596786","1.73241325583021","0.586856887477071","male"
"COD","2023 male data","Sex","2023","No",NA,NA,NA,"male"
"COD","2024 male data","Sex","2024","No",NA,NA,NA,"male"
"COD","2025 male data","Sex","2025","No",NA,NA,NA,"male"
"DGS","2004 female data","Sex","2004","No",NA,NA,NA,"female"
"DGS","2004 male data","Sex","2004","No","78.3684192043701","0.333521378456478","-0.231905222533761","male"
"HAD","2003 female data","Sex","2003","No","47.4217107577399","0.489647401073674","-0.835794648302212","female"
"HAD","2004 female data","Sex","2004","No","47.4464705205583","0.374581035219634","-1.11382573963863","female"
"HAD","2005 female data","Sex","2005","No","54.0494810051266","0.25639601893634","-1.67261598343413","female"
"HAD","2006 female data","Sex","2006","No","46.782018416071","0.413298160575477","-1.22605576570112","female"
"HAD","2007 female data","Sex","2007","No","46.986435645973","0.441191755721118","-1.2104780763232","female"
"HAD","2008 female data","Sex","2008","No","46.6424993898404","0.523856133248996","-0.933731870942111","female"
"HAD","2009 female data","Sex","2009","No","44.9290921047702","0.552480612388077","-0.931740248047058","female"
"HAD","2010 female data","Sex","2010","No","48.3878651319621","0.500242245489082","-0.758046268017005","female"
"HAD","2011 female data","Sex","2011","No","53.5053485881334","0.309905417909159","-1.23200977743225","female"
"HAD","2012 female data","Sex","2012","No","54.4247420120711","0.287497843498897","-1.55020504736396","female"
"HAD","2013 female data","Sex","2013","No","54.3807711478021","0.297123006253675","-1.46185344379262","female"
"HAD","2014 female data","Sex","2014","No","50.2033777807086","0.504643331878175","-0.846193402012148","female"
"HAD","2015 female data","Sex","2015","No","50.6376160281149","0.454762885198082","-0.933762992920517","female"
"HAD","2016 female data","Sex","2016","No","52.083933322659","0.448711647232424","-0.824534975614228","female"
"HAD","2017 female data","Sex","2017","No","56.4899324108351","0.324519127327204","-1.14050790017921","female"
"HAD","2018 female data","Sex","2018","No","53.9142824363707","0.307583463549256","-1.43078619987543","female"
"HAD","2019 female data","Sex","2019","No","47.0695011061777","0.484291381276622","-0.913015534433543","female"
"HAD","2020 female data","Sex","2020","No","47.2753769707573","0.444125471217243","-0.985184248005667","female"
"HAD","2021 female data","Sex","2021","No","49.3395786284462","0.384260196899743","-1.14842906453789","female"
"HAD","2022 female data","Sex","2022","No","50.1350600704098","0.406141465275821","-0.917946273430754","female"
"HAD","2023 female data","Sex","2023","No","51.8855705479438","0.297218451288502","-1.35870208514552","female"
"HAD","2024 female data","Sex","2024","No","59.2145326245408","0.193063169333493","-1.97887999982774","female"
"HAD","2025 female data","Sex","2025","No","52.0260782707957","0.265829441673902","-1.69823451073446","female"
"HAD","2003 male data","Sex","2003","No","46.1054790654498","0.411408107858889","-1.0379184891669","male"
"HAD","2004 male data","Sex","2004","No","41.5091597939805","0.389469393620451","-1.39771031802623","male"
"HAD","2005 male data","Sex","2005","No","48.5488636112352","0.261079159758245","-1.83158177573489","male"
"HAD","2006 male data","Sex","2006","No","44.2531531009434","0.340605135624547","-1.65774860482665","male"
"HAD","2007 male data","Sex","2007","No","42.5742852213402","0.43914212868769","-1.3910791807551","male"
"HAD","2008 male data","Sex","2008","No","40.6765035093626","0.560098889869255","-1.03764787714115","male"
"HAD","2009 male data","Sex","2009","No","41.139366140746","0.498272409115565","-1.26287352173528","male"
"HAD","2010 male data","Sex","2010","No","43.51308025169","0.435470371756147","-1.12161928476975","male"
"HAD","2011 male data","Sex","2011","No","52.0977565636402","0.232075729036085","-1.86652047827315","male"
"HAD","2012 male data","Sex","2012","No","52.8240812117791","0.226877141266143","-2.0103011086949","male"
"HAD","2013 male data","Sex","2013","No","45.6186610235946","0.361769616439629","-1.47061541482051","male"
"HAD","2014 male data","Sex","2014","No","44.8200223101999","0.515545651912447","-0.986666010324605","male"
"HAD","2015 male data","Sex","2015","No","46.071686470832","0.439418423427472","-1.11354517807496","male"
"HAD","2016 male data","Sex","2016","No","49.9268964594599","0.380221182254765","-1.06822239055525","male"
"HAD","2017 male data","Sex","2017","No","51.6266374261023","0.322717110888161","-1.29889426979573","male"
"HAD","2018 male data","Sex","2018","No","53.8175019675577","0.214145509229817","-2.05653969594671","male"
"HAD","2019 male data","Sex","2019","No","42.2117733383211","0.493883797588091","-1.05399201969695","male"
"HAD","2020 male data","Sex","2020","No","43.5176165021654","0.389697423429185","-1.2822783016189","male"
"HAD","2021 male data","Sex","2021","No","45.9085755151014","0.327307816175568","-1.50798734068868","male"
"HAD","2022 male data","Sex","2022","No","47.3163040284046","0.333067701084683","-1.31607664278949","male"
"HAD","2023 male data","Sex","2023","No","53.065734936979","0.203102265408267","-2.08281824526044","male"
"HAD","2024 male data","Sex","2024","No","49.9223097443734","0.228699468807758","-2.02253871774759","male"
"HAD","2025 male data","Sex","2025","No","47.5467002941072","0.271134983456688","-1.77019481282101","male"
"HER","2003 female data","Sex","2003","No","30.3152572020421","0.350774330850518","-2.32943954317055","female"
"HER","2004 female data","Sex","2004","No","29.5864984089633","0.588914069903055","-1.2283917817874","female"
"HER","2005 female data","Sex","2005","No","29.245943586605","0.624534382798926","-1.12889305506311","female"
"HER","2006 female data","Sex","2006","No","29.9436387244627","0.540611017670613","-1.23250542189161","female"
"HER","2007 female data","Sex","2007","No","31.2491778806261","0.350236421531779","-2.28642261930868","female"
"HER","2008 female data","Sex","2008","No","30.0035510615017","0.524269854923513","-1.65048299314048","female"
"HER","2009 female data","Sex","2009","No","30.2085746800031","0.462319361975014","-1.68695584578314","female"
"HER","2010 female data","Sex","2010","No","31.2719322590844","0.413091867154635","-1.74816296023446","female"
"HER","2011 female data","Sex","2011","No","31.1598530914424","0.402077447535272","-1.92107273384454","female"
"HER","2012 female data","Sex","2012","No","29.8449441125738","0.469830957725832","-1.62437770775337","female"
"HER","2013 female data","Sex","2013","No","30.3672416443999","0.504853474320731","-1.19395428957136","female"
"HER","2014 female data","Sex","2014","No","29.5245053554538","0.513398726395374","-1.40815767022364","female"
"HER","2015 female data","Sex","2015","No","30.7117494462347","0.375670349631719","-1.92991802541641","female"
"HER","2016 female data","Sex","2016","No","30.1435299268436","0.444313357617327","-1.49798699022527","female"
"HER","2017 female data","Sex","2017","No","29.8451075997336","0.381162154098619","-1.9668119351621","female"
"HER","2018 female data","Sex","2018","No","28.9328941682486","0.464487224755162","-1.4998806224094","female"
"HER","2019 female data","Sex","2019","No","29.303265345548","0.467000805784999","-1.43796181806303","female"
"HER","2020 female data","Sex","2020","No","30.0798100595831","0.387597165104188","-1.75442855077748","female"
"HER","2021 female data","Sex","2021","No","28.9111755322372","0.45632097654341","-1.51884137657817","female"
"HER","2022 female data","Sex","2022","No","27.7498312540434","0.551151595228385","-1.39410567657881","female"
"HER","2023 female data","Sex","2023","No","28.0844616636603","0.574711894288077","-1.14427491185843","female"
"HER","2024 female data","Sex","2024","No","28.033255277875","0.583913100452221","-1.26759579239076","female"
"HER","2025 female data","Sex","2025","No","28.9295275384453","0.51415346049198","-1.28757062228748","female"
"HER","2003 male data","Sex","2003","No","29.8603014287685","0.410922856147385","-1.77540356489156","male"
"HER","2004 male data","Sex","2004","No","28.6720109764305","0.731367452496952","-0.938509460326728","male"
"HER","2005 male data","Sex","2005","No","29.5327105394963","0.553448908131286","-1.31763875516171","male"
"HER","2006 male data","Sex","2006","No","29.6830227574172","0.504716661108373","-1.49195384495676","male"
"HER","2007 male data","Sex","2007","No","29.4575916351508","0.477016645691487","-1.63804563166101","male"
"HER","2008 male data","Sex","2008","No","28.6695202850783","0.656314709781998","-1.09440517518565","male"
"HER","2009 male data","Sex","2009","No","29.5268352189058","0.564784441114804","-1.3425584098047","male"
"HER","2010 male data","Sex","2010","No","30.3357928530625","0.440023124667281","-1.74876475407115","male"
"HER","2011 male data","Sex","2011","No","30.1863741420645","0.483442663284318","-1.56203343314333","male"
"HER","2012 male data","Sex","2012","No","29.8358803077396","0.477482177857967","-1.61365143773956","male"
"HER","2013 male data","Sex","2013","No","30.6254483881284","0.427536174417327","-1.60106492920909","male"
"HER","2014 male data","Sex","2014","No","29.4504293890863","0.473200004252893","-1.51720453717544","male"
"HER","2015 male data","Sex","2015","No","28.869066674903","0.513293759001742","-1.45309747906943","male"
"HER","2016 male data","Sex","2016","No","29.7112817592461","0.427295144874966","-1.57665538053037","male"
"HER","2017 male data","Sex","2017","No","29.2902876561498","0.475574301515827","-1.48069877384496","male"
"HER","2018 male data","Sex","2018","No","29.591920115174","0.414029724907542","-1.62460841811009","male"
"HER","2019 male data","Sex","2019","No","29.018032622167","0.457037446378999","-1.63913004992144","male"
"HER","2020 male data","Sex","2020","No","28.8492844848489","0.505065539386645","-1.16739413868185","male"
"HER","2021 male data","Sex","2021","No","29.5376348899647","0.393746874234004","-1.82262016387522","male"
"HER","2022 male data","Sex","2022","No","30.2609248515039","0.351218611303849","-2.02084392745893","male"
"HER","2023 male data","Sex","2023","No","27.2592235041457","0.681018756537854","-1.06048637510596","male"
"HER","2024 male data","Sex","2024","No","28.6820275582879","0.442307195493243","-2.07225793230018","male"
"HER","2025 male data","Sex","2025","No","27.6260798074196","0.594056005451962","-1.12847074222487","male"
"HOM","2003 female data","Sex","2003","No","36.2597193417581","0.15332512162423","-3.47092457159039","female"
"HOM","2004 female data","Sex","2004","No","33.9780872483642","0.214815323368315","-2.76862157527872","female"
"HOM","2005 female data","Sex","2005","No","35.2267900993124","0.167441229837548","-3.92491385356902","female"
"HOM","2006 female data","Sex","2006","No","37.0783636942674","0.142456311993886","-3.79997990894547","female"
"HOM","2007 female data","Sex","2007","No","37.224923116243","0.151015849106475","-3.41694839729349","female"
"HOM","2008 female data","Sex","2008","No","37.5539812764393","0.138297447663298","-4.20373349899191","female"
"HOM","2009 female data","Sex","2009","No","34.9187652229241","0.197581217160025","-3.00430118983847","female"
"HOM","2010 female data","Sex","2010","No","35.6488808467387","0.188168323361023","-3.18496704287931","female"
"HOM","2011 female data","Sex","2011","No","35.1148284172942","0.202744307359948","-2.97787152163188","female"
"HOM","2012 female data","Sex","2012","No","34.0545755950189","0.293726044966572","-1.19377098023783","female"
"HOM","2013 female data","Sex","2013","No","35.7890213416253","0.206426431891182","-2.62337256363785","female"
"HOM","2014 female data","Sex","2014","No","35.1385971169079","0.236118812222666","-2.43025733920367","female"
"HOM","2015 female data","Sex","2015","No","35.6636993888412","0.255640398050693","-1.81561304888378","female"
"HOM","2016 female data","Sex","2016","No","35.8242834458961","0.261866818614445","-1.28147220892163","female"
"HOM","2017 female data","Sex","2017","No","35.5552857885189","0.244030272435723","-1.78985199105075","female"
"HOM","2018 female data","Sex","2018","No","36.9352010846202","0.225521405446838","-1.84508807340845","female"
"HOM","2019 female data","Sex","2019","No","36.6776111760284","0.226464255282148","-1.77343215105409","female"
"HOM","2020 female data","Sex","2020","No","37.7334019852743","0.225476170621239","-1.67074731187466","female"
"HOM","2021 female data","Sex","2021","No","38.4453014818845","0.182075021168913","-2.50770371377817","female"
"HOM","2022 female data","Sex","2022","No","38.6920981046694","0.183354846081618","-2.37511079907861","female"
"HOM","2024 female data","Sex","2024","No","39.7066378369511","0.167396147957218","-2.87229020624791","female"
"HOM","2025 female data","Sex","2025","No","39.1063260974862","0.182276565631676","-2.53603228840456","female"
"HOM","2003 male data","Sex","2003","No","38.2835082477","0.126354957824319","-4.33355904164707","male"
"HOM","2004 male data","Sex","2004","No","32.9595923314997","0.276020356762105","-1.77922693001837","male"
"HOM","2005 male data","Sex","2005","No","34.128450556811","0.234077414131417","-2.38218424653759","male"
"HOM","2006 male data","Sex","2006","No","36.5867884463471","0.154419675776742","-3.1970624513199","male"
"HOM","2007 male data","Sex","2007","No","36.9287575585433","0.148295181886332","-3.33831380127065","male"
"HOM","2008 male data","Sex","2008","No","35.1464778686664","0.174944900050312","-3.28095282458945","male"
"HOM","2009 male data","Sex","2009","No","36.9527172487607","0.14493134506105","-4.25953696797891","male"
"HOM","2010 male data","Sex","2010","No","37.2652373640905","0.14871135879387","-4.09264735646977","male"
"HOM","2011 male data","Sex","2011","No","33.7444969184216","0.253147728640391","-2.17033826075346","male"
"HOM","2012 male data","Sex","2012","No","35.0202117164682","0.21743088629891","-2.51187159335748","male"
"HOM","2013 male data","Sex","2013","No","35.6386804849967","0.230940095819769","-1.96888545463932","male"
"HOM","2014 male data","Sex","2014","No","35.7336936064809","0.219615800879916","-2.62433927485093","male"
"HOM","2015 male data","Sex","2015","No",NA,NA,NA,"male"
"HOM","2016 male data","Sex","2016","No","35.5503443492961","0.273440186357609","-1.22647751914342","male"
"HOM","2017 male data","Sex","2017","No","36.5920209726955","0.220953631043402","-1.92915289502446","male"
"HOM","2018 male data","Sex","2018","No","37.022474240553","0.212082774074628","-2.06137120717506","male"
"HOM","2019 male data","Sex","2019","No","36.3253353320454","0.213894793702866","-2.14687271644373","male"
"HOM","2020 male data","Sex","2020","No","37.8673735623611","0.197715814014801","-2.24216496954479","male"
"HOM","2021 male data","Sex","2021","No","37.7068171279847","0.201444111217395","-2.17183224662723","male"
"HOM","2022 male data","Sex","2022","No","37.6324094514063","0.186513346648456","-2.5800806924838","male"
"HOM","2024 male data","Sex","2024","No","39.9848499850264","0.165256127197331","-2.74670563207931","male"
"HOM","2025 male data","Sex","2025","No","38.1827649666014","0.188632471714523","-2.58821715808115","male"
"MAC","2003 female data","Sex","2003","No","36.0901874287862","0.308589552308725","-3.14780873021324","female"
"MAC","2004 female data","Sex","2004","No","35.3922226122681","0.511958533827748","-1.71884055834736","female"
"MAC","2005 female data","Sex","2005","No","36.0772464589176","0.468506172176427","-1.64396703299893","female"
"MAC","2006 female data","Sex","2006","No","36.7976078486371","0.438721058515758","-1.62269266862011","female"
"MAC","2007 female data","Sex","2007","No","39.2124607166608","0.309493335680682","-2.35982232881733","female"
"MAC","2008 female data","Sex","2008","No","37.2635461960976","0.387576463586433","-2.002242151932","female"
"MAC","2009 female data","Sex","2009","No","36.2599702879135","0.368858889293199","-2.44578185397616","female"
"MAC","2010 female data","Sex","2010","No","35.9780702245301","0.414124778914389","-2.04963852901633","female"
"MAC","2011 female data","Sex","2011","No","34.7747857081857","0.596045277121361","-1.2017920345586","female"
"MAC","2012 female data","Sex","2012","No","36.5213992482958","0.349102862856688","-2.21256058990997","female"
"MAC","2013 female data","Sex","2013","No","37.9571506238002","0.296260501829858","-2.66453644814935","female"
"MAC","2014 female data","Sex","2014","No","34.2165882580405","0.61809313991272","-1.57190829661394","female"
"MAC","2015 female data","Sex","2015","No","36.3211507800645","0.46631426014339","-1.75433736249377","female"
"MAC","2016 female data","Sex","2016","No","36.4714355788588","0.449837996542805","-1.84948136807899","female"
"MAC","2017 female data","Sex","2017","No","35.1743674993427","0.522072260181394","-1.70776455638177","female"
"MAC","2018 female data","Sex","2018","No","34.7975361596692","0.603511267163413","-1.61064392499155","female"
"MAC","2019 female data","Sex","2019","No","35.9225815673552","0.586768092917781","-1.41558284101593","female"
"MAC","2020 female data","Sex","2020","No","35.9717551455872","0.443632572927783","-1.98064291627191","female"
"MAC","2021 female data","Sex","2021","No","35.5806196610365","0.63324090562417","-1.41804035245022","female"
"MAC","2022 female data","Sex","2022","No","36.6653229849262","0.501567000673746","-1.7355066071219","female"
"MAC","2023 female data","Sex","2023","No","36.1880541021534","0.611972733671873","-1.501753045743","female"
"MAC","2024 female data","Sex","2024","No","36.0755529501937","0.592621255187822","-1.53141443948054","female"
"MAC","2025 female data","Sex","2025","No","37.7213299129427","0.491726097151751","-1.69210648866429","female"
"MAC","2003 male data","Sex","2003","No","36.1528238528673","0.368727970688011","-2.47231577769904","male"
"MAC","2004 male data","Sex","2004","No","33.9105016937563","0.669310916305901","-1.32323106626803","male"
"MAC","2005 male data","Sex","2005","No","35.8657333388951","0.458076067275302","-1.71007512584559","male"
"MAC","2006 male data","Sex","2006","No","36.3714712708858","0.424976074974687","-1.78845568609867","male"
"MAC","2007 male data","Sex","2007","No","37.8404577206461","0.359236310207306","-2.06194182530101","male"
"MAC","2008 male data","Sex","2008","No","35.0812912431827","0.436947909584381","-2.00475565389156","male"
"MAC","2009 male data","Sex","2009","No","36.2638849275723","0.374150014690305","-2.44530997320179","male"
"MAC","2010 male data","Sex","2010","No","34.9158343392165","0.479763072858297","-1.86387584113105","male"
"MAC","2011 male data","Sex","2011","No","35.4469150548298","0.535988781532062","-1.38886536979067","male"
"MAC","2012 male data","Sex","2012","No","35.1795605630472","0.420280287771424","-1.89684686476399","male"
"MAC","2013 male data","Sex","2013","No","36.5087086114247","0.380015203140971","-2.11303931231108","male"
"MAC","2014 male data","Sex","2014","No","33.9397393991733","0.668824542635755","-1.44746724045336","male"
"MAC","2015 male data","Sex","2015","No","35.3672103906483","0.594768015405632","-1.26271966123283","male"
"MAC","2016 male data","Sex","2016","No","34.5421985331135","0.69375014402108","-1.13432200954833","male"
"MAC","2017 male data","Sex","2017","No","34.0934091381111","0.563952391196521","-1.64845429461935","male"
"MAC","2018 male data","Sex","2018","No","35.3565496350607","0.562372677247586","-1.58065011130848","male"
"MAC","2019 male data","Sex","2019","No","35.8822930194257","0.609456624896743","-1.42350369939443","male"
"MAC","2020 male data","Sex","2020","No","38.8025648818499","0.339803275973065","-2.23187869468222","male"
"MAC","2021 male data","Sex","2021","No","34.4790839255873","0.719106396336359","-1.30233394589038","male"
"MAC","2022 male data","Sex","2022","No","37.196023763269","0.380835658630048","-2.30147365217429","male"
"MAC","2023 male data","Sex","2023","No","36.4269425723982","0.586806689474349","-1.45745976976681","male"
"MAC","2024 male data","Sex","2024","No","35.8932501874247","0.582838555339767","-1.6520704142772","male"
"MAC","2025 male data","Sex","2025","No","36.0558490264544","0.596070936456667","-1.49006987697212","male"
"MEG","2003 female data","Sex","2003","No","70.7505820043841","0.0846318242469877","-2.29336272412763","female"
"MEG","2004 female data","Sex","2004","No",NA,NA,NA,"female"
"MEG","2005 female data","Sex","2005","No","75.5543656377498","0.0632421420111735","-3.24632240474337","female"
"MEG","2006 female data","Sex","2006","No","91.1468041638088","0.0505182168769408","-3.50041961666446","female"
"MEG","2007 female data","Sex","2007","No","95.4338924719383","0.0462715690831188","-3.91925796290448","female"
"MEG","2008 female data","Sex","2008","No","69.4818473748525","0.081787636020112","-3.0648880979321","female"
"MEG","2009 female data","Sex","2009","No","59.4107096845805","0.11224757406654","-1.56085225064983","female"
"MEG","2010 female data","Sex","2010","No","57.1850478499242","0.135561153194064","-1.13321465659664","female"
"MEG","2011 female data","Sex","2011","No","51.7119302005043","0.159249547061645","-1.14746637060776","female"
"MEG","2012 female data","Sex","2012","No","48.469395006897","0.179134846437098","-1.88337279567345","female"
"MEG","2013 female data","Sex","2013","No","45.2342677685738","0.232787564693921","-1.65507845461998","female"
"MEG","2014 female data","Sex","2014","No","47.800861062858","0.203356795004337","-1.50872847419276","female"
"MEG","2015 female data","Sex","2015","No","47.9919538379409","0.207781805006474","-1.38717847922553","female"
"MEG","2016 female data","Sex","2016","No","46.679533279957","0.214800055492903","-1.13046503546537","female"
"MEG","2017 female data","Sex","2017","No","46.5771075779701","0.230929961650501","-1.14227508998077","female"
"MEG","2018 female data","Sex","2018","No","45.2689553302501","0.260869357824397","-0.764682448854793","female"
"MEG","2019 female data","Sex","2019","No","48.6507714272556","0.202495120269805","-0.993718209561987","female"
"MEG","2020 female data","Sex","2020","No","50.3532447706605","0.176627495197978","-1.44273089825911","female"
"MEG","2021 female data","Sex","2021","No","46.3202661861296","0.235223051005754","-1.01206967708663","female"
"MEG","2022 female data","Sex","2022","No","48.3979469035788","0.204607824299265","-1.19230424430265","female"
"MEG","2023 female data","Sex","2023","No","56.0605639684536","0.111966073973918","-1.77421431764429","female"
"MEG","2024 female data","Sex","2024","No","57.0973756951813","0.10601279577753","-1.92520014488535","female"
"MEG","2025 female data","Sex","2025","No","118.385043394285","0.0329377628420296","-3.11247392448656","female"
"MEG","2003 male data","Sex","2003","No","26.4465093083661","0.433773578390821","-1.18014354186112","male"
"MEG","2004 male data","Sex","2004","No","31.1514268548773","0.198436889282629","-2.84908344209844","male"
"MEG","2005 male data","Sex","2005","No","26.9073506149431","0.48149370882308","-0.906270953397158","male"
"MEG","2006 male data","Sex","2006","No","26.7226673378376","0.462822548193158","-1.09097863810086","male"
"MEG","2007 male data","Sex","2007","No","33.4702047469581","0.228344377390728","-2.15788100242508","male"
"MEG","2008 male data","Sex","2008","No","31.2169631748141","0.380104289155883","-1.15055116421516","male"
"MEG","2009 male data","Sex","2009","No","31.6367821274044","0.277613871819088","-0.968604898578945","male"
"MEG","2010 male data","Sex","2010","No","37.6683182053048","0.181675299879372","-1.55917547886607","male"
"MEG","2011 male data","Sex","2011","No","34.6645755979519","0.260472932884144","-0.961015123756157","male"
"MEG","2012 male data","Sex","2012","No","31.2277241108071","0.393029295545031","-1.0497778175743","male"
"MEG","2013 male data","Sex","2013","No","31.0542930920199","0.357601032033021","-1.44531577400712","male"
"MEG","2014 male data","Sex","2014","No","29.5951492533863","0.486905996082644","-0.731505733583541","male"
"MEG","2015 male data","Sex","2015","No","31.1458147530741","0.338818842210473","-1.12544344800733","male"
"MEG","2016 male data","Sex","2016","No","32.3825486139053","0.303046696665204","-1.28786972761194","male"
"MEG","2017 male data","Sex","2017","No","32.1010802444829","0.288052355674412","-1.35611893189097","male"
"MEG","2018 male data","Sex","2018","No","31.3324765668078","0.303429783036305","-1.1370825230601","male"
"MEG","2019 male data","Sex","2019","No","35.6078848686453","0.21453413379601","-1.35647810649967","male"
"MEG","2020 male data","Sex","2020","No","37.7176748957677","0.173433219315714","-2.0843781754124","male"
"MEG","2021 male data","Sex","2021","No","37.4576088389146","0.182706020123126","-1.68090511626102","male"
"MEG","2022 male data","Sex","2022","No","33.8276809809648","0.205960074314613","-1.90835723348049","male"
"MEG","2023 male data","Sex","2023","No","46.6833520045068","0.0970967126613545","-2.401241927868","male"
"MEG","2024 male data","Sex","2024","No","37.0173435734328","0.155210081297466","-1.71911960070765","male"
"MEG","2025 male data","Sex","2025","No","29.5598144343451","0.30319478579557","-1.41430329956597","male"
"PLE","2003 female data","Sex","2003","No","37.5318258336765","0.31709026671193","-1.85966195815499","female"
"PLE","2004 female data","Sex","2004","No",NA,NA,NA,"female"
"PLE","2005 female data","Sex","2005","No","43.1854548523723","0.212204697475764","-1.38125150206342","female"
"PLE","2006 female data","Sex","2006","No","38.6493330832231","0.301391684113774","-1.28755679111791","female"
"PLE","2007 female data","Sex","2007","No","35.8810261822745","0.393037217241652","-0.760196545661245","female"
"PLE","2008 female data","Sex","2008","No","33.6180787773003","0.425548866785944","-1.20190391554162","female"
"PLE","2009 female data","Sex","2009","No","40.7880082739949","0.219998806757707","-2.00164606532485","female"
"PLE","2010 female data","Sex","2010","No","38.5783727924375","0.258151938021107","-1.61282554202541","female"
"PLE","2011 female data","Sex","2011","No","40.3241217285431","0.215675774454972","-2.15050768009077","female"
"PLE","2012 female data","Sex","2012","No","36.9067681783936","0.313775863919598","-1.36693405750291","female"
"PLE","2013 female data","Sex","2013","No","38.5768255929663","0.260081945273287","-1.83092491351663","female"
"PLE","2014 female data","Sex","2014","No","37.8730160408833","0.319559156857456","-1.18070452588008","female"
"PLE","2015 female data","Sex","2015","No","37.8824433834299","0.304237114111716","-1.51259442954452","female"
"PLE","2016 female data","Sex","2016","No","38.2224352988485","0.28872881695396","-1.32368131529284","female"
"PLE","2017 female data","Sex","2017","No","37.0403229192647","0.299633831445309","-1.37758732078597","female"
"PLE","2018 female data","Sex","2018","No","38.7721582092125","0.224498925945369","-2.22793529867689","female"
"PLE","2019 female data","Sex","2019","No","41.3592272484233","0.181261243088926","-2.91875919092323","female"
"PLE","2020 female data","Sex","2020","No",NA,NA,NA,"female"
"PLE","2021 female data","Sex","2021","No","36.5045337663767","0.277003414160649","-1.77525688247912","female"
"PLE","2022 female data","Sex","2022","No","52.1299896659801","0.0956113026278474","-4.56708644860452","female"
"PLE","2023 female data","Sex","2023","No","47.9344282800656","0.130515299078008","-3.17010441279552","female"
"PLE","2024 female data","Sex","2024","No","48.397857126445","0.117289381743447","-3.65650064552809","female"
"PLE","2025 female data","Sex","2025","No","58.125856871193","0.0811656755522097","-4.27589277284329","female"
"PLE","2003 male data","Sex","2003","No","35.770957371486","0.210194641231987","-3.0118891590782","male"
"PLE","2004 male data","Sex","2004","No","31.679142333046","0.380372833114852","-0.977283348242933","male"
"PLE","2005 male data","Sex","2005","No","40.2943496111284","0.166392822759038","-2.5544930574244","male"
"PLE","2006 male data","Sex","2006","No","30.5969701033201","0.441912424163543","-1.16049181160067","male"
"PLE","2007 male data","Sex","2007","No","28.4295680792971","0.737015080800377","-0.179951300220032","male"
"PLE","2008 male data","Sex","2008","No","29.465608264416","0.441394116673121","-1.61890924687334","male"
"PLE","2009 male data","Sex","2009","No","29.5743470306063","0.469043724765234","-1.04440265301584","male"
"PLE","2010 male data","Sex","2010","No","29.8584330664414","0.44864652463054","-1.22511691102807","male"
"PLE","2011 male data","Sex","2011","No","28.6905972604196","0.596210007438311","-0.738374097017609","male"
"PLE","2012 male data","Sex","2012","No","27.6771856792768","0.810084850666801","-0.328213725794869","male"
"PLE","2013 male data","Sex","2013","No","30.0404673499572","0.401221157421952","-1.66056012726981","male"
"PLE","2014 male data","Sex","2014","No","30.1358750669134","0.422638153875487","-1.32751015965081","male"
"PLE","2015 male data","Sex","2015","No","28.581751848436","0.583447185831786","-0.739966219408993","male"
"PLE","2016 male data","Sex","2016","No","29.1621079638499","0.434083591741168","-1.51280927326731","male"
"PLE","2017 male data","Sex","2017","No","27.8530449482685","0.598266316750075","-0.627980809321525","male"
"PLE","2018 male data","Sex","2018","No","29.4712854881951","0.309619753891525","-2.90174996370409","male"
"PLE","2019 male data","Sex","2019","No","29.6036051017167","0.394116361345907","-1.84782222122293","male"
"PLE","2020 male data","Sex","2020","No","30.2781995643031","0.251106222696392","-3.24023477197157","male"
"PLE","2021 male data","Sex","2021","No","28.0764493698747","0.591578804273418","-0.821730575297162","male"
"PLE","2022 male data","Sex","2022","No","30.316859838032","0.286220642551823","-2.77111540330767","male"
"PLE","2023 male data","Sex","2023","No","29.102801407274","0.36354489010721","-1.7621501668757","male"
"PLE","2024 male data","Sex","2024","No","34.3443722130552","0.159197001062452","-4.64280222985146","male"
"PLE","2025 male data","Sex","2025","No","29.9666110240263","0.300976838979943","-2.28571395926055","male"
"POK","2003 female data","Sex","2003","No",NA,NA,NA,"female"
"POK","2004 female data","Sex","2004","No","62.810636595197","0.435290928174934","-0.0194794438543735","female"
"POK","2007 female data","Sex","2007","No","324.642887012535","0.0283645796344238","-2.62843588073389","female"
"POK","2016 female data","Sex","2016","No","65.8574510590221","0.274522349376436","-1.38337769156894","female"
"POK","2017 female data","Sex","2017","No","208.90332424386","0.0516698561893785","-1.91875912447139","female"
"POK","2018 female data","Sex","2018","No",NA,NA,NA,"female"
"POK","2019 female data","Sex","2019","No",NA,NA,NA,"female"
"POK","2020 female data","Sex","2020","No",NA,NA,NA,"female"
"POK","2022 female data","Sex","2022","No","88.5000000000001","0.154150679827258","-1.83509339411113","female"
"POK","2023 female data","Sex","2023","No",NA,NA,NA,"female"
"POK","2024 female data","Sex","2024","No",NA,NA,NA,"female"
"POK","2025 female data","Sex","2025","No",NA,NA,NA,"female"
"POK","2003 male data","Sex","2003","No","-53.0036764705867","-0.0685752477598552","-6.31223059769115","male"
"POK","2004 male data","Sex","2004","No","52.2958384555275","0.663567181501921","0.118048428922165","male"
"POK","2007 male data","Sex","2007","No","190.225002001133","0.0599169191396433","-1.98651022759353","male"
"POK","2016 male data","Sex","2016","No",NA,NA,NA,"male"
"POK","2017 male data","Sex","2017","No",NA,NA,NA,"male"
"POK","2018 male data","Sex","2018","No",NA,NA,NA,"male"
"POK","2019 male data","Sex","2019","No",NA,NA,NA,"male"
"POK","2020 male data","Sex","2020","No",NA,NA,NA,"male"
"POK","2021 male data","Sex","2021","No",NA,NA,NA,"male"
"POK","2022 male data","Sex","2022","No","54.068345323741","0.816972530672292","0.419757857410901","male"
"POK","2023 male data","Sex","2023","No",NA,NA,NA,"male"
"POK","2024 male data","Sex","2024","No",NA,NA,NA,"male"
"POL","2016 female data","Sex","2016","No","101.886136273999","0.118765353187462","-3.01921524039086","female"
"POL","2017 female data","Sex","2017","No","76.970810781805","0.243968904459975","-0.856493287875021","female"
"POL","2018 female data","Sex","2018","No","65.8473445760738","1.01893256633613","1.72789496900673","female"
"POL","2019 female data","Sex","2019","No",NA,NA,NA,"female"
"POL","2020 female data","Sex","2020","No","130.666666666668","0.0909717782057255","-2.32464437050373","female"
"POL","2021 female data","Sex","2021","No",NA,NA,NA,"female"
"POL","2022 female data","Sex","2022","No","99.7367613081751","0.11395699747994","-3.26606870492101","female"
"POL","2023 female data","Sex","2023","No",NA,NA,NA,"female"
"POL","2025 female data","Sex","2025","No",NA,NA,NA,"female"
"POL","2016 male data","Sex","2016","No",NA,NA,NA,"male"
"POL","2017 male data","Sex","2017","No",NA,NA,NA,"male"
"POL","2018 male data","Sex","2018","No",NA,NA,NA,"male"
"POL","2019 male data","Sex","2019","No",NA,NA,NA,"male"
"POL","2020 male data","Sex","2020","No","54.1272224983556","0.643516837226255","-0.674021665649631","male"
"POL","2021 male data","Sex","2021","No",NA,NA,NA,"male"
"POL","2022 male data","Sex","2022","No",NA,NA,NA,"male"
"POL","2023 male data","Sex","2023","No",NA,NA,NA,"male"
"POL","2025 male data","Sex","2025","No",NA,NA,NA,"male"
"SOL","2003 female data","Sex","2003","No","37.857392924105","0.266524040489816","-2.1718337736104","female"
"SOL","2004 female data","Sex","2004","No","31.9056104530518","0.871443582880229","-0.14487581462769","female"
"SOL","2005 female data","Sex","2005","No","41.3447145490311","0.240290465990715","-1.55780395381569","female"
"SOL","2006 female data","Sex","2006","No","38.2030458699778","0.337155843946372","-1.14975239322707","female"
"SOL","2007 female data","Sex","2007","No",NA,NA,NA,"female"
"SOL","2008 female data","Sex","2008","No","31.9353152015503","1.67372591281542","1.19669763158147","female"
"SOL","2009 female data","Sex","2009","No","38.6406226471874","0.197262549314191","-3.4788610331998","female"
"SOL","2010 female data","Sex","2010","No","43.7317028153312","0.197267509258492","-1.99117092232513","female"
"SOL","2011 female data","Sex","2011","No","42.6272287698403","0.153680601509111","-3.42124807028316","female"
"SOL","2012 female data","Sex","2012","No",NA,NA,NA,"female"
"SOL","2013 female data","Sex","2013","No","44.7900837150264","0.109131857421048","-5.60560225259326","female"
"SOL","2014 female data","Sex","2014","No","45.3493337677509","0.154199216379219","-2.71456468825553","female"
"SOL","2015 female data","Sex","2015","No","41.2018948745888","0.210084326783554","-2.76140731635871","female"
"SOL","2016 female data","Sex","2016","No","36.3983950531079","0.43713534278666","-0.892443070281054","female"
"SOL","2017 female data","Sex","2017","No","32.8040925086524","0.518103465300486","-0.733671052458324","female"
"SOL","2018 female data","Sex","2018","No","34.9745883843658","0.452935486334888","-0.362926660803651","female"
"SOL","2019 female data","Sex","2019","No","35.4249818294329","0.36105088681909","-1.20837308862971","female"
"SOL","2020 female data","Sex","2020","No","36.6597480604507","0.263687904071371","-2.56046196318991","female"
"SOL","2021 female data","Sex","2021","No","37.4116523872163","0.296567225303475","-1.56079958930454","female"
"SOL","2022 female data","Sex","2022","No","36.881691638859","0.311248309710713","-0.91180946193436","female"
"SOL","2023 female data","Sex","2023","No","43.856081894846","0.165841577816753","-2.90224579958028","female"
"SOL","2024 female data","Sex","2024","No","42.1350223439434","0.161968963453363","-3.79536577723392","female"
"SOL","2025 female data","Sex","2025","No","40.5966891219961","0.2562170698638","-1.63197392161794","female"
"SOL","2003 male data","Sex","2003","No",NA,NA,NA,"male"
"SOL","2004 male data","Sex","2004","No",NA,NA,NA,"male"
"SOL","2005 male data","Sex","2005","No","30.9931976131368","0.307312004024731","-2.08321590266607","male"
"SOL","2006 male data","Sex","2006","No","30.8241080480445","0.311594590794113","-2.3788013421746","male"
"SOL","2007 male data","Sex","2007","No","31.6912810808553","0.240983435506654","-3.69676949784609","male"
"SOL","2008 male data","Sex","2008","No","29.9911412689794","0.261344752009655","-3.71074428055305","male"
"SOL","2009 male data","Sex","2009","No","31.4078189279999","0.237146429398404","-4.21962439941156","male"
"SOL","2010 male data","Sex","2010","No","31.25183466159","0.265564215998254","-2.72925531823748","male"
"SOL","2011 male data","Sex","2011","No","29.8906100955905","0.324520472488168","-2.0196831778614","male"
"SOL","2012 male data","Sex","2012","No",NA,NA,NA,"male"
"SOL","2013 male data","Sex","2013","No","32.4200209660322","0.218500048184291","-3.27325988014236","male"
"SOL","2014 male data","Sex","2014","No","31.2657085221594","0.266236942094146","-2.70967242855816","male"
"SOL","2015 male data","Sex","2015","No","28.811264627646","0.436299317225124","-2.33605277582351","male"
"SOL","2016 male data","Sex","2016","No","29.3571019434892","0.741295098141563","-0.537343201442564","male"
"SOL","2017 male data","Sex","2017","No","29.6435856640033","0.360884250694186","-2.33530387640728","male"
"SOL","2018 male data","Sex","2018","No","31.1729572656682","0.221554446904732","-3.46787653231574","male"
"SOL","2019 male data","Sex","2019","No","27.9032406890256","0.583496315283578","-0.588648203560142","male"
"SOL","2020 male data","Sex","2020","No","28.6244512050447","0.3297022271961","-2.71878968060276","male"
"SOL","2021 male data","Sex","2021","No","28.802047845891","0.330308937915677","-2.39947739482622","male"
"SOL","2022 male data","Sex","2022","No","29.2180155884823","0.339496577610397","-1.79678291137654","male"
"SOL","2023 male data","Sex","2023","No","31.2516848629325","0.191935635666731","-4.90530069362676","male"
"SOL","2024 male data","Sex","2024","No","29.0537850566406","0.532517042156781","-0.91696653273944","male"
"SOL","2025 male data","Sex","2025","No","29.4267506435817","0.355424568221211","-1.91982087347335","male"
"WHB","2003 female data","Sex","2003","No","31.745442373132","0.491774662996334","-1.55860783736216","female"
"WHB","2004 female data","Sex","2004","No","28.5917422091595","0.80785785805885","-1.31358173580357","female"
"WHB","2005 female data","Sex","2005","No","30.8836276680445","0.433948694439284","-2.10986395471335","female"
"WHB","2006 female data","Sex","2006","No","32.6697074972242","0.412001267543183","-1.73878459043555","female"
"WHB","2007 female data","Sex","2007","No","36.2212383759792","0.29565504888842","-2.37958308919866","female"
"WHB","2008 female data","Sex","2008","No","34.2521313681389","0.384068075161145","-2.02322943765021","female"
"WHB","2009 female data","Sex","2009","No","34.2175423964053","0.373444653535118","-2.18903829897799","female"
"WHB","2010 female data","Sex","2010","No","37.4034214224661","0.294967477641563","-2.14563294972669","female"
"WHB","2011 female data","Sex","2011","No","37.004146859382","0.323520157598345","-2.10612283127704","female"
"WHB","2012 female data","Sex","2012","No","41.0429479544069","0.200939174649689","-2.9907344651069","female"
"WHB","2013 female data","Sex","2013","No","46.1691271204939","0.137680390287112","-3.87981085457426","female"
"WHB","2014 female data","Sex","2014","No","40.7964686109487","0.2038422034127","-2.96826795707043","female"
"WHB","2015 female data","Sex","2015","No","47.7698269168142","0.123216059661882","-4.05559943209934","female"
"WHB","2016 female data","Sex","2016","No","36.6889312654961","0.220637602995535","-3.49721111198292","female"
"WHB","2017 female data","Sex","2017","No","36.1661049497547","0.268090736182365","-3.03474083568873","female"
"WHB","2018 female data","Sex","2018","No","29.5755152630551","0.668112014779322","-1.50635161133773","female"
"WHB","2019 female data","Sex","2019","No","32.7834687240955","0.413731237064729","-2.33579225514544","female"
"WHB","2020 female data","Sex","2020","No","30.2591873853621","0.847716059684287","-1.06687535918466","female"
"WHB","2021 female data","Sex","2021","No","33.7018195572438","0.445018349041367","-1.73329813167827","female"
"WHB","2022 female data","Sex","2022","No","45.2279019809529","0.15037046547812","-3.60104916437564","female"
"WHB","2023 female data","Sex","2023","No","43.3115425890473","0.144836901927953","-4.07837595183101","female"
"WHB","2024 female data","Sex","2024","No","38.3345002618449","0.19123539214048","-3.79287984506571","female"
"WHB","2025 female data","Sex","2025","No","29.7252205753511","0.705293150450932","-1.26923537219012","female"
"WHB","2003 male data","Sex","2003","No","28.0086585179933","0.603803409662317","-1.51815775776266","male"
"WHB","2004 male data","Sex","2004","No","28.1090671271458","0.636167044402051","-1.68799938175786","male"
"WHB","2005 male data","Sex","2005","No","26.906381435538","0.749006091558711","-1.48433095252479","male"
"WHB","2006 male data","Sex","2006","No","27.1196185911758","0.665437736688135","-1.34484648246309","male"
"WHB","2007 male data","Sex","2007","No",NA,NA,NA,"male"
"WHB","2008 male data","Sex","2008","No","28.3796234787145","0.670275482950834","-1.47832568706069","male"
"WHB","2009 male data","Sex","2009","No","29.398402362073","0.624131475988111","-1.57285228191258","male"
"WHB","2010 male data","Sex","2010","No","33.0969355366334","0.327902219668587","-2.29262493432613","male"
"WHB","2011 male data","Sex","2011","No","33.5726323408811","0.32333885961592","-2.36813680192258","male"
"WHB","2012 male data","Sex","2012","No","34.4005988702914","0.259273875603635","-2.86506700346816","male"
"WHB","2013 male data","Sex","2013","No","36.6160189811276","0.206078829848379","-3.34364848201714","male"
"WHB","2014 male data","Sex","2014","No","28.806544852597","0.559571134584389","-1.74170890281077","male"
"WHB","2015 male data","Sex","2015","No","32.2511455833098","0.273131341565351","-3.01929678831707","male"
"WHB","2016 male data","Sex","2016","No","33.6006509555489","0.224903596714771","-3.81946219615321","male"
"WHB","2017 male data","Sex","2017","No","27.7406555656773","0.580920801763922","-2.01694313939084","male"
"WHB","2018 male data","Sex","2018","No","27.9568749214304","0.597776438112579","-1.80338084829281","male"
"WHB","2019 male data","Sex","2019","No","28.6953702834286","0.549350629546379","-2.02983233459191","male"
"WHB","2020 male data","Sex","2020","No","28.9401592545878","0.694777019974025","-1.32484837894153","male"
"WHB","2021 male data","Sex","2021","No","29.9074966108272","0.557472631201695","-1.63225161877338","male"
"WHB","2022 male data","Sex","2022","No","35.731943929271","0.213696723184676","-3.43602040849337","male"
"WHB","2023 male data","Sex","2023","No","47.0092833104522","0.0939659635953988","-5.53011990242177","male"
"WHB","2024 male data","Sex","2024","No",NA,NA,NA,"male"
"WHB","2025 male data","Sex","2025","No","27.5099617937931","0.740348910977573","-1.34528543035586","male"
"WHG","2003 female data","Sex","2003","No","44.6000608995031","0.465391976653751","-1.03227476170362","female"
"WHG","2004 female data","Sex","2004","No","54.1496583067992","0.280583094180769","-1.45790147369088","female"
"WHG","2005 female data","Sex","2005","No","49.4087968848847","0.368760530113892","-1.29945933523613","female"
"WHG","2006 female data","Sex","2006","No","45.1763028685919","0.437553505452794","-1.14794405198882","female"
"WHG","2007 female data","Sex","2007","No","48.6861730577725","0.356848559469342","-1.4254506428464","female"
"WHG","2008 female data","Sex","2008","No","49.4765890161014","0.378387482716833","-1.31425387267903","female"
"WHG","2009 female data","Sex","2009","No","51.3900695301526","0.321843688140762","-1.50484569121148","female"
"WHG","2010 female data","Sex","2010","No","56.1002074979641","0.332582892029386","-1.1190076460148","female"
"WHG","2011 female data","Sex","2011","No",NA,NA,NA,"female"
"WHG","2012 female data","Sex","2012","No","53.8069947682127","0.344191505879277","-1.21443284280588","female"
"WHG","2013 female data","Sex","2013","No","54.6462197015744","0.280265939899252","-1.4492919217409","female"
"WHG","2014 female data","Sex","2014","No","52.3527451507669","0.352198201393982","-1.22380443477449","female"
"WHG","2015 female data","Sex","2015","No","48.3097570783857","0.435646268748088","-1.02549524524204","female"
"WHG","2016 female data","Sex","2016","No","53.1426782549292","0.344949740003283","-1.12258818020556","female"
"WHG","2017 female data","Sex","2017","No","50.4470954346256","0.324169646477318","-1.30612995304449","female"
"WHG","2018 female data","Sex","2018","No","57.4531010186322","0.230931221924751","-1.73766240872104","female"
"WHG","2019 female data","Sex","2019","No","49.8704959528585","0.35553907556766","-1.28170031746551","female"
"WHG","2020 female data","Sex","2020","No","51.9737172538798","0.329659643637711","-1.22269042091632","female"
"WHG","2021 female data","Sex","2021","No","53.6083181174741","0.306403842050142","-1.34667345840516","female"
"WHG","2022 female data","Sex","2022","No","55.8526533247552","0.244391195575615","-1.58150159472405","female"
"WHG","2023 female data","Sex","2023","No","52.6278470900044","0.250795914684587","-1.76040813555436","female"
"WHG","2024 female data","Sex","2024","No","49.1759402175979","0.319201642461216","-1.53358148290668","female"
"WHG","2025 female data","Sex","2025","No","52.1062518228103","0.300172073505106","-1.38904489478913","female"
"WHG","2003 male data","Sex","2003","No","36.8151106654888","0.488712361093065","-1.22219576682605","male"
"WHG","2004 male data","Sex","2004","No","41.4251884658827","0.359623481134662","-1.61963979101148","male"
"WHG","2005 male data","Sex","2005","No","40.9891317769475","0.384588679888994","-1.64040195520844","male"
"WHG","2006 male data","Sex","2006","No","40.4205131168269","0.335390016867032","-1.93717087772559","male"
"WHG","2007 male data","Sex","2007","No","40.0922394771574","0.372308847128418","-1.76577307422237","male"
"WHG","2008 male data","Sex","2008","No","38.1150347688405","0.473068663239527","-1.51034420041948","male"
"WHG","2009 male data","Sex","2009","No","39.2978101465514","0.458679815887319","-1.49868666130979","male"
"WHG","2010 male data","Sex","2010","No","38.7781337175561","0.522171684821904","-1.14378380933518","male"
"WHG","2011 male data","Sex","2011","No","41.9026894995732","0.346390053817876","-1.71185320488125","male"
"WHG","2012 male data","Sex","2012","No","41.20952819903","0.415554578518937","-1.46638821634139","male"
"WHG","2013 male data","Sex","2013","No","41.1848923714833","0.330748955514814","-1.85651535190168","male"
"WHG","2014 male data","Sex","2014","No","39.5707644922913","0.475885508925582","-1.27849931240775","male"
"WHG","2015 male data","Sex","2015","No","41.39298053243","0.402724100009885","-1.4241282638365","male"
"WHG","2016 male data","Sex","2016","No","41.3118887489936","0.377244856082865","-1.46509948567961","male"
"WHG","2017 male data","Sex","2017","No","43.6261674496076","0.293832336820223","-1.88705587376807","male"
"WHG","2018 male data","Sex","2018","No","48.5554815078864","0.244002999144218","-2.03203041303325","male"
"WHG","2019 male data","Sex","2019","No",NA,NA,NA,"male"
"WHG","2020 male data","Sex","2020","No","40.3914406396846","0.404452382503252","-1.43166902697567","male"
"WHG","2021 male data","Sex","2021","No","44.3585534409901","0.308690061763262","-1.77469335295236","male"
"WHG","2022 male data","Sex","2022","No","40.1173697573873","0.382100232590332","-1.49072124071353","male"
"WHG","2023 male data","Sex","2023","No","41.0738504842493","0.338228205103046","-1.77046780075745","male"
"WHG","2024 male data","Sex","2024","No","39.3569711248796","0.39294135464223","-1.6698812296792","male"
"WHG","2025 male data","Sex","2025","No","40.1381437759556","0.413400044691728","-1.34943207259183","male"
"COD","2003 GOV 3647 Groundgear A data","Gear","2003","No","102.471329331095","0.596322034986979","0.0936139786993565","GOV 3647 Groundgear A"
"COD","2004 GOV 3647 Groundgear A data","Gear","2004","No","126.528072811049","0.253274074576034","-0.510258072110916","GOV 3647 Groundgear A"
"COD","2005 GOV 3647 Groundgear A data","Gear","2005","No","115.022592825098","0.26910228473233","-0.669388539915256","GOV 3647 Groundgear A"
"COD","2006 GOV 3647 Groundgear A data","Gear","2006","No","118.13440120944","0.353038228910502","-0.198107638568463","GOV 3647 Groundgear A"
"COD","2007 GOV 3647 Groundgear A data","Gear","2007","No","238.986991809694","0.119657986812502","-0.524079105107143","GOV 3647 Groundgear A"
"COD","2008 GOV 3647 Groundgear A data","Gear","2008","No","189.526604156115","0.140774306516236","-0.875335109522437","GOV 3647 Groundgear A"
"COD","2009 GOV 3647 Groundgear A data","Gear","2009","No",NA,NA,NA,"GOV 3647 Groundgear A"
"COD","2010 GOV 3647 Groundgear A data","Gear","2010","No","613.938013126358","0.0359626297773982","-0.769810945658513","GOV 3647 Groundgear A"
"COD","2011 GOV 3647 Groundgear A data","Gear","2011","No","130.746099511675","0.263261579396778","-0.417166389618165","GOV 3647 Groundgear A"
"COD","2012 GOV 3647 Groundgear A data","Gear","2012","No",NA,NA,NA,"GOV 3647 Groundgear A"
"COD","2013 GOV 3647 Groundgear A data","Gear","2013","No","162.605877798391","0.171413277219954","-0.729621429525139","GOV 3647 Groundgear A"
"COD","2014 GOV 3647 Groundgear A data","Gear","2014","No","102.724225988667","0.627242553953352","0.21103076406075","GOV 3647 Groundgear A"
"COD","2015 GOV 3647 Groundgear A data","Gear","2015","No","123.322193247965","0.326464050583037","-0.148222293336096","GOV 3647 Groundgear A"
"COD","2016 GOV 3647 Groundgear A data","Gear","2016","No","105.853518340706","0.510421581368955","0.0135512990698242","GOV 3647 Groundgear A"
"COD","2017 GOV 3647 Groundgear A data","Gear","2017","No","139.705460749136","0.222288398388708","-0.798742564003885","GOV 3647 Groundgear A"
"COD","2018 GOV 3647 Groundgear A data","Gear","2018","No","127.146911144155","0.277355251638545","-0.59682156849139","GOV 3647 Groundgear A"
"COD","2019 GOV 3647 Groundgear A data","Gear","2019","No","121.871669840291","0.334420849431446","-0.153227096552028","GOV 3647 Groundgear A"
"COD","2020 GOV 3647 Groundgear A data","Gear","2020","No",NA,NA,NA,"GOV 3647 Groundgear A"
"COD","2021 GOV 3647 Groundgear A data","Gear","2021","No","155.932373361345","0.202052119542692","-0.641974240384168","GOV 3647 Groundgear A"
"COD","2022 GOV 3647 Groundgear A data","Gear","2022","No","294.645908560685","0.0858011029683722","-0.711360703753771","GOV 3647 Groundgear A"
"COD","2023 GOV 3647 Groundgear A data","Gear","2023","No",NA,NA,NA,"GOV 3647 Groundgear A"
"COD","2024 GOV 3647 Groundgear A data","Gear","2024","No",NA,NA,NA,"GOV 3647 Groundgear A"
"COD","2025 GOV 3647 Groundgear A data","Gear","2025","No",NA,NA,NA,"GOV 3647 Groundgear A"
"COD","2003 GOV 3647 Groundgear D data","Gear","2003","No",NA,NA,NA,"GOV 3647 Groundgear D"
"COD","2004 GOV 3647 Groundgear D data","Gear","2004","No","59.1146788990826","1.24624828747417","0.111054682380128","GOV 3647 Groundgear D"
"COD","2005 GOV 3647 Groundgear D data","Gear","2005","No",NA,NA,NA,"GOV 3647 Groundgear D"
"COD","2006 GOV 3647 Groundgear D data","Gear","2006","No","-90.691057549559","-0.10307992723014","-2.57947227156451","GOV 3647 Groundgear D"
"COD","2007 GOV 3647 Groundgear D data","Gear","2007","No",NA,NA,NA,"GOV 3647 Groundgear D"
"COD","2008 GOV 3647 Groundgear D data","Gear","2008","No","96.2214094349738","0.33655777603561","-0.530814945978616","GOV 3647 Groundgear D"
"COD","2009 GOV 3647 Groundgear D data","Gear","2009","No","-167.265050112942","-0.0787468843682249","-1.58705720035033","GOV 3647 Groundgear D"
"COD","2010 GOV 3647 Groundgear D data","Gear","2010","No","85.7400245896303","0.514317240675784","-0.09718589359209","GOV 3647 Groundgear D"
"COD","2011 GOV 3647 Groundgear D data","Gear","2011","No",NA,NA,NA,"GOV 3647 Groundgear D"
"COD","2012 GOV 3647 Groundgear D data","Gear","2012","No","-4.76964285714229","-0.224778874654942","-8.92947183118238","GOV 3647 Groundgear D"
"COD","2013 GOV 3647 Groundgear D data","Gear","2013","No",NA,NA,NA,"GOV 3647 Groundgear D"
"COD","2014 GOV 3647 Groundgear D data","Gear","2014","No","109.254425849732","0.282946587381075","-0.41515674467636","GOV 3647 Groundgear D"
"COD","2015 GOV 3647 Groundgear D data","Gear","2015","No","-301.260739260746","-0.0438922685571523","-1.63696405982814","GOV 3647 Groundgear D"
"COD","2016 GOV 3647 Groundgear D data","Gear","2016","No","107.200452986961","0.271284282303018","-0.569912874212478","GOV 3647 Groundgear D"
"COD","2017 GOV 3647 Groundgear D data","Gear","2017","No","107.116189699042","0.277527788637534","-0.454354179447413","GOV 3647 Groundgear D"
"COD","2018 GOV 3647 Groundgear D data","Gear","2018","No",NA,NA,NA,"GOV 3647 Groundgear D"
"COD","2019 GOV 3647 Groundgear D data","Gear","2019","No","93.3615084759417","0.382231921376313","-0.427592344707914","GOV 3647 Groundgear D"
"COD","2020 GOV 3647 Groundgear D data","Gear","2020","No","62.2351383614708","0.832411761489877","-0.343426704369218","GOV 3647 Groundgear D"
"COD","2021 GOV 3647 Groundgear D data","Gear","2021","No","69.9528301886792","0.921988752988793","0.128097296852172","GOV 3647 Groundgear D"
"COD","2022 GOV 3647 Groundgear D data","Gear","2022","No","69.0215314986082","1.36655643578562","0.425027588978161","GOV 3647 Groundgear D"
"COD","2024 GOV 3647 Groundgear D data","Gear","2024","No",NA,NA,NA,"GOV 3647 Groundgear D"
"COD","2025 GOV 3647 Groundgear D data","Gear","2025","No",NA,NA,NA,"GOV 3647 Groundgear D"
"DGS","2004 GOV 3647 Groundgear A data","Gear","2004","No","83.275217689694","0.243997201143906","-0.835298810137847","GOV 3647 Groundgear A"
"DGS","2004 GOV 3647 Groundgear D data","Gear","2004","No","74.8122670495494","0.262536008085924","-2.86905376502495","GOV 3647 Groundgear D"
"HAD","2003 GOV 3647 Groundgear A data","Gear","2003","No","50.3292571806909","0.403903924909762","-0.912759479168421","GOV 3647 Groundgear A"
"HAD","2004 GOV 3647 Groundgear A data","Gear","2004","No","51.380609542127","0.294593157281555","-1.32554142763043","GOV 3647 Groundgear A"
"HAD","2005 GOV 3647 Groundgear A data","Gear","2005","No","57.0918533621441","0.221357791002161","-1.72329795827073","GOV 3647 Groundgear A"
"HAD","2006 GOV 3647 Groundgear A data","Gear","2006","No","49.8147230230298","0.340432023814893","-1.35807047074245","GOV 3647 Groundgear A"
"HAD","2007 GOV 3647 Groundgear A data","Gear","2007","No","47.6875861469977","0.414748040757738","-1.22995275294453","GOV 3647 Groundgear A"
"HAD","2008 GOV 3647 Groundgear A data","Gear","2008","No","45.3892289849953","0.566659010529367","-0.835308671398476","GOV 3647 Groundgear A"
"HAD","2009 GOV 3647 Groundgear A data","Gear","2009","No","46.5582977772169","0.483056815524101","-1.00986586306986","GOV 3647 Groundgear A"
"HAD","2010 GOV 3647 Groundgear A data","Gear","2010","No","50.6034016492077","0.400517829785427","-0.927635832346115","GOV 3647 Groundgear A"
"HAD","2011 GOV 3647 Groundgear A data","Gear","2011","No","94.5862381701826","0.109044512624703","-1.88775371854396","GOV 3647 Groundgear A"
"HAD","2012 GOV 3647 Groundgear A data","Gear","2012","No","59.4018549666214","0.232101151328569","-1.6473545497049","GOV 3647 Groundgear A"
"HAD","2013 GOV 3647 Groundgear A data","Gear","2013","No","55.1289891172196","0.291621591027048","-1.36718615004573","GOV 3647 Groundgear A"
"HAD","2014 GOV 3647 Groundgear A data","Gear","2014","No","51.3571508669457","0.464987767184336","-0.894425921243407","GOV 3647 Groundgear A"
"HAD","2015 GOV 3647 Groundgear A data","Gear","2015","No","53.6485675083949","0.414323311507407","-0.970275498053696","GOV 3647 Groundgear A"
"HAD","2016 GOV 3647 Groundgear A data","Gear","2016","No","56.2352666741781","0.374321423605893","-0.928225849873098","GOV 3647 Groundgear A"
"HAD","2017 GOV 3647 Groundgear A data","Gear","2017","No","60.9049545743268","0.288088487144717","-1.1894278276594","GOV 3647 Groundgear A"
"HAD","2018 GOV 3647 Groundgear A data","Gear","2018","No","54.2945426360053","0.329768577467043","-1.24416329308343","GOV 3647 Groundgear A"
"HAD","2019 GOV 3647 Groundgear A data","Gear","2019","No","56.2602994498519","0.324466696510557","-1.11812225678766","GOV 3647 Groundgear A"
"HAD","2020 GOV 3647 Groundgear A data","Gear","2020","No","51.9422207846536","0.352227109294275","-1.09602213810713","GOV 3647 Groundgear A"
"HAD","2021 GOV 3647 Groundgear A data","Gear","2021","No","53.8318210664491","0.301251735991927","-1.31364906648105","GOV 3647 Groundgear A"
"HAD","2022 GOV 3647 Groundgear A data","Gear","2022","No","52.2110299785138","0.362777470362239","-1.02309794954537","GOV 3647 Groundgear A"
"HAD","2023 GOV 3647 Groundgear A data","Gear","2023","No","55.5346145102407","0.259536235688998","-1.42498646065214","GOV 3647 Groundgear A"
"HAD","2024 GOV 3647 Groundgear A data","Gear","2024","No","60.099521956478","0.203501710022512","-1.77565907638625","GOV 3647 Groundgear A"
"HAD","2025 GOV 3647 Groundgear A data","Gear","2025","No","51.6505243939448","0.275586857620405","-1.5807557646543","GOV 3647 Groundgear A"
"HAD","2003 GOV 3647 Groundgear D data","Gear","2003","No","47.64073063635","0.362140057364793","-1.35493437581314","GOV 3647 Groundgear D"
"HAD","2004 GOV 3647 Groundgear D data","Gear","2004","No","45.214307725714","0.328770113476833","-1.33169613245556","GOV 3647 Groundgear D"
"HAD","2005 GOV 3647 Groundgear D data","Gear","2005","No","48.2866721280391","0.297468748449299","-1.57781803089053","GOV 3647 Groundgear D"
"HAD","2006 GOV 3647 Groundgear D data","Gear","2006","No","56.8705805224639","0.168018637705445","-2.48552213247556","GOV 3647 Groundgear D"
"HAD","2007 GOV 3647 Groundgear D data","Gear","2007","No","43.9729951214529","0.448855309762749","-1.10254293770314","GOV 3647 Groundgear D"
"HAD","2008 GOV 3647 Groundgear D data","Gear","2008","No","43.2959742190285","0.528608696854764","-0.729709984578952","GOV 3647 Groundgear D"
"HAD","2009 GOV 3647 Groundgear D data","Gear","2009","No","41.0746519267098","0.539230723548229","-0.99727792394249","GOV 3647 Groundgear D"
"HAD","2010 GOV 3647 Groundgear D data","Gear","2010","No","44.4394813231004","0.406282402140062","-1.38487946288766","GOV 3647 Groundgear D"
"HAD","2011 GOV 3647 Groundgear D data","Gear","2011","No","46.8254818610018","0.335191501213804","-1.40765712115688","GOV 3647 Groundgear D"
"HAD","2012 GOV 3647 Groundgear D data","Gear","2012","No","49.0791389160081","0.297193668407838","-1.45964819760702","GOV 3647 Groundgear D"
"HAD","2013 GOV 3647 Groundgear D data","Gear","2013","No","46.450374919792","0.37599694630686","-1.11073604172325","GOV 3647 Groundgear D"
"HAD","2014 GOV 3647 Groundgear D data","Gear","2014","No","43.492341411245","0.488970462818433","-1.02882369620215","GOV 3647 Groundgear D"
"HAD","2015 GOV 3647 Groundgear D data","Gear","2015","No","47.2664388036625","0.376704198272898","-1.14898769984459","GOV 3647 Groundgear D"
"HAD","2016 GOV 3647 Groundgear D data","Gear","2016","No","48.1472390004777","0.353704323096502","-1.05407468961745","GOV 3647 Groundgear D"
"HAD","2017 GOV 3647 Groundgear D data","Gear","2017","No","47.7639085896589","0.409844912972527","-0.896422778338025","GOV 3647 Groundgear D"
"HAD","2018 GOV 3647 Groundgear D data","Gear","2018","No","56.1516072440049","0.174328598871267","-2.18328020748332","GOV 3647 Groundgear D"
"HAD","2019 GOV 3647 Groundgear D data","Gear","2019","No","40.6662331065297","0.458074638090328","-1.23840894972744","GOV 3647 Groundgear D"
"HAD","2020 GOV 3647 Groundgear D data","Gear","2020","No","44.0384726428514","0.33450109884783","-1.56226016355065","GOV 3647 Groundgear D"
"HAD","2021 GOV 3647 Groundgear D data","Gear","2021","No","43.8806320275367","0.374821931378797","-1.29103524648934","GOV 3647 Groundgear D"
"HAD","2022 GOV 3647 Groundgear D data","Gear","2022","No","45.0002385573356","0.346121689148098","-1.2008623416968","GOV 3647 Groundgear D"
"HAD","2023 GOV 3647 Groundgear D data","Gear","2023","No","45.7137454669105","0.278637172838085","-1.60693302761459","GOV 3647 Groundgear D"
"HAD","2024 GOV 3647 Groundgear D data","Gear","2024","No","50.158203961954","0.231099129902512","-1.86393937506408","GOV 3647 Groundgear D"
"HAD","2025 GOV 3647 Groundgear D data","Gear","2025","No","42.481022863355","0.392323122723288","-1.28370557869708","GOV 3647 Groundgear D"
"HER","2003 GOV 3647 Groundgear A data","Gear","2003","No","30.4770804482002","0.345208618361536","-2.10056782714263","GOV 3647 Groundgear A"
"HER","2004 GOV 3647 Groundgear A data","Gear","2004","No","29.3038587272953","0.632482612459113","-1.06040329950639","GOV 3647 Groundgear A"
"HER","2005 GOV 3647 Groundgear A data","Gear","2005","No","29.7017432082134","0.595181319601118","-1.12498374710562","GOV 3647 Groundgear A"
"HER","2006 GOV 3647 Groundgear A data","Gear","2006","No","29.1033230488974","0.590456598942972","-1.20205684108204","GOV 3647 Groundgear A"
"HER","2007 GOV 3647 Groundgear A data","Gear","2007","No","30.4371702997127","0.387723464293348","-2.05741255604777","GOV 3647 Groundgear A"
"HER","2008 GOV 3647 Groundgear A data","Gear","2008","No","28.1695011440478","0.888902680585752","-0.595243601501669","GOV 3647 Groundgear A"
"HER","2009 GOV 3647 Groundgear A data","Gear","2009","No","28.8326463383046","0.557925776527613","-1.37648173292344","GOV 3647 Groundgear A"
"HER","2010 GOV 3647 Groundgear A data","Gear","2010","No","29.9736553783898","0.44879256290772","-1.62816744199232","GOV 3647 Groundgear A"
"HER","2011 GOV 3647 Groundgear A data","Gear","2011","No","29.1382789204723","0.44786229122446","-1.6704134667493","GOV 3647 Groundgear A"
"HER","2012 GOV 3647 Groundgear A data","Gear","2012","No","28.5695388196043","0.566764025309978","-1.27888705485884","GOV 3647 Groundgear A"
"HER","2013 GOV 3647 Groundgear A data","Gear","2013","No","28.8025571785427","0.54356806957456","-1.18631362597485","GOV 3647 Groundgear A"
"HER","2014 GOV 3647 Groundgear A data","Gear","2014","No","27.9899533038358","0.613006040294168","-1.10634617325951","GOV 3647 Groundgear A"
"HER","2015 GOV 3647 Groundgear A data","Gear","2015","No","27.5007505967684","0.599980939857001","-1.13428599556045","GOV 3647 Groundgear A"
"HER","2016 GOV 3647 Groundgear A data","Gear","2016","No","28.9949605086544","0.454996649151766","-1.478346711681","GOV 3647 Groundgear A"
"HER","2017 GOV 3647 Groundgear A data","Gear","2017","No","27.3210605512331","0.621700773261746","-1.1712102796376","GOV 3647 Groundgear A"
"HER","2018 GOV 3647 Groundgear A data","Gear","2018","No","30.0053411071188","0.446734198740003","-1.27494073069051","GOV 3647 Groundgear A"
"HER","2019 GOV 3647 Groundgear A data","Gear","2019","No","28.335537830027","0.47702251166846","-1.45449144230514","GOV 3647 Groundgear A"
"HER","2020 GOV 3647 Groundgear A data","Gear","2020","No","31.0506640618865","0.34411594290268","-1.7626108545299","GOV 3647 Groundgear A"
"HER","2021 GOV 3647 Groundgear A data","Gear","2021","No","28.4255943622279","0.464115645957571","-1.47643466984058","GOV 3647 Groundgear A"
"HER","2022 GOV 3647 Groundgear A data","Gear","2022","No","26.2973759167251","0.661980201437376","-1.08315395330428","GOV 3647 Groundgear A"
"HER","2023 GOV 3647 Groundgear A data","Gear","2023","No","26.8810478017703","0.608569519771687","-1.20465252990069","GOV 3647 Groundgear A"
"HER","2024 GOV 3647 Groundgear A data","Gear","2024","No","25.5909406419206","0.917947227921322","-0.850902185272997","GOV 3647 Groundgear A"
"HER","2025 GOV 3647 Groundgear A data","Gear","2025","No","107.281818181819","0.0557106070140054","-2.43799094897528","GOV 3647 Groundgear A"
"HER","2003 GOV 3647 Groundgear D data","Gear","2003","No","30.1364115246231","0.408866149113923","-2.22360807810795","GOV 3647 Groundgear D"
"HER","2004 GOV 3647 Groundgear D data","Gear","2004","No","29.0128335661186","0.721332757549332","-0.853556376574241","GOV 3647 Groundgear D"
"HER","2005 GOV 3647 Groundgear D data","Gear","2005","No","29.288964879027","0.522796778698168","-1.54642508082066","GOV 3647 Groundgear D"
"HER","2006 GOV 3647 Groundgear D data","Gear","2006","No","30.5524131528337","0.46188662374316","-1.5633882290105","GOV 3647 Groundgear D"
"HER","2007 GOV 3647 Groundgear D data","Gear","2007","No","30.8162369420432","0.403417865629435","-1.91756929812901","GOV 3647 Groundgear D"
"HER","2008 GOV 3647 Groundgear D data","Gear","2008","No","30.0938992121634","0.528688961801286","-1.49782168630701","GOV 3647 Groundgear D"
"HER","2009 GOV 3647 Groundgear D data","Gear","2009","No","29.6745096269495","0.678239382303607","-0.916706914627758","GOV 3647 Groundgear D"
"HER","2010 GOV 3647 Groundgear D data","Gear","2010","No","30.9686957053289","0.464220497210651","-1.68993252430366","GOV 3647 Groundgear D"
"HER","2011 GOV 3647 Groundgear D data","Gear","2011","No","31.1158857981385","0.418629408325519","-2.24177634913245","GOV 3647 Groundgear D"
"HER","2012 GOV 3647 Groundgear D data","Gear","2012","No","30.4037791706906","0.50359592712509","-1.48941743667482","GOV 3647 Groundgear D"
"HER","2013 GOV 3647 Groundgear D data","Gear","2013","No","30.6933665025275","0.508149434569817","-1.13066680952599","GOV 3647 Groundgear D"
"HER","2014 GOV 3647 Groundgear D data","Gear","2014","No","30.2502970497072","0.502534702114708","-1.32538090033629","GOV 3647 Groundgear D"
"HER","2015 GOV 3647 Groundgear D data","Gear","2015","No","29.6908922510814","0.53394163867424","-1.14506182741575","GOV 3647 Groundgear D"
"HER","2016 GOV 3647 Groundgear D data","Gear","2016","No","30.2576073658318","0.503081751369655","-1.11456152247101","GOV 3647 Groundgear D"
"HER","2017 GOV 3647 Groundgear D data","Gear","2017","No","29.5949316126284","0.4837004530316","-1.19645551898478","GOV 3647 Groundgear D"
"HER","2018 GOV 3647 Groundgear D data","Gear","2018","No","29.349399918593","0.421820991822309","-1.56699132249243","GOV 3647 Groundgear D"
"HER","2019 GOV 3647 Groundgear D data","Gear","2019","No","29.2759001621824","0.503623505546108","-1.31871350196647","GOV 3647 Groundgear D"
"HER","2020 GOV 3647 Groundgear D data","Gear","2020","No","28.695004719863","0.571823611371587","-1.16615756642053","GOV 3647 Groundgear D"
"HER","2021 GOV 3647 Groundgear D data","Gear","2021","No","29.3799575256483","0.511396386483723","-1.15889321695297","GOV 3647 Groundgear D"
"HER","2022 GOV 3647 Groundgear D data","Gear","2022","No","28.668392152037","0.50381358429713","-1.46805796328099","GOV 3647 Groundgear D"
"HER","2023 GOV 3647 Groundgear D data","Gear","2023","No","28.2605666716437","0.617394969610949","-1.03794210865575","GOV 3647 Groundgear D"
"HER","2024 GOV 3647 Groundgear D data","Gear","2024","No","28.5981656093864","0.582871381431732","-1.2057841144768","GOV 3647 Groundgear D"
"HER","2025 GOV 3647 Groundgear D data","Gear","2025","No","27.8093784193293","0.634864153577147","-1.03245433247819","GOV 3647 Groundgear D"
"HOM","2003 GOV 3647 Groundgear A data","Gear","2003","No","34.5347846012938","0.272842155253437","-1.34800042427791","GOV 3647 Groundgear A"
"HOM","2004 GOV 3647 Groundgear A data","Gear","2004","No","29.6862378443854","0.479166899299145","-0.736383723200799","GOV 3647 Groundgear A"
"HOM","2005 GOV 3647 Groundgear A data","Gear","2005","No","33.1397875194716","0.320916712389074","-0.962358300022353","GOV 3647 Groundgear A"
"HOM","2006 GOV 3647 Groundgear A data","Gear","2006","No","35.0787442100578","0.211218283013007","-1.63512380658189","GOV 3647 Groundgear A"
"HOM","2007 GOV 3647 Groundgear A data","Gear","2007","No","35.6094937150908","0.211887764062757","-1.44968856424746","GOV 3647 Groundgear A"
"HOM","2008 GOV 3647 Groundgear A data","Gear","2008","No","33.6071290422592","0.265062421671168","-1.59045493928828","GOV 3647 Groundgear A"
"HOM","2009 GOV 3647 Groundgear A data","Gear","2009","No","32.9516853130787","0.337086692161049","-1.1705388917521","GOV 3647 Groundgear A"
"HOM","2010 GOV 3647 Groundgear A data","Gear","2010","No","33.1182856389538","0.369246498124458","-0.943976460278699","GOV 3647 Groundgear A"
"HOM","2011 GOV 3647 Groundgear A data","Gear","2011","No","33.7427567199028","0.319161432285911","-0.949193470342796","GOV 3647 Groundgear A"
"HOM","2012 GOV 3647 Groundgear A data","Gear","2012","No","34.4766485686629","0.293864433087189","-1.05350225484973","GOV 3647 Groundgear A"
"HOM","2013 GOV 3647 Groundgear A data","Gear","2013","No","35.8168667072669","0.25674404839952","-1.4362725429233","GOV 3647 Groundgear A"
"HOM","2014 GOV 3647 Groundgear A data","Gear","2014","No","34.6038098625176","0.367110789055815","-1.07243224427622","GOV 3647 Groundgear A"
"HOM","2015 GOV 3647 Groundgear A data","Gear","2015","No","35.3858505132232","0.302529069059421","-1.19636304137348","GOV 3647 Groundgear A"
"HOM","2016 GOV 3647 Groundgear A data","Gear","2016","No","36.5086956385317","0.244073623516446","-1.43810411938889","GOV 3647 Groundgear A"
"HOM","2017 GOV 3647 Groundgear A data","Gear","2017","No","36.2542152567645","0.26279198177544","-1.35345532266926","GOV 3647 Groundgear A"
"HOM","2018 GOV 3647 Groundgear A data","Gear","2018","No","36.7465608963263","0.243686532161487","-1.55713094590884","GOV 3647 Groundgear A"
"HOM","2019 GOV 3647 Groundgear A data","Gear","2019","No","36.0473061856484","0.263596244813842","-1.31172399776067","GOV 3647 Groundgear A"
"HOM","2020 GOV 3647 Groundgear A data","Gear","2020","No","37.3560255975813","0.252547168111329","-1.23524213216448","GOV 3647 Groundgear A"
"HOM","2021 GOV 3647 Groundgear A data","Gear","2021","No","37.6525651484064","0.227390832817403","-1.5179759815786","GOV 3647 Groundgear A"
"HOM","2022 GOV 3647 Groundgear A data","Gear","2022","No","37.7155479360051","0.219254583912727","-1.73752343253937","GOV 3647 Groundgear A"
"HOM","2024 GOV 3647 Groundgear A data","Gear","2024","No","38.8379902160691","0.219920995447819","-1.6510896838455","GOV 3647 Groundgear A"
"HOM","2025 GOV 3647 Groundgear A data","Gear","2025","No","37.7977220521614","0.2405045518312","-1.47399236676382","GOV 3647 Groundgear A"
"HOM","2003 GOV 3647 Groundgear D data","Gear","2003","No","33.2232161113271","0.285886793056133","-1.30246300564942","GOV 3647 Groundgear D"
"HOM","2004 GOV 3647 Groundgear D data","Gear","2004","No","33.7045623498493","0.321340492311398","-0.932059359292953","GOV 3647 Groundgear D"
"HOM","2005 GOV 3647 Groundgear D data","Gear","2005","No","33.6431504008235","0.319984995591154","-0.974619713761917","GOV 3647 Groundgear D"
"HOM","2006 GOV 3647 Groundgear D data","Gear","2006","No","35.1356520686838","0.228378228268224","-1.19842649085834","GOV 3647 Groundgear D"
"HOM","2007 GOV 3647 Groundgear D data","Gear","2007","No","35.8400863785149","0.190728365059078","-1.75423049757358","GOV 3647 Groundgear D"
"HOM","2008 GOV 3647 Groundgear D data","Gear","2008","No","36.5393750271786","0.192713650491919","-1.57541562527572","GOV 3647 Groundgear D"
"HOM","2009 GOV 3647 Groundgear D data","Gear","2009","No","34.4510165776759","0.24355374364414","-1.41589550822261","GOV 3647 Groundgear D"
"HOM","2010 GOV 3647 Groundgear D data","Gear","2010","No","34.2454263710011","0.268417533111423","-1.71088663051219","GOV 3647 Groundgear D"
"HOM","2011 GOV 3647 Groundgear D data","Gear","2011","No","33.0764819695908","0.34658438240287","-0.958198381088794","GOV 3647 Groundgear D"
"HOM","2012 GOV 3647 Groundgear D data","Gear","2012","No","33.4492126581987","0.333805562002122","-0.761370822956727","GOV 3647 Groundgear D"
"HOM","2013 GOV 3647 Groundgear D data","Gear","2013","No","33.141763778685","0.325877977483225","-1.12608054987823","GOV 3647 Groundgear D"
"HOM","2014 GOV 3647 Groundgear D data","Gear","2014","No","33.4210321784002","0.350483117388014","-0.966353708638497","GOV 3647 Groundgear D"
"HOM","2015 GOV 3647 Groundgear D data","Gear","2015","No","34.7949033017633","0.288231251109083","-1.36662335236509","GOV 3647 Groundgear D"
"HOM","2016 GOV 3647 Groundgear D data","Gear","2016","No","34.6507239385369","0.295351486964629","-1.05900002582258","GOV 3647 Groundgear D"
"HOM","2017 GOV 3647 Groundgear D data","Gear","2017","No","34.7546237888565","0.289839930404301","-1.17891263279956","GOV 3647 Groundgear D"
"HOM","2018 GOV 3647 Groundgear D data","Gear","2018","No","36.0060130497023","0.238998388874686","-1.6800525980425","GOV 3647 Groundgear D"
"HOM","2019 GOV 3647 Groundgear D data","Gear","2019","No","36.2987638212434","0.222438780437836","-1.91232702194022","GOV 3647 Groundgear D"
"HOM","2020 GOV 3647 Groundgear D data","Gear","2020","No","35.2522177830907","0.273576558014974","-1.28960325764877","GOV 3647 Groundgear D"
"HOM","2021 GOV 3647 Groundgear D data","Gear","2021","No","35.1478960106864","0.267801431904791","-1.25755841884495","GOV 3647 Groundgear D"
"HOM","2022 GOV 3647 Groundgear D data","Gear","2022","No","35.6899928792993","0.242540962571657","-1.52451144987554","GOV 3647 Groundgear D"
"HOM","2024 GOV 3647 Groundgear D data","Gear","2024","No","34.4519080790762","0.316947690452362","-1.28457601533362","GOV 3647 Groundgear D"
"HOM","2025 GOV 3647 Groundgear D data","Gear","2025","No","34.1149134709865","0.365287645883341","-1.05786317052834","GOV 3647 Groundgear D"
"MAC","2003 GOV 3647 Groundgear A data","Gear","2003","No","40.6652723998481","0.217769762142726","-3.48172317505225","GOV 3647 Groundgear A"
"MAC","2004 GOV 3647 Groundgear A data","Gear","2004","No","33.1189178414451","0.723444235716449","-1.29149911564695","GOV 3647 Groundgear A"
"MAC","2005 GOV 3647 Groundgear A data","Gear","2005","No","35.820146446391","0.482715506891685","-1.57107538174874","GOV 3647 Groundgear A"
"MAC","2006 GOV 3647 Groundgear A data","Gear","2006","No","35.9307162079604","0.46020015847693","-1.63060384153784","GOV 3647 Groundgear A"
"MAC","2007 GOV 3647 Groundgear A data","Gear","2007","No","37.916717320314","0.349965811464396","-2.15445535169927","GOV 3647 Groundgear A"
"MAC","2008 GOV 3647 Groundgear A data","Gear","2008","No","33.9659661311101","0.529482588914374","-1.71356623046242","GOV 3647 Groundgear A"
"MAC","2009 GOV 3647 Groundgear A data","Gear","2009","No","35.9225300890355","0.388017880379484","-2.37599584385697","GOV 3647 Groundgear A"
"MAC","2010 GOV 3647 Groundgear A data","Gear","2010","No","34.1427997561119","0.512312974167492","-1.80762159243966","GOV 3647 Groundgear A"
"MAC","2011 GOV 3647 Groundgear A data","Gear","2011","No","34.3147643894945","0.678215323183337","-1.04079550151185","GOV 3647 Groundgear A"
"MAC","2012 GOV 3647 Groundgear A data","Gear","2012","No","34.8120015229905","0.42928411915653","-1.86017586837907","GOV 3647 Groundgear A"
"MAC","2013 GOV 3647 Groundgear A data","Gear","2013","No","36.5093050615325","0.40198358596851","-1.89166309939956","GOV 3647 Groundgear A"
"MAC","2014 GOV 3647 Groundgear A data","Gear","2014","No","32.7306252069751","0.802891339606146","-1.29444198664391","GOV 3647 Groundgear A"
"MAC","2015 GOV 3647 Groundgear A data","Gear","2015","No","32.6339974120555","0.840968322868244","-0.971381039240142","GOV 3647 Groundgear A"
"MAC","2016 GOV 3647 Groundgear A data","Gear","2016","No","33.8183298421297","0.808173929852665","-0.964722696730591","GOV 3647 Groundgear A"
"MAC","2017 GOV 3647 Groundgear A data","Gear","2017","No","32.6514415484073","0.831241496908166","-1.06924417520633","GOV 3647 Groundgear A"
"MAC","2018 GOV 3647 Groundgear A data","Gear","2018","No","32.6296331584696","1.02303514678724","-0.949170908754415","GOV 3647 Groundgear A"
"MAC","2019 GOV 3647 Groundgear A data","Gear","2019","No","35.1267100218384","0.652765821846499","-1.34495053516926","GOV 3647 Groundgear A"
"MAC","2020 GOV 3647 Groundgear A data","Gear","2020","No","35.9427029118984","0.401503306461763","-2.13809261755875","GOV 3647 Groundgear A"
"MAC","2021 GOV 3647 Groundgear A data","Gear","2021","No","32.6263166955858","1.16471878831629","-0.83261491207875","GOV 3647 Groundgear A"
"MAC","2022 GOV 3647 Groundgear A data","Gear","2022","No","36.120242600794","0.486204831929385","-1.83293439256325","GOV 3647 Groundgear A"
"MAC","2023 GOV 3647 Groundgear A data","Gear","2023","No","34.6871760539136","0.870775179484408","-1.04131298144366","GOV 3647 Groundgear A"
"MAC","2024 GOV 3647 Groundgear A data","Gear","2024","No","33.9729980056206","0.844252385457471","-1.14773257224863","GOV 3647 Groundgear A"
"MAC","2025 GOV 3647 Groundgear A data","Gear","2025","No","34.5551077656161","0.814218249544578","-1.1164543001431","GOV 3647 Groundgear A"
"MAC","2003 GOV 3647 Groundgear D data","Gear","2003","No","32.6879361763984","1.18686989612901","-0.808591218010957","GOV 3647 Groundgear D"
"MAC","2004 GOV 3647 Groundgear D data","Gear","2004","No","36.6558035985076","0.476235722128002","-1.70184908371628","GOV 3647 Groundgear D"
"MAC","2006 GOV 3647 Groundgear D data","Gear","2006","No","37.2396713675309","0.419629087279427","-1.69582921848407","GOV 3647 Groundgear D"
"MAC","2007 GOV 3647 Groundgear D data","Gear","2007","No","39.0802389437009","0.342719691429495","-1.9870471263327","GOV 3647 Groundgear D"
"MAC","2008 GOV 3647 Groundgear D data","Gear","2008","No","38.2617827291054","0.361104424102646","-2.01299816244113","GOV 3647 Groundgear D"
"MAC","2009 GOV 3647 Groundgear D data","Gear","2009","No","36.49138336722","0.36340374863662","-2.470634263164","GOV 3647 Groundgear D"
"MAC","2010 GOV 3647 Groundgear D data","Gear","2010","No","36.3709173211089","0.437869530516132","-1.80594943366691","GOV 3647 Groundgear D"
"MAC","2011 GOV 3647 Groundgear D data","Gear","2011","No","35.2891746640897","0.556982585826539","-1.27885009381431","GOV 3647 Groundgear D"
"MAC","2012 GOV 3647 Groundgear D data","Gear","2012","No","36.179261693273","0.40131488302754","-1.82048668642594","GOV 3647 Groundgear D"
"MAC","2013 GOV 3647 Groundgear D data","Gear","2013","No","36.8495098442566","0.347325531376761","-2.28848043408458","GOV 3647 Groundgear D"
"MAC","2014 GOV 3647 Groundgear D data","Gear","2014","No","34.9759492110967","0.592386922494655","-1.54591760787352","GOV 3647 Groundgear D"
"MAC","2015 GOV 3647 Groundgear D data","Gear","2015","No","35.7087192606877","0.596746750058674","-1.13179844490855","GOV 3647 Groundgear D"
"MAC","2016 GOV 3647 Groundgear D data","Gear","2016","No","36.0855229296183","0.492879939482217","-1.61666704990191","GOV 3647 Groundgear D"
"MAC","2017 GOV 3647 Groundgear D data","Gear","2017","No","34.4312860207274","0.643426938455078","-1.23663904262688","GOV 3647 Groundgear D"
"MAC","2018 GOV 3647 Groundgear D data","Gear","2018","No","36.0091025307188","0.52710423291693","-1.59220538367791","GOV 3647 Groundgear D"
"MAC","2019 GOV 3647 Groundgear D data","Gear","2019","No","36.2478203768514","0.633688304093627","-1.20486860466152","GOV 3647 Groundgear D"
"MAC","2020 GOV 3647 Groundgear D data","Gear","2020","No","38.2985773184112","0.38997530083802","-2.01673585765342","GOV 3647 Groundgear D"
"MAC","2021 GOV 3647 Groundgear D data","Gear","2021","No","36.2027256951765","0.64481166876072","-1.08767655965563","GOV 3647 Groundgear D"
"MAC","2022 GOV 3647 Groundgear D data","Gear","2022","No","37.6667050109809","0.402320892642408","-2.07311110630263","GOV 3647 Groundgear D"
"MAC","2023 GOV 3647 Groundgear D data","Gear","2023","No","36.8387486283073","0.542946349016234","-1.55518780023718","GOV 3647 Groundgear D"
"MAC","2024 GOV 3647 Groundgear D data","Gear","2024","No","37.691465398471","0.460413383352284","-1.8175911105847","GOV 3647 Groundgear D"
"MAC","2025 GOV 3647 Groundgear D data","Gear","2025","No","38.0807953311221","0.439719150764671","-1.83200077093418","GOV 3647 Groundgear D"
"MEG","2003 GOV 3647 Groundgear A data","Gear","2003","No","72.5885440598222","0.074932423535767","-2.47095881444632","GOV 3647 Groundgear A"
"MEG","2004 GOV 3647 Groundgear A data","Gear","2004","No",NA,NA,NA,"GOV 3647 Groundgear A"
"MEG","2005 GOV 3647 Groundgear A data","Gear","2005","No","63.3313736637994","0.0844357543327974","-2.5629762408431","GOV 3647 Groundgear A"
"MEG","2006 GOV 3647 Groundgear A data","Gear","2006","No","73.0612176402494","0.0707667256782976","-2.7749662853466","GOV 3647 Groundgear A"
"MEG","2007 GOV 3647 Groundgear A data","Gear","2007","No","145.295811325441","0.0272005232610828","-3.90891656935967","GOV 3647 Groundgear A"
"MEG","2008 GOV 3647 Groundgear A data","Gear","2008","No","73.2334396792929","0.0828482185699362","-2.44267131920072","GOV 3647 Groundgear A"
"MEG","2009 GOV 3647 Groundgear A data","Gear","2009","No","69.8605110251168","0.078085179465493","-1.91107042089893","GOV 3647 Groundgear A"
"MEG","2010 GOV 3647 Groundgear A data","Gear","2010","No","80.5856905926017","0.0702294429097002","-1.76866941940193","GOV 3647 Groundgear A"
"MEG","2011 GOV 3647 Groundgear A data","Gear","2011","No","55.1773869374137","0.131200497486839","-1.28547432916608","GOV 3647 Groundgear A"
"MEG","2012 GOV 3647 Groundgear A data","Gear","2012","No","50.9330605317433","0.154195149647022","-1.82459485841859","GOV 3647 Groundgear A"
"MEG","2013 GOV 3647 Groundgear A data","Gear","2013","No","49.1523629653304","0.147160820141172","-2.43680464969109","GOV 3647 Groundgear A"
"MEG","2014 GOV 3647 Groundgear A data","Gear","2014","No","46.2431056111642","0.190579105066515","-1.48951811367415","GOV 3647 Groundgear A"
"MEG","2015 GOV 3647 Groundgear A data","Gear","2015","No","51.0969445894831","0.137264790566322","-2.12509251275353","GOV 3647 Groundgear A"
"MEG","2016 GOV 3647 Groundgear A data","Gear","2016","No","47.47268154781","0.166133770170895","-1.63326423814094","GOV 3647 Groundgear A"
"MEG","2017 GOV 3647 Groundgear A data","Gear","2017","No","47.2486344359924","0.162962666033103","-1.80097591994292","GOV 3647 Groundgear A"
"MEG","2018 GOV 3647 Groundgear A data","Gear","2018","No","43.7310025804769","0.211433901504748","-1.16264240351508","GOV 3647 Groundgear A"
"MEG","2019 GOV 3647 Groundgear A data","Gear","2019","No","49.3799207338548","0.158853909112725","-1.37170647222888","GOV 3647 Groundgear A"
"MEG","2020 GOV 3647 Groundgear A data","Gear","2020","No","51.3484766642608","0.146013395709623","-1.7132111330605","GOV 3647 Groundgear A"
"MEG","2021 GOV 3647 Groundgear A data","Gear","2021","No","46.9469215280884","0.189710808018314","-1.22709875527586","GOV 3647 Groundgear A"
"MEG","2022 GOV 3647 Groundgear A data","Gear","2022","No","44.4443039712621","0.197500393772041","-1.37602088307832","GOV 3647 Groundgear A"
"MEG","2023 GOV 3647 Groundgear A data","Gear","2023","No","63.0268708363201","0.0842893927246583","-1.96001650663041","GOV 3647 Groundgear A"
"MEG","2024 GOV 3647 Groundgear A data","Gear","2024","No","49.9746058397981","0.122916178238791","-1.62678685691383","GOV 3647 Groundgear A"
"MEG","2025 GOV 3647 Groundgear A data","Gear","2025","No","150.181151458075","0.0240254555751073","-3.46630169694851","GOV 3647 Groundgear A"
"MEG","2003 GOV 3647 Groundgear D data","Gear","2003","No","206.423842884496","0.0202967087984221","-2.862454300766","GOV 3647 Groundgear D"
"MEG","2004 GOV 3647 Groundgear D data","Gear","2004","No",NA,NA,NA,"GOV 3647 Groundgear D"
"MEG","2005 GOV 3647 Groundgear D data","Gear","2005","No","63.7224173381522","0.0673878518285005","-3.90412058604192","GOV 3647 Groundgear D"
"MEG","2006 GOV 3647 Groundgear D data","Gear","2006","No","-36.4200968047542","-0.0459150538867822","-7.56590425188205","GOV 3647 Groundgear D"
"MEG","2007 GOV 3647 Groundgear D data","Gear","2007","No",NA,NA,NA,"GOV 3647 Groundgear D"
"MEG","2008 GOV 3647 Groundgear D data","Gear","2008","No","63.3321613451035","0.0924659151961102","-2.3726625057087","GOV 3647 Groundgear D"
"MEG","2009 GOV 3647 Groundgear D data","Gear","2009","No","70.8136002407526","0.0754903947923111","-2.2427921239207","GOV 3647 Groundgear D"
"MEG","2010 GOV 3647 Groundgear D data","Gear","2010","No","88.0556984369923","0.0516941072487625","-2.67838495444606","GOV 3647 Groundgear D"
"MEG","2011 GOV 3647 Groundgear D data","Gear","2011","No","58.019504817782","0.101882435122325","-2.12459565673237","GOV 3647 Groundgear D"
"MEG","2012 GOV 3647 Groundgear D data","Gear","2012","No","45.9785272279251","0.220328804666664","-1.2556022219237","GOV 3647 Groundgear D"
"MEG","2013 GOV 3647 Groundgear D data","Gear","2013","No","49.6098593916382","0.139070211942184","-3.1215852478064","GOV 3647 Groundgear D"
"MEG","2014 GOV 3647 Groundgear D data","Gear","2014","No","59.281601153776","0.0959946871485926","-3.20763542766998","GOV 3647 Groundgear D"
"MEG","2015 GOV 3647 Groundgear D data","Gear","2015","No","52.2863751933093","0.103504210820365","-3.46736356495307","GOV 3647 Groundgear D"
"MEG","2016 GOV 3647 Groundgear D data","Gear","2016","No","46.4212132920196","0.192883894139112","-1.82108220332141","GOV 3647 Groundgear D"
"MEG","2017 GOV 3647 Groundgear D data","Gear","2017","No","47.7009808021106","0.166080548154079","-1.92586062832582","GOV 3647 Groundgear D"
"MEG","2018 GOV 3647 Groundgear D data","Gear","2018","No","43.5577599900158","0.258145289110428","-0.923120760294716","GOV 3647 Groundgear D"
"MEG","2019 GOV 3647 Groundgear D data","Gear","2019","No","42.0225604720758","0.274336345276472","-0.599891115736363","GOV 3647 Groundgear D"
"MEG","2020 GOV 3647 Groundgear D data","Gear","2020","No","36.4123378600577","0.353722596241822","-0.575066263186325","GOV 3647 Groundgear D"
"MEG","2021 GOV 3647 Groundgear D data","Gear","2021","No","45.0171482408375","0.193753720119124","-1.30669470683452","GOV 3647 Groundgear D"
"MEG","2022 GOV 3647 Groundgear D data","Gear","2022","No","43.278506103788","0.209819883870958","-1.66233618146313","GOV 3647 Groundgear D"
"MEG","2023 GOV 3647 Groundgear D data","Gear","2023","No","63.0976131009498","0.0830308215899179","-2.23550473636702","GOV 3647 Groundgear D"
"MEG","2024 GOV 3647 Groundgear D data","Gear","2024","No","55.1500786298693","0.112703576569182","-1.5277715340109","GOV 3647 Groundgear D"
"MEG","2025 GOV 3647 Groundgear D data","Gear","2025","No","89.0481094529221","0.047919611966559","-2.81633137996489","GOV 3647 Groundgear D"
"PLE","2003 GOV 3647 Groundgear A data","Gear","2003","No","35.9838093489317","0.329721652748355","-1.40572855237384","GOV 3647 Groundgear A"
"PLE","2004 GOV 3647 Groundgear A data","Gear","2004","No",NA,NA,NA,"GOV 3647 Groundgear A"
"PLE","2005 GOV 3647 Groundgear A data","Gear","2005","No","66.3250356965753","0.0946433191037145","-2.22156244835919","GOV 3647 Groundgear A"
"PLE","2006 GOV 3647 Groundgear A data","Gear","2006","No","38.3582155539087","0.266030678987717","-1.64124400989167","GOV 3647 Groundgear A"
"PLE","2007 GOV 3647 Groundgear A data","Gear","2007","No","32.6211045939016","0.474344742523047","-0.89916062814163","GOV 3647 Groundgear A"
"PLE","2008 GOV 3647 Groundgear A data","Gear","2008","No","34.5499212738669","0.354355398352082","-1.60429732865605","GOV 3647 Groundgear A"
"PLE","2009 GOV 3647 Groundgear A data","Gear","2009","No","41.9627158863208","0.184848784446118","-2.50329672429696","GOV 3647 Groundgear A"
"PLE","2010 GOV 3647 Groundgear A data","Gear","2010","No","40.0908454857123","0.217251791447461","-2.06670097274582","GOV 3647 Groundgear A"
"PLE","2011 GOV 3647 Groundgear A data","Gear","2011","No","42.7646390483105","0.200257149866667","-2.12664709944709","GOV 3647 Groundgear A"
"PLE","2012 GOV 3647 Groundgear A data","Gear","2012","No","37.4663041876418","0.267753038951399","-2.04594352855009","GOV 3647 Groundgear A"
"PLE","2013 GOV 3647 Groundgear A data","Gear","2013","No","37.2668245682642","0.298887393989411","-1.39601784261852","GOV 3647 Groundgear A"
"PLE","2014 GOV 3647 Groundgear A data","Gear","2014","No","37.2013392423246","0.304025555652447","-1.56560332476923","GOV 3647 Groundgear A"
"PLE","2015 GOV 3647 Groundgear A data","Gear","2015","No","40.1802391803179","0.243400813530649","-1.88678292345023","GOV 3647 Groundgear A"
"PLE","2016 GOV 3647 Groundgear A data","Gear","2016","No","40.7792661699268","0.209972486476367","-2.10934892126267","GOV 3647 Groundgear A"
"PLE","2017 GOV 3647 Groundgear A data","Gear","2017","No","34.9607087905058","0.351893861799217","-1.14227259820881","GOV 3647 Groundgear A"
"PLE","2018 GOV 3647 Groundgear A data","Gear","2018","No","55.459156288547","0.0829324831470089","-4.75712097026136","GOV 3647 Groundgear A"
"PLE","2019 GOV 3647 Groundgear A data","Gear","2019","No","39.7602824999629","0.19014641950647","-2.89095203776931","GOV 3647 Groundgear A"
"PLE","2020 GOV 3647 Groundgear A data","Gear","2020","No",NA,NA,NA,"GOV 3647 Groundgear A"
"PLE","2021 GOV 3647 Groundgear A data","Gear","2021","No","37.2106527820363","0.242535198058534","-2.20432378510039","GOV 3647 Groundgear A"
"PLE","2022 GOV 3647 Groundgear A data","Gear","2022","No","60.3807320807319","0.0638525672022043","-5.90442140034061","GOV 3647 Groundgear A"
"PLE","2023 GOV 3647 Groundgear A data","Gear","2023","No","40.4055615959558","0.172186258875999","-2.82846093140024","GOV 3647 Groundgear A"
"PLE","2024 GOV 3647 Groundgear A data","Gear","2024","No","48.1928710981568","0.104367324240502","-4.29144716126687","GOV 3647 Groundgear A"
"PLE","2025 GOV 3647 Groundgear A data","Gear","2025","No","37.9112380209361","0.191835615764852","-2.73413074569711","GOV 3647 Groundgear A"
"PLE","2003 GOV 3647 Groundgear D data","Gear","2003","No",NA,NA,NA,"GOV 3647 Groundgear D"
"PLE","2004 GOV 3647 Groundgear D data","Gear","2004","No","33.1829893651237","0.468811339697448","-0.409709387954126","GOV 3647 Groundgear D"
"PLE","2005 GOV 3647 Groundgear D data","Gear","2005","No","39.6150801629698","0.189622588149998","-2.14174998076045","GOV 3647 Groundgear D"
"PLE","2006 GOV 3647 Groundgear D data","Gear","2006","No","37.8122479721952","0.266619192039514","-1.61397634934541","GOV 3647 Groundgear D"
"PLE","2007 GOV 3647 Groundgear D data","Gear","2007","No","40.6792052338362","0.213738609710276","-1.44735017755986","GOV 3647 Groundgear D"
"PLE","2008 GOV 3647 Groundgear D data","Gear","2008","No","38.5439270654856","0.167768789150977","-3.21970129903939","GOV 3647 Groundgear D"
"PLE","2009 GOV 3647 Groundgear D data","Gear","2009","No","33.9955560348875","0.314855166550963","-1.41205935323543","GOV 3647 Groundgear D"
"PLE","2010 GOV 3647 Groundgear D data","Gear","2010","No","31.71209756977","0.355628297753503","-1.37586784284656","GOV 3647 Groundgear D"
"PLE","2011 GOV 3647 Groundgear D data","Gear","2011","No","36.6747373166934","0.191301151161701","-2.85740524172821","GOV 3647 Groundgear D"
"PLE","2012 GOV 3647 Groundgear D data","Gear","2012","No","33.7168502038279","0.307085204991787","-1.56761527840214","GOV 3647 Groundgear D"
"PLE","2013 GOV 3647 Groundgear D data","Gear","2013","No","38.9833519825326","0.150582216323803","-4.09831251893911","GOV 3647 Groundgear D"
"PLE","2014 GOV 3647 Groundgear D data","Gear","2014","No","33.3320486108228","0.332368238778289","-1.21099369475825","GOV 3647 Groundgear D"
"PLE","2015 GOV 3647 Groundgear D data","Gear","2015","No","33.4813906845417","0.299733939516097","-1.62990811785004","GOV 3647 Groundgear D"
"PLE","2016 GOV 3647 Groundgear D data","Gear","2016","No","32.9630904548179","0.302402005566401","-1.84095773186228","GOV 3647 Groundgear D"
"PLE","2017 GOV 3647 Groundgear D data","Gear","2017","No","37.2181997650338","0.176435798489894","-3.11977910460699","GOV 3647 Groundgear D"
"PLE","2018 GOV 3647 Groundgear D data","Gear","2018","No","33.6367398307443","0.234529194801449","-2.70698084299326","GOV 3647 Groundgear D"
"PLE","2019 GOV 3647 Groundgear D data","Gear","2019","No","31.8331057394106","0.372185072131091","-1.57493978264005","GOV 3647 Groundgear D"
"PLE","2020 GOV 3647 Groundgear D data","Gear","2020","No","35.2420198257303","0.174133981587687","-3.74002620846263","GOV 3647 Groundgear D"
"PLE","2021 GOV 3647 Groundgear D data","Gear","2021","No","35.883527545106","0.176410287216359","-3.0982800357689","GOV 3647 Groundgear D"
"PLE","2022 GOV 3647 Groundgear D data","Gear","2022","No","39.281828354856","0.149936922221103","-3.45578675927017","GOV 3647 Groundgear D"
"PLE","2023 GOV 3647 Groundgear D data","Gear","2023","No","40.1823844350414","0.141835697357848","-3.5185335235125","GOV 3647 Groundgear D"
"PLE","2024 GOV 3647 Groundgear D data","Gear","2024","No","41.9588558165101","0.120465729674122","-4.15615667504018","GOV 3647 Groundgear D"
"PLE","2025 GOV 3647 Groundgear D data","Gear","2025","No","32.4478964545894","0.231236944750709","-2.72236147118483","GOV 3647 Groundgear D"
"POK","2003 GOV 3647 Groundgear A data","Gear","2003","No",NA,NA,NA,"GOV 3647 Groundgear A"
"POK","2004 GOV 3647 Groundgear A data","Gear","2004","No",NA,NA,NA,"GOV 3647 Groundgear A"
"POK","2007 GOV 3647 Groundgear A data","Gear","2007","No",NA,NA,NA,"GOV 3647 Groundgear A"
"POK","2016 GOV 3647 Groundgear A data","Gear","2016","No",NA,NA,NA,"GOV 3647 Groundgear A"
"POK","2017 GOV 3647 Groundgear A data","Gear","2017","No",NA,NA,NA,"GOV 3647 Groundgear A"
"POK","2019 GOV 3647 Groundgear A data","Gear","2019","No",NA,NA,NA,"GOV 3647 Groundgear A"
"POK","2020 GOV 3647 Groundgear A data","Gear","2020","No",NA,NA,NA,"GOV 3647 Groundgear A"
"POK","2022 GOV 3647 Groundgear A data","Gear","2022","No",NA,NA,NA,"GOV 3647 Groundgear A"
"POK","2024 GOV 3647 Groundgear A data","Gear","2024","No",NA,NA,NA,"GOV 3647 Groundgear A"
"POK","2025 GOV 3647 Groundgear A data","Gear","2025","No",NA,NA,NA,"GOV 3647 Groundgear A"
"POK","2003 GOV 3647 Groundgear D data","Gear","2003","No",NA,NA,NA,"GOV 3647 Groundgear D"
"POK","2004 GOV 3647 Groundgear D data","Gear","2004","No","63.5828430323796","0.330905163592019","-0.671948192140023","GOV 3647 Groundgear D"
"POK","2007 GOV 3647 Groundgear D data","Gear","2007","No","240.025685008246","0.0425987754819836","-2.29369743918351","GOV 3647 Groundgear D"
"POK","2016 GOV 3647 Groundgear D data","Gear","2016","No","62.4193512232735","0.333034409934271","-1.07532292234603","GOV 3647 Groundgear D"
"POK","2017 GOV 3647 Groundgear D data","Gear","2017","No","54.2861512993154","0.620572520318883","0.0714569059044213","GOV 3647 Groundgear D"
"POK","2018 GOV 3647 Groundgear D data","Gear","2018","No",NA,NA,NA,"GOV 3647 Groundgear D"
"POK","2019 GOV 3647 Groundgear D data","Gear","2019","No","50.0967871222582","0.888280297932252","0.860689734584112","GOV 3647 Groundgear D"
"POK","2020 GOV 3647 Groundgear D data","Gear","2020","No",NA,NA,NA,"GOV 3647 Groundgear D"
"POK","2021 GOV 3647 Groundgear D data","Gear","2021","No",NA,NA,NA,"GOV 3647 Groundgear D"
"POK","2022 GOV 3647 Groundgear D data","Gear","2022","No","61.9318936877076","0.401626331800999","-0.483086580096813","GOV 3647 Groundgear D"
"POK","2023 GOV 3647 Groundgear D data","Gear","2023","No",NA,NA,NA,"GOV 3647 Groundgear D"
"POK","2024 GOV 3647 Groundgear D data","Gear","2024","No",NA,NA,NA,"GOV 3647 Groundgear D"
"POL","2016 GOV 3647 Groundgear A data","Gear","2016","No","79.8516723621876","0.290976476750921","-1.20524958638603","GOV 3647 Groundgear A"
"POL","2017 GOV 3647 Groundgear A data","Gear","2017","No",NA,NA,NA,"GOV 3647 Groundgear A"
"POL","2018 GOV 3647 Groundgear A data","Gear","2018","No","77.4839499100214","0.264114627726485","-1.1849600587126","GOV 3647 Groundgear A"
"POL","2019 GOV 3647 Groundgear A data","Gear","2019","No",NA,NA,NA,"GOV 3647 Groundgear A"
"POL","2020 GOV 3647 Groundgear A data","Gear","2020","No","62.0536870250185","0.346931490287106","-0.998316308942909","GOV 3647 Groundgear A"
"POL","2021 GOV 3647 Groundgear A data","Gear","2021","No",NA,NA,NA,"GOV 3647 Groundgear A"
"POL","2022 GOV 3647 Groundgear A data","Gear","2022","No",NA,NA,NA,"GOV 3647 Groundgear A"
"POL","2023 GOV 3647 Groundgear A data","Gear","2023","No",NA,NA,NA,"GOV 3647 Groundgear A"
"POL","2025 GOV 3647 Groundgear A data","Gear","2025","No",NA,NA,NA,"GOV 3647 Groundgear A"
"POL","2016 GOV 3647 Groundgear D data","Gear","2016","No",NA,NA,NA,"GOV 3647 Groundgear D"
"POL","2017 GOV 3647 Groundgear D data","Gear","2017","No",NA,NA,NA,"GOV 3647 Groundgear D"
"POL","2018 GOV 3647 Groundgear D data","Gear","2018","No",NA,NA,NA,"GOV 3647 Groundgear D"
"POL","2019 GOV 3647 Groundgear D data","Gear","2019","No",NA,NA,NA,"GOV 3647 Groundgear D"
"POL","2020 GOV 3647 Groundgear D data","Gear","2020","No",NA,NA,NA,"GOV 3647 Groundgear D"
"POL","2021 GOV 3647 Groundgear D data","Gear","2021","No",NA,NA,NA,"GOV 3647 Groundgear D"
"POL","2022 GOV 3647 Groundgear D data","Gear","2022","No",NA,NA,NA,"GOV 3647 Groundgear D"
"POL","2023 GOV 3647 Groundgear D data","Gear","2023","No",NA,NA,NA,"GOV 3647 Groundgear D"
"SOL","2003 GOV 3647 Groundgear A data","Gear","2003","No","49.502683620054","0.0684955840482406","-8.4591805140479","GOV 3647 Groundgear A"
"SOL","2004 GOV 3647 Groundgear A data","Gear","2004","No","31.0737835668646","0.56131248075023","-1.12990830657578","GOV 3647 Groundgear A"
"SOL","2005 GOV 3647 Groundgear A data","Gear","2005","No","35.8750133758644","0.269245839633832","-1.7913544708089","GOV 3647 Groundgear A"
"SOL","2006 GOV 3647 Groundgear A data","Gear","2006","No","33.3900602755005","0.463399570120892","-0.732600626486249","GOV 3647 Groundgear A"
"SOL","2007 GOV 3647 Groundgear A data","Gear","2007","No","36.9816144390468","0.125932584988197","-7.72566593405526","GOV 3647 Groundgear A"
"SOL","2008 GOV 3647 Groundgear A data","Gear","2008","No","32.6892424256793","0.290025512887455","-2.76181505607685","GOV 3647 Groundgear A"
"SOL","2009 GOV 3647 Groundgear A data","Gear","2009","No","35.3655410350635","0.18713442576975","-4.51331273692957","GOV 3647 Groundgear A"
"SOL","2010 GOV 3647 Groundgear A data","Gear","2010","No","38.9122315711427","0.179073331289543","-3.26810062323887","GOV 3647 Groundgear A"
"SOL","2011 GOV 3647 Groundgear A data","Gear","2011","No",NA,NA,NA,"GOV 3647 Groundgear A"
"SOL","2012 GOV 3647 Groundgear A data","Gear","2012","No","36.7626282537769","0.159725213187144","-5.2720063575222","GOV 3647 Groundgear A"
"SOL","2013 GOV 3647 Groundgear A data","Gear","2013","No",NA,NA,NA,"GOV 3647 Groundgear A"
"SOL","2014 GOV 3647 Groundgear A data","Gear","2014","No","53.7590048365861","0.0594638103112144","-7.52067458015769","GOV 3647 Groundgear A"
"SOL","2015 GOV 3647 Groundgear A data","Gear","2015","No",NA,NA,NA,"GOV 3647 Groundgear A"
"SOL","2016 GOV 3647 Groundgear A data","Gear","2016","No","34.3318600271911","0.515592971593891","-0.682358987830678","GOV 3647 Groundgear A"
"SOL","2017 GOV 3647 Groundgear A data","Gear","2017","No","30.7471367072265","0.561832864912809","-0.88468102371276","GOV 3647 Groundgear A"
"SOL","2018 GOV 3647 Groundgear A data","Gear","2018","No","31.669809157487","0.439124117174964","-0.820347275107679","GOV 3647 Groundgear A"
"SOL","2019 GOV 3647 Groundgear A data","Gear","2019","No","32.7522585762048","0.354948572696387","-1.41266937755186","GOV 3647 Groundgear A"
"SOL","2020 GOV 3647 Groundgear A data","Gear","2020","No",NA,NA,NA,"GOV 3647 Groundgear A"
"SOL","2021 GOV 3647 Groundgear A data","Gear","2021","No","36.1178540166142","0.238441685965503","-2.24114992851288","GOV 3647 Groundgear A"
"SOL","2022 GOV 3647 Groundgear A data","Gear","2022","No","33.1723189307589","0.297252411222375","-1.76833942339348","GOV 3647 Groundgear A"
"SOL","2023 GOV 3647 Groundgear A data","Gear","2023","No","35.9581270180046","0.213104571270478","-3.1153033472291","GOV 3647 Groundgear A"
"SOL","2024 GOV 3647 Groundgear A data","Gear","2024","No","32.4488639616615","0.453252425780706","-1.09762958787367","GOV 3647 Groundgear A"
"SOL","2025 GOV 3647 Groundgear A data","Gear","2025","No","35.9205824949291","0.289303440028775","-1.81571304477176","GOV 3647 Groundgear A"
"SOL","2003 GOV 3647 Groundgear D data","Gear","2003","No",NA,NA,NA,"GOV 3647 Groundgear D"
"SOL","2004 GOV 3647 Groundgear D data","Gear","2004","No",NA,NA,NA,"GOV 3647 Groundgear D"
"SOL","2005 GOV 3647 Groundgear D data","Gear","2005","No",NA,NA,NA,"GOV 3647 Groundgear D"
"SOL","2006 GOV 3647 Groundgear D data","Gear","2006","No",NA,NA,NA,"GOV 3647 Groundgear D"
"SOL","2007 GOV 3647 Groundgear D data","Gear","2007","No","32.4182751250469","0.327085818488999","-1.91462971576015","GOV 3647 Groundgear D"
"SOL","2008 GOV 3647 Groundgear D data","Gear","2008","No",NA,NA,NA,"GOV 3647 Groundgear D"
"SOL","2009 GOV 3647 Groundgear D data","Gear","2009","No","33.1978557643118","0.220966948713312","-3.42484380794093","GOV 3647 Groundgear D"
"SOL","2010 GOV 3647 Groundgear D data","Gear","2010","No","30.7897710145655","0.515164944145038","-0.229387331489558","GOV 3647 Groundgear D"
"SOL","2011 GOV 3647 Groundgear D data","Gear","2011","No","33.2014492061302","0.33376127158101","-1.39574214303733","GOV 3647 Groundgear D"
"SOL","2012 GOV 3647 Groundgear D data","Gear","2012","No",NA,NA,NA,"GOV 3647 Groundgear D"
"SOL","2013 GOV 3647 Groundgear D data","Gear","2013","No","32.5528522590049","0.536525808272536","-0.527166381626185","GOV 3647 Groundgear D"
"SOL","2014 GOV 3647 Groundgear D data","Gear","2014","No","40.9086181914194","0.152791360341082","-3.23160150312369","GOV 3647 Groundgear D"
"SOL","2015 GOV 3647 Groundgear D data","Gear","2015","No",NA,NA,NA,"GOV 3647 Groundgear D"
"SOL","2016 GOV 3647 Groundgear D data","Gear","2016","No",NA,NA,NA,"GOV 3647 Groundgear D"
"SOL","2017 GOV 3647 Groundgear D data","Gear","2017","No",NA,NA,NA,"GOV 3647 Groundgear D"
"SOL","2018 GOV 3647 Groundgear D data","Gear","2018","No","29.9136359925267","0.582239282641211","0.197638302192774","GOV 3647 Groundgear D"
"SOL","2019 GOV 3647 Groundgear D data","Gear","2019","No",NA,NA,NA,"GOV 3647 Groundgear D"
"SOL","2020 GOV 3647 Groundgear D data","Gear","2020","No",NA,NA,NA,"GOV 3647 Groundgear D"
"SOL","2021 GOV 3647 Groundgear D data","Gear","2021","No",NA,NA,NA,"GOV 3647 Groundgear D"
"SOL","2022 GOV 3647 Groundgear D data","Gear","2022","No","31.0778635711835","0.412518077992278","-0.653669541648462","GOV 3647 Groundgear D"
"SOL","2023 GOV 3647 Groundgear D data","Gear","2023","No","27.6706394634654","0.695144082085846","-0.797007195122039","GOV 3647 Groundgear D"
"SOL","2024 GOV 3647 Groundgear D data","Gear","2024","No",NA,NA,NA,"GOV 3647 Groundgear D"
"SOL","2025 GOV 3647 Groundgear D data","Gear","2025","No","31.577888059754","0.413575204944678","-0.396133313437119","GOV 3647 Groundgear D"
"WHB","2003 GOV 3647 Groundgear A data","Gear","2003","No","29.5218096638024","0.559698219431302","-1.48365786146624","GOV 3647 Groundgear A"
"WHB","2004 GOV 3647 Groundgear A data","Gear","2004","No","28.8317471402974","0.696357431154886","-1.42925603984646","GOV 3647 Groundgear A"
"WHB","2005 GOV 3647 Groundgear A data","Gear","2005","No","29.4083638022248","0.52521123866887","-1.66925238797789","GOV 3647 Groundgear A"
"WHB","2006 GOV 3647 Groundgear A data","Gear","2006","No","29.3147810562214","0.540737321295332","-1.47360930832569","GOV 3647 Groundgear A"
"WHB","2007 GOV 3647 Groundgear A data","Gear","2007","No","31.634443473157","0.395696961406735","-2.04237127768217","GOV 3647 Groundgear A"
"WHB","2008 GOV 3647 Groundgear A data","Gear","2008","No","32.411079639403","0.44639114583678","-1.74824047293813","GOV 3647 Groundgear A"
"WHB","2009 GOV 3647 Groundgear A data","Gear","2009","No","31.6801097466763","0.510632131697673","-1.65486560794522","GOV 3647 Groundgear A"
"WHB","2010 GOV 3647 Groundgear A data","Gear","2010","No","36.8391376411898","0.269907080816919","-2.33382343622736","GOV 3647 Groundgear A"
"WHB","2011 GOV 3647 Groundgear A data","Gear","2011","No","30.1766982495036","0.59462728633532","-1.47063795440933","GOV 3647 Groundgear A"
"WHB","2012 GOV 3647 Groundgear A data","Gear","2012","No","40.9422681541002","0.196139592532799","-2.9480318673867","GOV 3647 Groundgear A"
"WHB","2013 GOV 3647 Groundgear A data","Gear","2013","No","41.4800620962373","0.151298848279909","-3.94003952035682","GOV 3647 Groundgear A"
"WHB","2014 GOV 3647 Groundgear A data","Gear","2014","No","37.796726718684","0.236306548276837","-2.76474444985034","GOV 3647 Groundgear A"
"WHB","2015 GOV 3647 Groundgear A data","Gear","2015","No","35.0089811666854","0.246444603459295","-2.99355878738517","GOV 3647 Groundgear A"
"WHB","2016 GOV 3647 Groundgear A data","Gear","2016","No","37.4145353620127","0.186220250434283","-3.97653056468245","GOV 3647 Groundgear A"
"WHB","2017 GOV 3647 Groundgear A data","Gear","2017","No","38.3687605212874","0.186546047981758","-3.87973829672478","GOV 3647 Groundgear A"
"WHB","2018 GOV 3647 Groundgear A data","Gear","2018","No","28.773434857203","0.61178852334574","-1.65903684205353","GOV 3647 Groundgear A"
"WHB","2019 GOV 3647 Groundgear A data","Gear","2019","No","30.3942858607227","0.493969088874206","-2.1187422118517","GOV 3647 Groundgear A"
"WHB","2020 GOV 3647 Groundgear A data","Gear","2020","No","29.9560651867547","0.793454691863441","-1.11729023672993","GOV 3647 Groundgear A"
"WHB","2021 GOV 3647 Groundgear A data","Gear","2021","No","31.9341259261399","0.516739285229877","-1.50166383143562","GOV 3647 Groundgear A"
"WHB","2022 GOV 3647 Groundgear A data","Gear","2022","No","42.7044025977703","0.164107048697139","-3.47766138609894","GOV 3647 Groundgear A"
"WHB","2023 GOV 3647 Groundgear A data","Gear","2023","No","65.0765231148862","0.0624115763067785","-5.53282808635545","GOV 3647 Groundgear A"
"WHB","2024 GOV 3647 Groundgear A data","Gear","2024","No","45.8597572499391","0.103124233356914","-5.2046797695849","GOV 3647 Groundgear A"
"WHB","2025 GOV 3647 Groundgear A data","Gear","2025","No","28.8038529718884","0.749826594385964","-1.18599381301967","GOV 3647 Groundgear A"
"WHB","2003 GOV 3647 Groundgear D data","Gear","2003","No","30.5964512212491","0.667239447234469","-1.20312817015731","GOV 3647 Groundgear D"
"WHB","2004 GOV 3647 Groundgear D data","Gear","2004","No","62.1666666666668","0.133531392624522","-2.81882011238104","GOV 3647 Groundgear D"
"WHB","2005 GOV 3647 Groundgear D data","Gear","2005","No","28.2668515827773","0.887793874884559","-1.1832850765142","GOV 3647 Groundgear D"
"WHB","2006 GOV 3647 Groundgear D data","Gear","2006","No","33.5388279887021","0.37678613093382","-1.81934920722694","GOV 3647 Groundgear D"
"WHB","2007 GOV 3647 Groundgear D data","Gear","2007","No","36.5435642690509","0.353804570726884","-1.92175569652345","GOV 3647 Groundgear D"
"WHB","2008 GOV 3647 Groundgear D data","Gear","2008","No","32.3286231016549","0.549841646653965","-1.33217004825741","GOV 3647 Groundgear D"
"WHB","2009 GOV 3647 Groundgear D data","Gear","2009","No","34.4116510353346","0.348487649981006","-2.31893444843537","GOV 3647 Groundgear D"
"WHB","2010 GOV 3647 Groundgear D data","Gear","2010","No","35.9412519828697","0.365302776018504","-1.92959766028668","GOV 3647 Groundgear D"
"WHB","2011 GOV 3647 Groundgear D data","Gear","2011","No","37.3743356486174","0.318038423224029","-2.0189191532297","GOV 3647 Groundgear D"
"WHB","2012 GOV 3647 Groundgear D data","Gear","2012","No","42.9932902639134","0.164970129721666","-3.42544731659241","GOV 3647 Groundgear D"
"WHB","2013 GOV 3647 Groundgear D data","Gear","2013","No","40.2313310675204","0.222389936094015","-2.64254040312968","GOV 3647 Groundgear D"
"WHB","2014 GOV 3647 Groundgear D data","Gear","2014","No","30.3492446137841","0.503509935698482","-1.74725336641825","GOV 3647 Groundgear D"
"WHB","2015 GOV 3647 Groundgear D data","Gear","2015","No","48.3155614680428","0.112084569046089","-4.22902607786629","GOV 3647 Groundgear D"
"WHB","2016 GOV 3647 Groundgear D data","Gear","2016","No","32.4096092415401","0.359274458276006","-2.25515774838994","GOV 3647 Groundgear D"
"WHB","2017 GOV 3647 Groundgear D data","Gear","2017","No","31.3890613783776","0.480858696374732","-1.79147523435026","GOV 3647 Groundgear D"
"WHB","2018 GOV 3647 Groundgear D data","Gear","2018","No","29.3908860198877","0.584588346215818","-1.72788246572913","GOV 3647 Groundgear D"
"WHB","2019 GOV 3647 Groundgear D data","Gear","2019","No","31.5257203113152","0.506300082902894","-1.87894076123601","GOV 3647 Groundgear D"
"WHB","2020 GOV 3647 Groundgear D data","Gear","2020","No","29.1758183962496","0.689258845688024","-1.32924879347169","GOV 3647 Groundgear D"
"WHB","2021 GOV 3647 Groundgear D data","Gear","2021","No","32.318662764361","0.48129932591912","-1.59707160495879","GOV 3647 Groundgear D"
"WHB","2022 GOV 3647 Groundgear D data","Gear","2022","No","53.9089387560363","0.0844287805601356","-5.3471078866431","GOV 3647 Groundgear D"
"WHB","2023 GOV 3647 Groundgear D data","Gear","2023","No","32.0025954320289","0.332587143027531","-2.68757189092986","GOV 3647 Groundgear D"
"WHB","2024 GOV 3647 Groundgear D data","Gear","2024","No","37.7066189295332","0.199637652724283","-3.69952457889439","GOV 3647 Groundgear D"
"WHB","2025 GOV 3647 Groundgear D data","Gear","2025","No","28.7345588594538","0.653072331395172","-1.61377150964601","GOV 3647 Groundgear D"
"WHG","2003 GOV 3647 Groundgear A data","Gear","2003","No","37.5530193313386","0.576993632064806","-0.872324451849214","GOV 3647 Groundgear A"
"WHG","2004 GOV 3647 Groundgear A data","Gear","2004","No","48.485809276222","0.3431144619195","-1.317967625003","GOV 3647 Groundgear A"
"WHG","2005 GOV 3647 Groundgear A data","Gear","2005","No","44.7854305540689","0.456214995856067","-1.11507758767842","GOV 3647 Groundgear A"
"WHG","2006 GOV 3647 Groundgear A data","Gear","2006","No","44.6834586053707","0.381429897532925","-1.36378308610345","GOV 3647 Groundgear A"
"WHG","2007 GOV 3647 Groundgear A data","Gear","2007","No","47.3432027569629","0.370129209265402","-1.33967954727014","GOV 3647 Groundgear A"
"WHG","2008 GOV 3647 Groundgear A data","Gear","2008","No","46.2037136432812","0.416984890653138","-1.22770735177994","GOV 3647 Groundgear A"
"WHG","2009 GOV 3647 Groundgear A data","Gear","2009","No","49.8232390245257","0.32266015390097","-1.53695694853244","GOV 3647 Groundgear A"
"WHG","2010 GOV 3647 Groundgear A data","Gear","2010","No","50.3383159495459","0.384703777656912","-1.06682646582516","GOV 3647 Groundgear A"
"WHG","2011 GOV 3647 Groundgear A data","Gear","2011","No","64.6276026683347","0.215629791872636","-1.53346807691956","GOV 3647 Groundgear A"
"WHG","2012 GOV 3647 Groundgear A data","Gear","2012","No","62.2814488817583","0.240629362697403","-1.46366014974797","GOV 3647 Groundgear A"
"WHG","2013 GOV 3647 Groundgear A data","Gear","2013","No","49.8515497927462","0.341404309542636","-1.26609283396778","GOV 3647 Groundgear A"
"WHG","2014 GOV 3647 Groundgear A data","Gear","2014","No","49.0602887168855","0.425520021978842","-1.00889637551031","GOV 3647 Groundgear A"
"WHG","2015 GOV 3647 Groundgear A data","Gear","2015","No","50.8960765232842","0.367533606128786","-1.13021159850793","GOV 3647 Groundgear A"
"WHG","2016 GOV 3647 Groundgear A data","Gear","2016","No","52.0800897044253","0.349135276891598","-1.07186637511037","GOV 3647 Groundgear A"
"WHG","2017 GOV 3647 Groundgear A data","Gear","2017","No","52.6380905896261","0.298681019921456","-1.32097218803962","GOV 3647 Groundgear A"
"WHG","2018 GOV 3647 Groundgear A data","Gear","2018","No","58.4545260930579","0.238912510000424","-1.55990454099025","GOV 3647 Groundgear A"
"WHG","2019 GOV 3647 Groundgear A data","Gear","2019","No","60.5894802114309","0.252959573949094","-1.36682529996018","GOV 3647 Groundgear A"
"WHG","2020 GOV 3647 Groundgear A data","Gear","2020","No","54.7091316672903","0.276855061008591","-1.32633146236128","GOV 3647 Groundgear A"
"WHG","2021 GOV 3647 Groundgear A data","Gear","2021","No","64.2951775254498","0.213484359624755","-1.49193238274165","GOV 3647 Groundgear A"
"WHG","2022 GOV 3647 Groundgear A data","Gear","2022","No","58.6845234562274","0.214299140111856","-1.64222451051664","GOV 3647 Groundgear A"
"WHG","2023 GOV 3647 Groundgear A data","Gear","2023","No","52.7835608361466","0.245457019019299","-1.71569403081409","GOV 3647 Groundgear A"
"WHG","2024 GOV 3647 Groundgear A data","Gear","2024","No","47.4150525111166","0.318746217081223","-1.60403459148276","GOV 3647 Groundgear A"
"WHG","2025 GOV 3647 Groundgear A data","Gear","2025","No","49.579457951841","0.330440067027401","-1.27552023432586","GOV 3647 Groundgear A"
"WHG","2003 GOV 3647 Groundgear D data","Gear","2003","No","39.8123191798704","0.514521466838829","-1.33729009802815","GOV 3647 Groundgear D"
"WHG","2004 GOV 3647 Groundgear D data","Gear","2004","No","38.6443373934924","0.530653239156649","-0.906438306024416","GOV 3647 Groundgear D"
"WHG","2005 GOV 3647 Groundgear D data","Gear","2005","No",NA,NA,NA,"GOV 3647 Groundgear D"
"WHG","2006 GOV 3647 Groundgear D data","Gear","2006","No","39.0836737899616","0.528529785353744","-1.05882006105571","GOV 3647 Groundgear D"
"WHG","2007 GOV 3647 Groundgear D data","Gear","2007","No","36.8516726255783","0.677370097387127","-0.787784132745853","GOV 3647 Groundgear D"
"WHG","2008 GOV 3647 Groundgear D data","Gear","2008","No","38.7549063202796","0.764486532830468","-0.544467765991198","GOV 3647 Groundgear D"
"WHG","2009 GOV 3647 Groundgear D data","Gear","2009","No","38.8285122035531","0.688876182451682","-0.77495618212803","GOV 3647 Groundgear D"
"WHG","2010 GOV 3647 Groundgear D data","Gear","2010","No","39.5884565612288","0.746462738219195","-0.492288417268555","GOV 3647 Groundgear D"
"WHG","2011 GOV 3647 Groundgear D data","Gear","2011","No","39.3778723787401","0.500332424815228","-0.984708802961218","GOV 3647 Groundgear D"
"WHG","2012 GOV 3647 Groundgear D data","Gear","2012","No","39.1315287764997","0.487256701519751","-1.1481474137806","GOV 3647 Groundgear D"
"WHG","2013 GOV 3647 Groundgear D data","Gear","2013","No","39.6466353054055","0.482289086829746","-0.865813708357353","GOV 3647 Groundgear D"
"WHG","2014 GOV 3647 Groundgear D data","Gear","2014","No","38.9904894077928","0.547047869587214","-0.916045971191831","GOV 3647 Groundgear D"
"WHG","2015 GOV 3647 Groundgear D data","Gear","2015","No","39.7768778891483","0.621491709588048","-0.772321315776531","GOV 3647 Groundgear D"
"WHG","2016 GOV 3647 Groundgear D data","Gear","2016","No","40.2793181191313","0.520498036762842","-0.780997612552006","GOV 3647 Groundgear D"
"WHG","2017 GOV 3647 Groundgear D data","Gear","2017","No","40.0903011601697","0.451959107664678","-1.08755620303474","GOV 3647 Groundgear D"
"WHG","2018 GOV 3647 Groundgear D data","Gear","2018","No","42.806044247299","0.370128602149956","-1.41260934097469","GOV 3647 Groundgear D"
"WHG","2019 GOV 3647 Groundgear D data","Gear","2019","No","37.9178494686481","0.555023417008262","-1.06075360432494","GOV 3647 Groundgear D"
"WHG","2020 GOV 3647 Groundgear D data","Gear","2020","No","41.2852047672197","0.512074151233384","-0.961955890796171","GOV 3647 Groundgear D"
"WHG","2021 GOV 3647 Groundgear D data","Gear","2021","No","43.9259332277642","0.377538812174424","-1.33772731929501","GOV 3647 Groundgear D"
"WHG","2022 GOV 3647 Groundgear D data","Gear","2022","No","41.9989202510544","0.410446944533104","-1.12698156280471","GOV 3647 Groundgear D"
"WHG","2023 GOV 3647 Groundgear D data","Gear","2023","No","40.2921094491941","0.390646620688809","-1.51716391098602","GOV 3647 Groundgear D"
"WHG","2024 GOV 3647 Groundgear D data","Gear","2024","No","41.0335272820516","0.448414885967983","-1.24986535017529","GOV 3647 Groundgear D"
"WHG","2025 GOV 3647 Groundgear D data","Gear","2025","No","40.1605147612392","0.476255285553357","-1.04312624737532","GOV 3647 Groundgear D"
"COD","2003 VIa data","Division","2003","No",NA,NA,NA,"VIa"
"COD","2004 VIa data","Division","2004","No","59.1146788990826","1.24624828747417","0.111054682380128","VIa"
"COD","2005 VIa data","Division","2005","No",NA,NA,NA,"VIa"
"COD","2006 VIa data","Division","2006","No","-90.691057549559","-0.10307992723014","-2.57947227156451","VIa"
"COD","2007 VIa data","Division","2007","No",NA,NA,NA,"VIa"
"COD","2008 VIa data","Division","2008","No","96.2214094349738","0.33655777603561","-0.530814945978616","VIa"
"COD","2009 VIa data","Division","2009","No","-167.265050112942","-0.0787468843682249","-1.58705720035033","VIa"
"COD","2010 VIa data","Division","2010","No","85.7400245896303","0.514317240675784","-0.09718589359209","VIa"
"COD","2011 VIa data","Division","2011","No",NA,NA,NA,"VIa"
"COD","2012 VIa data","Division","2012","No","-4.76964285714229","-0.224778874654942","-8.92947183118238","VIa"
"COD","2013 VIa data","Division","2013","No",NA,NA,NA,"VIa"
"COD","2014 VIa data","Division","2014","No","109.254425849732","0.282946587381075","-0.41515674467636","VIa"
"COD","2015 VIa data","Division","2015","No","-301.260739260746","-0.0438922685571523","-1.63696405982814","VIa"
"COD","2016 VIa data","Division","2016","No","107.200452986961","0.271284282303018","-0.569912874212478","VIa"
"COD","2017 VIa data","Division","2017","No","107.116189699042","0.277527788637534","-0.454354179447413","VIa"
"COD","2018 VIa data","Division","2018","No",NA,NA,NA,"VIa"
"COD","2019 VIa data","Division","2019","No","93.3615084759417","0.382231921376313","-0.427592344707914","VIa"
"COD","2020 VIa data","Division","2020","No","62.2351383614708","0.832411761489877","-0.343426704369218","VIa"
"COD","2021 VIa data","Division","2021","No","69.9528301886792","0.921988752988793","0.128097296852172","VIa"
"COD","2022 VIa data","Division","2022","No","69.0215314986082","1.36655643578562","0.425027588978161","VIa"
"COD","2024 VIa data","Division","2024","No",NA,NA,NA,"VIa"
"COD","2025 VIa data","Division","2025","No",NA,NA,NA,"VIa"
"COD","2003 VIIb data","Division","2003","No",NA,NA,NA,"VIIb"
"COD","2004 VIIb data","Division","2004","No",NA,NA,NA,"VIIb"
"COD","2005 VIIb data","Division","2005","No",NA,NA,NA,"VIIb"
"COD","2006 VIIb data","Division","2006","No",NA,NA,NA,"VIIb"
"COD","2007 VIIb data","Division","2007","No",NA,NA,NA,"VIIb"
"COD","2008 VIIb data","Division","2008","No",NA,NA,NA,"VIIb"
"COD","2009 VIIb data","Division","2009","No",NA,NA,NA,"VIIb"
"COD","2010 VIIb data","Division","2010","No",NA,NA,NA,"VIIb"
"COD","2011 VIIb data","Division","2011","No",NA,NA,NA,"VIIb"
"COD","2012 VIIb data","Division","2012","No",NA,NA,NA,"VIIb"
"COD","2013 VIIb data","Division","2013","No",NA,NA,NA,"VIIb"
"COD","2014 VIIb data","Division","2014","No","95.9198743501078","1.01485729601982","0.374073874401416","VIIb"
"COD","2015 VIIb data","Division","2015","No","107","0.200670695462151","-1.84139878078339","VIIb"
"COD","2016 VIIb data","Division","2016","No",NA,NA,NA,"VIIb"
"COD","2017 VIIb data","Division","2017","No","131.219071069086","0.244486461586668","-0.632028839626088","VIIb"
"COD","2018 VIIb data","Division","2018","No",NA,NA,NA,"VIIb"
"COD","2019 VIIb data","Division","2019","No",NA,NA,NA,"VIIb"
"COD","2020 VIIb data","Division","2020","No",NA,NA,NA,"VIIb"
"COD","2021 VIIb data","Division","2021","No",NA,NA,NA,"VIIb"
"COD","2022 VIIb data","Division","2022","No",NA,NA,NA,"VIIb"
"COD","2023 VIIb data","Division","2023","No",NA,NA,NA,"VIIb"
"COD","2024 VIIb data","Division","2024","No",NA,NA,NA,"VIIb"
"COD","2025 VIIb data","Division","2025","No",NA,NA,NA,"VIIb"
"COD","2015 VIIc data","Division","2015","No",NA,NA,NA,"VIIc"
"COD","2016 VIIc data","Division","2016","No",NA,NA,NA,"VIIc"
"COD","2019 VIIc data","Division","2019","No",NA,NA,NA,"VIIc"
"COD","2021 VIIc data","Division","2021","No",NA,NA,NA,"VIIc"
"COD","2003 VIIg data","Division","2003","No","104.348100033646","0.546805130700688","-0.00255818633002823","VIIg"
"COD","2004 VIIg data","Division","2004","No","158.230017852041","0.191360351893198","-0.547454670241619","VIIg"
"COD","2005 VIIg data","Division","2005","No","90.4062963078749","0.406019244839372","-0.53630346717467","VIIg"
"COD","2006 VIIg data","Division","2006","No","118.927936177734","0.351603326384482","-0.167860984138535","VIIg"
"COD","2007 VIIg data","Division","2007","No","213.078576455067","0.14270657896045","-0.423205269479622","VIIg"
"COD","2008 VIIg data","Division","2008","No","283.19048461817","0.0850362413302526","-0.943123922916389","VIIg"
"COD","2009 VIIg data","Division","2009","No",NA,NA,NA,"VIIg"
"COD","2010 VIIg data","Division","2010","No","236.319083561592","0.123145242871745","-0.374185125172169","VIIg"
"COD","2011 VIIg data","Division","2011","No",NA,NA,NA,"VIIg"
"COD","2012 VIIg data","Division","2012","No",NA,NA,NA,"VIIg"
"COD","2013 VIIg data","Division","2013","No","232.614102383755","0.10480930522227","-0.826867078920581","VIIg"
"COD","2014 VIIg data","Division","2014","No","102.630490704396","0.583288628809639","0.167722879048563","VIIg"
"COD","2015 VIIg data","Division","2015","No",NA,NA,NA,"VIIg"
"COD","2016 VIIg data","Division","2016","No","101.729579805148","0.593878919213528","0.129886963077566","VIIg"
"COD","2017 VIIg data","Division","2017","No","148.148213437251","0.212104756185111","-0.77637150638479","VIIg"
"COD","2018 VIIg data","Division","2018","No","132.972628295812","0.248056860808626","-0.703726065430814","VIIg"
"COD","2019 VIIg data","Division","2019","No","120.909296614757","0.347095185895163","-0.0795397875351431","VIIg"
"COD","2020 VIIg data","Division","2020","No",NA,NA,NA,"VIIg"
"COD","2021 VIIg data","Division","2021","No","134.586566971401","0.282873032843533","-0.362609407066249","VIIg"
"COD","2022 VIIg data","Division","2022","No","163.805736922912","0.202718710480845","-0.395866420519584","VIIg"
"COD","2023 VIIg data","Division","2023","No",NA,NA,NA,"VIIg"
"COD","2024 VIIg data","Division","2024","No","125.666666660256","0.263046547974374","-0.685281424818672","VIIg"
"COD","2025 VIIg data","Division","2025","No",NA,NA,NA,"VIIg"
"COD","2003 VIIj data","Division","2003","No","85.7177033492823","2.07526617026936","0.695351852132766","VIIj"
"COD","2004 VIIj data","Division","2004","No",NA,NA,NA,"VIIj"
"COD","2005 VIIj data","Division","2005","No",NA,NA,NA,"VIIj"
"COD","2006 VIIj data","Division","2006","No",NA,NA,NA,"VIIj"
"COD","2007 VIIj data","Division","2007","No",NA,NA,NA,"VIIj"
"COD","2008 VIIj data","Division","2008","No","86.5095238095238","0.791587253373198","-0.00614138209722603","VIIj"
"COD","2009 VIIj data","Division","2009","No",NA,NA,NA,"VIIj"
"COD","2010 VIIj data","Division","2010","No",NA,NA,NA,"VIIj"
"COD","2011 VIIj data","Division","2011","No","77.8864192099006","0.903688727584763","0.0650808427099718","VIIj"
"COD","2012 VIIj data","Division","2012","No","78.5453703703704","2.79902197930792","1.33600789795052","VIIj"
"COD","2013 VIIj data","Division","2013","No","103.499999990585","0.405465108858569","-0.604546350262413","VIIj"
"COD","2014 VIIj data","Division","2014","No","100.967693266511","0.969297589129957","0.456876312423844","VIIj"
"COD","2015 VIIj data","Division","2015","No",NA,NA,NA,"VIIj"
"COD","2016 VIIj data","Division","2016","No","115.50567274051","0.378816952908123","-0.36550671468791","VIIj"
"COD","2017 VIIj data","Division","2017","No",NA,NA,NA,"VIIj"
"COD","2018 VIIj data","Division","2018","No","109.503658626775","0.501999681895748","-0.0731599085489122","VIIj"
"COD","2019 VIIj data","Division","2019","No",NA,NA,NA,"VIIj"
"COD","2020 VIIj data","Division","2020","No",NA,NA,NA,"VIIj"
"COD","2021 VIIj data","Division","2021","No","142.36811388442","0.193335623814082","-1.05508179700411","VIIj"
"COD","2022 VIIj data","Division","2022","No",NA,NA,NA,"VIIj"
"COD","2023 VIIj data","Division","2023","No",NA,NA,NA,"VIIj"
"COD","2025 VIIj data","Division","2025","No",NA,NA,NA,"VIIj"
"COD","2007 VIIk data","Division","2007","No",NA,NA,NA,"VIIk"
"DGS","2004 VIa data","Division","2004","No","74.8122670495494","0.262536008085924","-2.86905376502495","VIa"
"DGS","2004 VIIb data","Division","2004","No","75.1280276978054","0.799246811547978","2.77917124986739","VIIb"
"DGS","2004 VIIg data","Division","2004","No","85.0551767945289","0.233415003973647","-0.868768421920918","VIIg"
"DGS","2004 VIIj data","Division","2004","No",NA,NA,NA,"VIIj"
"HAD","2003 VIa data","Division","2003","No","45.8880126605804","0.405478197128425","-1.12326189016342","VIa"
"HAD","2004 VIa data","Division","2004","No","45.214307725714","0.328770113476833","-1.33169613245556","VIa"
"HAD","2005 VIa data","Division","2005","No","48.2866721280391","0.297468748449299","-1.57781803089053","VIa"
"HAD","2006 VIa data","Division","2006","No","56.8705805224639","0.168018637705445","-2.48552213247556","VIa"
"HAD","2007 VIa data","Division","2007","No","43.9729951214529","0.448855309762749","-1.10254293770314","VIa"
"HAD","2008 VIa data","Division","2008","No","43.2959742190285","0.528608696854764","-0.729709984578952","VIa"
"HAD","2009 VIa data","Division","2009","No","41.0746519267098","0.539230723548229","-0.99727792394249","VIa"
"HAD","2010 VIa data","Division","2010","No","44.4394813231004","0.406282402140062","-1.38487946288766","VIa"
"HAD","2011 VIa data","Division","2011","No","46.8254818610018","0.335191501213804","-1.40765712115688","VIa"
"HAD","2012 VIa data","Division","2012","No","49.0791389160081","0.297193668407838","-1.45964819760702","VIa"
"HAD","2013 VIa data","Division","2013","No","46.450374919792","0.37599694630686","-1.11073604172325","VIa"
"HAD","2014 VIa data","Division","2014","No","43.492341411245","0.488970462818433","-1.02882369620215","VIa"
"HAD","2015 VIa data","Division","2015","No","47.2664388036625","0.376704198272898","-1.14898769984459","VIa"
"HAD","2016 VIa data","Division","2016","No","48.1472390004777","0.353704323096502","-1.05407468961745","VIa"
"HAD","2017 VIa data","Division","2017","No","47.7639085896589","0.409844912972527","-0.896422778338025","VIa"
"HAD","2018 VIa data","Division","2018","No","56.1516072440049","0.174328598871267","-2.18328020748332","VIa"
"HAD","2019 VIa data","Division","2019","No","40.6662331065297","0.458074638090328","-1.23840894972744","VIa"
"HAD","2020 VIa data","Division","2020","No","44.0384726428514","0.33450109884783","-1.56226016355065","VIa"
"HAD","2021 VIa data","Division","2021","No","43.8806320275367","0.374821931378797","-1.29103524648934","VIa"
"HAD","2022 VIa data","Division","2022","No","45.0002385573356","0.346121689148098","-1.2008623416968","VIa"
"HAD","2023 VIa data","Division","2023","No","45.7137454669105","0.278637172838085","-1.60693302761459","VIa"
"HAD","2024 VIa data","Division","2024","No","50.158203961954","0.231099129902512","-1.86393937506408","VIa"
"HAD","2025 VIa data","Division","2025","No","42.481022863355","0.392323122723288","-1.28370557869708","VIa"
"HAD","2003 VIIb data","Division","2003","No","53.5899664408815","0.261743481206526","-1.24876009619614","VIIb"
"HAD","2004 VIIb data","Division","2004","No","45.5514493763622","0.291723913274531","-1.443006966407","VIIb"
"HAD","2005 VIIb data","Division","2005","No","88.6324095310109","0.0840713647258624","-2.63805885802402","VIIb"
"HAD","2006 VIIb data","Division","2006","No","44.6623161641678","0.310774733151551","-1.59594910216489","VIIb"
"HAD","2007 VIIb data","Division","2007","No","47.6123779159408","0.280263758703637","-1.72323424193227","VIIb"
"HAD","2008 VIIb data","Division","2008","No","43.1981970640078","0.45434951152726","-0.985241673863972","VIIb"
"HAD","2009 VIIb data","Division","2009","No","48.7061091914893","0.321204510421127","-1.35845413241338","VIIb"
"HAD","2010 VIIb data","Division","2010","No","47.4695501462297","0.297971810590854","-1.53342125235752","VIIb"
"HAD","2011 VIIb data","Division","2011","No","79.9322205543","0.114873923518931","-2.12348656558722","VIIb"
"HAD","2012 VIIb data","Division","2012","No","57.2692470211463","0.219754405457782","-1.70317434575721","VIIb"
"HAD","2013 VIIb data","Division","2013","No","61.6414119789131","0.179470816002536","-1.92722091428996","VIIb"
"HAD","2014 VIIb data","Division","2014","No","49.3825259079916","0.432635237036684","-1.01069486336012","VIIb"
"HAD","2015 VIIb data","Division","2015","No","46.3845116933728","0.445422273381555","-0.983019613413362","VIIb"
"HAD","2016 VIIb data","Division","2016","No","46.6048080505724","0.362310098228159","-1.19598700427109","VIIb"
"HAD","2017 VIIb data","Division","2017","No","48.9013987968086","0.343904947979729","-1.26445272779956","VIIb"
"HAD","2018 VIIb data","Division","2018","No","57.0110502570061","0.192289325908807","-1.95836277604042","VIIb"
"HAD","2019 VIIb data","Division","2019","No","44.4175814144552","0.512567501008744","-0.838547131936519","VIIb"
"HAD","2020 VIIb data","Division","2020","No","46.7749573626045","0.311718493360979","-1.40087084356004","VIIb"
"HAD","2021 VIIb data","Division","2021","No","46.0551808656967","0.329175337703465","-1.3991790886805","VIIb"
"HAD","2022 VIIb data","Division","2022","No","46.5053774429932","0.346205267406318","-1.22687463603877","VIIb"
"HAD","2023 VIIb data","Division","2023","No","51.3576455821009","0.250547158520381","-1.49916649989544","VIIb"
"HAD","2024 VIIb data","Division","2024","No","55.9468019038331","0.205894604373706","-1.81126871280035","VIIb"
"HAD","2025 VIIb data","Division","2025","No","50.1655726103234","0.275090248405022","-1.59342552913281","VIIb"
"HAD","2006 VIIc data","Division","2006","No",NA,NA,NA,"VIIc"
"HAD","2008 VIIc data","Division","2008","No","37.5741532164669","3.32354135454733","-0.188645863886447","VIIc"
"HAD","2009 VIIc data","Division","2009","No",NA,NA,NA,"VIIc"
"HAD","2010 VIIc data","Division","2010","No","45.572142918664","0.789265931679597","-0.260169154165424","VIIc"
"HAD","2012 VIIc data","Division","2012","No",NA,NA,NA,"VIIc"
"HAD","2013 VIIc data","Division","2013","No","48.5774328704404","0.395336803559933","-1.43263926834085","VIIc"
"HAD","2014 VIIc data","Division","2014","No",NA,NA,NA,"VIIc"
"HAD","2015 VIIc data","Division","2015","No",NA,NA,NA,"VIIc"
"HAD","2016 VIIc data","Division","2016","No","64.0099757679261","0.227622872788822","-1.7611105017174","VIIc"
"HAD","2018 VIIc data","Division","2018","No","54.9034115551524","0.330461852701401","-1.36197512472383","VIIc"
"HAD","2019 VIIc data","Division","2019","No","54.2901400809333","0.331323697659296","-1.53884213264974","VIIc"
"HAD","2020 VIIc data","Division","2020","No",NA,NA,NA,"VIIc"
"HAD","2021 VIIc data","Division","2021","No",NA,NA,NA,"VIIc"
"HAD","2022 VIIc data","Division","2022","No","55.3687443634688","0.327174464203231","-1.62701913177955","VIIc"
"HAD","2023 VIIc data","Division","2023","No",NA,NA,NA,"VIIc"
"HAD","2024 VIIc data","Division","2024","No",NA,NA,NA,"VIIc"
"HAD","2025 VIIc data","Division","2025","No",NA,NA,NA,"VIIc"
"HAD","2003 VIIg data","Division","2003","No","301.759210940704","0.0410395209347138","-1.37574129817746","VIIg"
"HAD","2004 VIIg data","Division","2004","No",NA,NA,NA,"VIIg"
"HAD","2005 VIIg data","Division","2005","No","58.1719930343847","0.269023740257895","-1.40743257318822","VIIg"
"HAD","2006 VIIg data","Division","2006","No",NA,NA,NA,"VIIg"
"HAD","2007 VIIg data","Division","2007","No","66.33440355862","0.240350792424718","-1.46023621173998","VIIg"
"HAD","2008 VIIg data","Division","2008","No",NA,NA,NA,"VIIg"
"HAD","2009 VIIg data","Division","2009","No","67.2347210733572","0.256887336385931","-1.25448726578983","VIIg"
"HAD","2010 VIIg data","Division","2010","No","88.449045045691","0.174011617281513","-1.14888020903524","VIIg"
"HAD","2011 VIIg data","Division","2011","No","194.082215088546","0.0466961476670174","-2.09072367790796","VIIg"
"HAD","2012 VIIg data","Division","2012","No","134.956322124384","0.0671099938888826","-2.30047005163361","VIIg"
"HAD","2013 VIIg data","Division","2013","No","51.4392145023251","0.394688187444409","-1.10225641508438","VIIg"
"HAD","2014 VIIg data","Division","2014","No","52.3521262253236","0.469981771424746","-0.874903730641743","VIIg"
"HAD","2015 VIIg data","Division","2015","No","58.1453596679595","0.369992004475458","-1.02173294919455","VIIg"
"HAD","2016 VIIg data","Division","2016","No","64.4075708875241","0.297382618459091","-1.03223087269618","VIIg"
"HAD","2017 VIIg data","Division","2017","No","75.5859493967103","0.199339931690425","-1.36983570102427","VIIg"
"HAD","2018 VIIg data","Division","2018","No","67.0136104632385","0.232306145631216","-1.39089377329028","VIIg"
"HAD","2019 VIIg data","Division","2019","No","61.4899620827877","0.252059559222525","-1.36833707911308","VIIg"
"HAD","2020 VIIg data","Division","2020","No","72.0166826465259","0.206382042806069","-1.27191875649488","VIIg"
"HAD","2021 VIIg data","Division","2021","No","103.453839953551","0.0986301868122945","-2.0410666355611","VIIg"
"HAD","2022 VIIg data","Division","2022","No","58.0197682745503","0.263330232830701","-1.41223075084936","VIIg"
"HAD","2023 VIIg data","Division","2023","No","56.4479782545154","0.254952446971177","-1.39021220560858","VIIg"
"HAD","2024 VIIg data","Division","2024","No","68.8716664522693","0.147872587136673","-2.10944105327592","VIIg"
"HAD","2025 VIIg data","Division","2025","No","53.1348385969864","0.250808836480654","-1.74127032005048","VIIg"
"HAD","2003 VIIj data","Division","2003","No","63.7254236374239","0.298746085443722","-0.927607631524669","VIIj"
"HAD","2004 VIIj data","Division","2004","No","161.205712256514","0.0554892535637498","-2.00927200306912","VIIj"
"HAD","2005 VIIj data","Division","2005","No",NA,NA,NA,"VIIj"
"HAD","2006 VIIj data","Division","2006","No","59.1216257717671","0.26162474398136","-1.535733508419","VIIj"
"HAD","2007 VIIj data","Division","2007","No",NA,NA,NA,"VIIj"
"HAD","2008 VIIj data","Division","2008","No","64.6841604205448","0.299984804636368","-1.13094349328137","VIIj"
"HAD","2009 VIIj data","Division","2009","No","65.6256308291273","0.28857707807631","-1.09627215039775","VIIj"
"HAD","2010 VIIj data","Division","2010","No","91.1078133689381","0.143049288527766","-1.3594742552565","VIIj"
"HAD","2011 VIIj data","Division","2011","No",NA,NA,NA,"VIIj"
"HAD","2012 VIIj data","Division","2012","No","72.3433449442359","0.146641993400909","-2.37323414798492","VIIj"
"HAD","2013 VIIj data","Division","2013","No","58.1123722051399","0.307488190250869","-1.20181777573954","VIIj"
"HAD","2014 VIIj data","Division","2014","No","57.5221355576957","0.396923697776536","-0.857001522915438","VIIj"
"HAD","2015 VIIj data","Division","2015","No","60.0038480699073","0.356728223260514","-1.00171101747695","VIIj"
"HAD","2016 VIIj data","Division","2016","No","63.286601604727","0.335371058704666","-0.89377614693073","VIIj"
"HAD","2017 VIIj data","Division","2017","No","68.986723623147","0.269218755256598","-1.10713136255822","VIIj"
"HAD","2018 VIIj data","Division","2018","No","61.6422647597711","0.335460811726786","-1.03017881081672","VIIj"
"HAD","2019 VIIj data","Division","2019","No","72.446675558272","0.251465747965978","-0.988694362873481","VIIj"
"HAD","2020 VIIj data","Division","2020","No","71.5644429100837","0.201001480221704","-1.37189313437101","VIIj"
"HAD","2021 VIIj data","Division","2021","No","75.8598481469773","0.173902201507599","-1.51623537885041","VIIj"
"HAD","2022 VIIj data","Division","2022","No","76.6586390239493","0.189227063728593","-1.35501345227509","VIIj"
"HAD","2023 VIIj data","Division","2023","No","74.2653975369485","0.165808796552895","-1.74050881737166","VIIj"
"HAD","2024 VIIj data","Division","2024","No","75.8401009444599","0.163163175415852","-1.78680406513157","VIIj"
"HAD","2025 VIIj data","Division","2025","No","67.0516068295918","0.211157875780454","-1.49854806427517","VIIj"
"HAD","2008 VIIk data","Division","2008","No",NA,NA,NA,"VIIk"
"HER","2003 VIa data","Division","2003","No","31.5473953473064","0.261385355952935","-3.23508658753773","VIa"
"HER","2004 VIa data","Division","2004","No","29.0128335661186","0.721332757549332","-0.853556376574241","VIa"
"HER","2005 VIa data","Division","2005","No","29.288964879027","0.522796778698168","-1.54642508082066","VIa"
"HER","2006 VIa data","Division","2006","No","30.5524131528337","0.46188662374316","-1.5633882290105","VIa"
"HER","2007 VIa data","Division","2007","No","30.8162369420432","0.403417865629435","-1.91756929812901","VIa"
"HER","2008 VIa data","Division","2008","No","30.0938992121634","0.528688961801286","-1.49782168630701","VIa"
"HER","2009 VIa data","Division","2009","No","29.6745096269495","0.678239382303607","-0.916706914627758","VIa"
"HER","2010 VIa data","Division","2010","No","30.9686957053289","0.464220497210651","-1.68993252430366","VIa"
"HER","2011 VIa data","Division","2011","No","31.1158857981385","0.418629408325519","-2.24177634913245","VIa"
"HER","2012 VIa data","Division","2012","No","30.4037791706906","0.50359592712509","-1.48941743667482","VIa"
"HER","2013 VIa data","Division","2013","No","30.6933665025275","0.508149434569817","-1.13066680952599","VIa"
"HER","2014 VIa data","Division","2014","No","30.2502970497072","0.502534702114708","-1.32538090033629","VIa"
"HER","2015 VIa data","Division","2015","No","29.6908922510814","0.53394163867424","-1.14506182741575","VIa"
"HER","2016 VIa data","Division","2016","No","30.2576073658318","0.503081751369655","-1.11456152247101","VIa"
"HER","2017 VIa data","Division","2017","No","29.5949316126284","0.4837004530316","-1.19645551898478","VIa"
"HER","2018 VIa data","Division","2018","No","29.349399918593","0.421820991822309","-1.56699132249243","VIa"
"HER","2019 VIa data","Division","2019","No","29.2759001621824","0.503623505546108","-1.31871350196647","VIa"
"HER","2020 VIa data","Division","2020","No","28.695004719863","0.571823611371587","-1.16615756642053","VIa"
"HER","2021 VIa data","Division","2021","No","29.3799575256483","0.511396386483723","-1.15889321695297","VIa"
"HER","2022 VIa data","Division","2022","No","28.668392152037","0.50381358429713","-1.46805796328099","VIa"
"HER","2023 VIa data","Division","2023","No","28.2605666716437","0.617394969610949","-1.03794210865575","VIa"
"HER","2024 VIa data","Division","2024","No","28.5981656093864","0.582871381431732","-1.2057841144768","VIa"
"HER","2025 VIa data","Division","2025","No","27.8093784193293","0.634864153577147","-1.03245433247819","VIa"
"HER","2003 VIIb data","Division","2003","No","29.1033601294502","0.510906204603708","-1.4230404868721","VIIb"
"HER","2004 VIIb data","Division","2004","No","29.4072440177422","0.704161006567507","-0.827539234904888","VIIb"
"HER","2005 VIIb data","Division","2005","No","29.5747205198494","0.652624653277821","-0.997875072658536","VIIb"
"HER","2006 VIIb data","Division","2006","No","29.0310283140428","0.708464596601629","-0.986817673667123","VIIb"
"HER","2007 VIIb data","Division","2007","No","30.5981777588216","0.416871156108017","-2.08282150326383","VIIb"
"HER","2008 VIIb data","Division","2008","No","31.1729275340065","0.25401993612074","-4.85117421440785","VIIb"
"HER","2009 VIIb data","Division","2009","No","29.8656481972349","0.701964888571102","-0.994765539350533","VIIb"
"HER","2010 VIIb data","Division","2010","No","32.473239130238","0.395037280077185","-1.74146122065491","VIIb"
"HER","2011 VIIb data","Division","2011","No","31.2105493525987","0.426536953071513","-1.6164861178858","VIIb"
"HER","2012 VIIb data","Division","2012","No","29.4392236439686","0.639355063292799","-1.07736835133378","VIIb"
"HER","2013 VIIb data","Division","2013","No","29.4818416712031","0.580396969230347","-1.04216214655818","VIIb"
"HER","2014 VIIb data","Division","2014","No",NA,NA,NA,"VIIb"
"HER","2015 VIIb data","Division","2015","No","30.2523791529216","0.447375876351677","-1.41361852858011","VIIb"
"HER","2016 VIIb data","Division","2016","No","30.8956525175778","0.394056529439176","-1.72513614885121","VIIb"
"HER","2017 VIIb data","Division","2017","No","28.1450016142266","0.775723834612832","-0.842770609643824","VIIb"
"HER","2018 VIIb data","Division","2018","No","30.6122951055162","0.423626690046406","-1.31651990658058","VIIb"
"HER","2019 VIIb data","Division","2019","No","29.4077759227255","0.393118283283596","-1.66092069003308","VIIb"
"HER","2020 VIIb data","Division","2020","No","49.12688867119","0.141790514943942","-2.470790063006","VIIb"
"HER","2021 VIIb data","Division","2021","No","49.345760329115","0.153207598027498","-2.1520884009558","VIIb"
"HER","2022 VIIb data","Division","2022","No",NA,NA,NA,"VIIb"
"HER","2023 VIIb data","Division","2023","No","28.8131656440841","0.39590647115346","-2.31815607527423","VIIb"
"HER","2024 VIIb data","Division","2024","No",NA,NA,NA,"VIIb"
"HER","2025 VIIb data","Division","2025","No",NA,NA,NA,"VIIb"
"HER","2003 VIIg data","Division","2003","No","26.9563495527497","0.708472662462302","-1.17763811405907","VIIg"
"HER","2004 VIIg data","Division","2004","No","28.6747811322236","0.445021099485692","-1.70980887155896","VIIg"
"HER","2005 VIIg data","Division","2005","No","29.8655264587131","0.470997072849387","-1.52085869562393","VIIg"
"HER","2006 VIIg data","Division","2006","No","27.9685893693807","0.592033290613572","-1.26474982464841","VIIg"
"HER","2007 VIIg data","Division","2007","No","29.1061419590883","0.427076852773551","-1.84259788559542","VIIg"
"HER","2008 VIIg data","Division","2008","No","27.5976584067945","0.769436306795331","-0.698119967726583","VIIg"
"HER","2009 VIIg data","Division","2009","No","27.6362473925565","0.637642772827938","-1.24807782020417","VIIg"
"HER","2010 VIIg data","Division","2010","No","28.719991398744","0.510722347129124","-1.46238632778185","VIIg"
"HER","2011 VIIg data","Division","2011","No","27.8450317682554","0.556407230824264","-1.35558408721165","VIIg"
"HER","2012 VIIg data","Division","2012","No","27.6920532129447","0.58037901887575","-1.21592196861969","VIIg"
"HER","2013 VIIg data","Division","2013","No","28.2024423082497","0.526992211393352","-1.31483782986987","VIIg"
"HER","2014 VIIg data","Division","2014","No","27.3481277361738","0.696726140077721","-0.953461850015858","VIIg"
"HER","2015 VIIg data","Division","2015","No","27.1712129890486","0.643968177272725","-0.988160532837032","VIIg"
"HER","2016 VIIg data","Division","2016","No","28.0118298262358","0.496823447521854","-1.32220017406552","VIIg"
"HER","2017 VIIg data","Division","2017","No","27.583331087994","0.536051590171647","-1.20097604759496","VIIg"
"HER","2018 VIIg data","Division","2018","No","28.913323017631","0.487446223649717","-1.20522840392589","VIIg"
"HER","2019 VIIg data","Division","2019","No","27.8287734181116","0.551383652784429","-1.27063106334609","VIIg"
"HER","2020 VIIg data","Division","2020","No","24.3019165379247","0.802016637758346","-0.845010341398557","VIIg"
"HER","2021 VIIg data","Division","2021","No","28.3739514673925","0.462098160994214","-1.45899891380317","VIIg"
"HER","2022 VIIg data","Division","2022","No","26.0062755655503","0.703562998088093","-0.957645410265915","VIIg"
"HER","2023 VIIg data","Division","2023","No","26.7233891614161","0.5562212518291","-1.26648094311253","VIIg"
"HER","2024 VIIg data","Division","2024","No","25.3917518305063","0.857335654690506","-0.863207600482106","VIIg"
"HER","2025 VIIg data","Division","2025","No",NA,NA,NA,"VIIg"
"HER","2003 VIIj data","Division","2003","No",NA,NA,NA,"VIIj"
"HER","2004 VIIj data","Division","2004","No","27.6455872396806","0.929684923147993","-0.89013111815552","VIIj"
"HER","2005 VIIj data","Division","2005","No",NA,NA,NA,"VIIj"
"HER","2006 VIIj data","Division","2006","No",NA,NA,NA,"VIIj"
"HER","2007 VIIj data","Division","2007","No","33.7039726265261","0.33969718658547","-2.01375758524598","VIIj"
"HER","2009 VIIj data","Division","2009","No","27.6998745297286","0.988645788619611","-0.91561535132936","VIIj"
"HER","2010 VIIj data","Division","2010","No","29.1340949066825","0.45003695423963","-1.86130454347581","VIIj"
"HER","2011 VIIj data","Division","2011","No",NA,NA,NA,"VIIj"
"HER","2012 VIIj data","Division","2012","No",NA,NA,NA,"VIIj"
"HER","2013 VIIj data","Division","2013","No","27.4350375239348","0.892089177359157","-0.776173774544426","VIIj"
"HER","2014 VIIj data","Division","2014","No","28.7252235930609","0.480828550983443","-1.46097804644884","VIIj"
"HER","2015 VIIj data","Division","2015","No",NA,NA,NA,"VIIj"
"HER","2016 VIIj data","Division","2016","No","29.5589841739065","0.514153930027868","-1.25407340408148","VIIj"
"HER","2017 VIIj data","Division","2017","No","26.4454858552004","0.692869967194355","-1.25073854203164","VIIj"
"HER","2018 VIIj data","Division","2018","No",NA,NA,NA,"VIIj"
"HER","2019 VIIj data","Division","2019","No","26.1606188204282","0.672477098353767","-1.24913218384873","VIIj"
"HER","2020 VIIj data","Division","2020","No",NA,NA,NA,"VIIj"
"HER","2021 VIIj data","Division","2021","No","26.1898445998833","0.831591523219911","-0.972624707767868","VIIj"
"HER","2022 VIIj data","Division","2022","No","27.1092208201976","0.606317991008971","-1.15356077552459","VIIj"
"HER","2023 VIIj data","Division","2023","No",NA,NA,NA,"VIIj"
"HER","2024 VIIj data","Division","2024","No","27.8586905473322","0.627669535632698","-1.1376500121433","VIIj"
"HER","2025 VIIj data","Division","2025","No",NA,NA,NA,"VIIj"
"HOM","2003 VIa data","Division","2003","No","34.535626338436","0.245673638247678","-1.52675716289143","VIa"
"HOM","2004 VIa data","Division","2004","No","33.7045623498493","0.321340492311398","-0.932059359292953","VIa"
"HOM","2005 VIa data","Division","2005","No","33.6431504008235","0.319984995591154","-0.974619713761917","VIa"
"HOM","2006 VIa data","Division","2006","No","35.1356520686838","0.228378228268224","-1.19842649085834","VIa"
"HOM","2007 VIa data","Division","2007","No","35.8400863785149","0.190728365059078","-1.75423049757358","VIa"
"HOM","2008 VIa data","Division","2008","No","36.5393750271786","0.192713650491919","-1.57541562527572","VIa"
"HOM","2009 VIa data","Division","2009","No","34.4510165776759","0.24355374364414","-1.41589550822261","VIa"
"HOM","2010 VIa data","Division","2010","No","34.2454263710011","0.268417533111423","-1.71088663051219","VIa"
"HOM","2011 VIa data","Division","2011","No","33.0764819695908","0.34658438240287","-0.958198381088794","VIa"
"HOM","2012 VIa data","Division","2012","No","33.4492126581987","0.333805562002122","-0.761370822956727","VIa"
"HOM","2013 VIa data","Division","2013","No","33.141763778685","0.325877977483225","-1.12608054987823","VIa"
"HOM","2014 VIa data","Division","2014","No","33.4210321784002","0.350483117388014","-0.966353708638497","VIa"
"HOM","2015 VIa data","Division","2015","No","34.7949033017633","0.288231251109083","-1.36662335236509","VIa"
"HOM","2016 VIa data","Division","2016","No","34.6507239385369","0.295351486964629","-1.05900002582258","VIa"
"HOM","2017 VIa data","Division","2017","No","34.7546237888565","0.289839930404301","-1.17891263279956","VIa"
"HOM","2018 VIa data","Division","2018","No","36.0060130497023","0.238998388874686","-1.6800525980425","VIa"
"HOM","2019 VIa data","Division","2019","No","36.2987638212434","0.222438780437836","-1.91232702194022","VIa"
"HOM","2020 VIa data","Division","2020","No","35.2522177830907","0.273576558014974","-1.28960325764877","VIa"
"HOM","2021 VIa data","Division","2021","No","35.1478960106864","0.267801431904791","-1.25755841884495","VIa"
"HOM","2022 VIa data","Division","2022","No","35.6899928792993","0.242540962571657","-1.52451144987554","VIa"
"HOM","2024 VIa data","Division","2024","No","34.4519080790762","0.316947690452362","-1.28457601533362","VIa"
"HOM","2025 VIa data","Division","2025","No","34.1149134709865","0.365287645883341","-1.05786317052834","VIa"
"HOM","2003 VIIb data","Division","2003","No","34.6722303392998","0.25409694970715","-1.41479781178668","VIIb"
"HOM","2004 VIIb data","Division","2004","No","29.6814112853542","0.45972209370926","-0.837101244689837","VIIb"
"HOM","2005 VIIb data","Division","2005","No","33.9734648604915","0.288163993417542","-1.13386473813659","VIIb"
"HOM","2006 VIIb data","Division","2006","No","34.8773575184565","0.201428762184345","-1.65257648503818","VIIb"
"HOM","2007 VIIb data","Division","2007","No","36.1091879579928","0.192688067780345","-1.83732749051529","VIIb"
"HOM","2008 VIIb data","Division","2008","No","34.9804415133695","0.208174492719797","-2.19832070568926","VIIb"
"HOM","2009 VIIb data","Division","2009","No","32.0382928890015","0.387215470111087","-1.03135199424263","VIIb"
"HOM","2010 VIIb data","Division","2010","No","32.9993946024978","0.349485879720955","-1.10538496551574","VIIb"
"HOM","2011 VIIb data","Division","2011","No","32.707353287035","0.333549769414772","-1.03404175521453","VIIb"
"HOM","2012 VIIb data","Division","2012","No","34.2139246200388","0.303869059632852","-0.996495149536346","VIIb"
"HOM","2013 VIIb data","Division","2013","No","35.2543675527768","0.270249028918777","-1.40152501531492","VIIb"
"HOM","2014 VIIb data","Division","2014","No","34.5387066124161","0.326909508840121","-1.2061509936816","VIIb"
"HOM","2015 VIIb data","Division","2015","No","35.0633104637368","0.293260314184907","-1.28874178951732","VIIb"
"HOM","2016 VIIb data","Division","2016","No","36.2491723586764","0.245017875456969","-1.41469212091393","VIIb"
"HOM","2017 VIIb data","Division","2017","No","35.4128718354472","0.268371664348725","-1.43265901382727","VIIb"
"HOM","2018 VIIb data","Division","2018","No","35.3003727297244","0.279741178093567","-1.26704982015093","VIIb"
"HOM","2019 VIIb data","Division","2019","No","35.759314560074","0.268253406834762","-1.15702431033008","VIIb"
"HOM","2020 VIIb data","Division","2020","No","36.6899904680766","0.257572552744894","-1.13429218424302","VIIb"
"HOM","2021 VIIb data","Division","2021","No","37.413636310188","0.221293462678575","-1.46872410379548","VIIb"
"HOM","2022 VIIb data","Division","2022","No","37.2372676569854","0.221458783918282","-1.67256737516739","VIIb"
"HOM","2024 VIIb data","Division","2024","No","34.3177510300452","0.319940407969516","-1.23115420576545","VIIb"
"HOM","2025 VIIb data","Division","2025","No","35.1397769803737","0.310881202553383","-1.16870900190594","VIIb"
"HOM","2005 VIIc data","Division","2005","No",NA,NA,NA,"VIIc"
"HOM","2006 VIIc data","Division","2006","No",NA,NA,NA,"VIIc"
"HOM","2007 VIIc data","Division","2007","No",NA,NA,NA,"VIIc"
"HOM","2008 VIIc data","Division","2008","No",NA,NA,NA,"VIIc"
"HOM","2009 VIIc data","Division","2009","No",NA,NA,NA,"VIIc"
"HOM","2010 VIIc data","Division","2010","No","36.9938815876426","0.167736099088584","-2.89254001811179","VIIc"
"HOM","2012 VIIc data","Division","2012","No",NA,NA,NA,"VIIc"
"HOM","2013 VIIc data","Division","2013","No",NA,NA,NA,"VIIc"
"HOM","2014 VIIc data","Division","2014","No",NA,NA,NA,"VIIc"
"HOM","2015 VIIc data","Division","2015","No","35.5962875157738","0.256446954821757","-1.69494851692814","VIIc"
"HOM","2016 VIIc data","Division","2016","No","35.1228718621546","0.336217246804085","-0.643016260236046","VIIc"
"HOM","2018 VIIc data","Division","2018","No","37.2129585574916","0.249204923391755","-1.36405473255791","VIIc"
"HOM","2019 VIIc data","Division","2019","No","37.4289525991864","0.404424427929289","1.50128240582599","VIIc"
"HOM","2020 VIIc data","Division","2020","No","42.6198271808929","0.100597458536078","-6.35873135018139","VIIc"
"HOM","2021 VIIc data","Division","2021","No","37.0245389953906","0.212240978843613","-2.31967651110052","VIIc"
"HOM","2022 VIIc data","Division","2022","No","37.8282570987761","0.23636740967071","-1.28209204479574","VIIc"
"HOM","2024 VIIc data","Division","2024","No","35.4072878844027","0.193364348225954","-3.44316916508681","VIIc"
"HOM","2025 VIIc data","Division","2025","No",NA,NA,NA,"VIIc"
"HOM","2003 VIIg data","Division","2003","No","32.750677200052","0.347825653160071","-1.15311845072895","VIIg"
"HOM","2004 VIIg data","Division","2004","No","31.049100242747","0.439813569461378","-0.800855339494206","VIIg"
"HOM","2005 VIIg data","Division","2005","No","31.9920102201429","0.39745518332926","-0.771699939861386","VIIg"
"HOM","2006 VIIg data","Division","2006","No","27.571418852876","0.719184703460502","-0.593695663664989","VIIg"
"HOM","2007 VIIg data","Division","2007","No","36.1522780939059","0.339641397197188","-0.776700841745768","VIIg"
"HOM","2008 VIIg data","Division","2008","No","29.4549604884422","0.498519610942699","-0.775084622933684","VIIg"
"HOM","2009 VIIg data","Division","2009","No","31.5518722060729","0.42902972538056","-0.997621687494911","VIIg"
"HOM","2010 VIIg data","Division","2010","No","32.9341277305177","0.393603525526089","-0.920401289644727","VIIg"
"HOM","2011 VIIg data","Division","2011","No","34.9463508136767","0.299771770952562","-0.919176109419508","VIIg"
"HOM","2012 VIIg data","Division","2012","No","35.0188202630571","0.273746963195311","-1.2188361542833","VIIg"
"HOM","2013 VIIg data","Division","2013","No","36.8733351465507","0.234297348064789","-1.54706408016264","VIIg"
"HOM","2014 VIIg data","Division","2014","No","34.8078672424162","0.391464294301473","-1.01377792077439","VIIg"
"HOM","2015 VIIg data","Division","2015","No","37.7175403452682","0.289362060006892","-1.11203950231012","VIIg"
"HOM","2016 VIIg data","Division","2016","No","37.3419116935735","0.22901568954128","-1.54687014196046","VIIg"
"HOM","2017 VIIg data","Division","2017","No","39.2471226253934","0.224381125718329","-1.45261207207709","VIIg"
"HOM","2018 VIIg data","Division","2018","No","39.2260189998477","0.210986810820689","-1.75449203827552","VIIg"
"HOM","2019 VIIg data","Division","2019","No","36.4793899610189","0.258419417918636","-1.40318941955651","VIIg"
"HOM","2020 VIIg data","Division","2020","No","38.5007818428741","0.24020986500494","-1.30557722747189","VIIg"
"HOM","2021 VIIg data","Division","2021","No","38.6501898757946","0.225971537305398","-1.49609140669452","VIIg"
"HOM","2022 VIIg data","Division","2022","No","39.5880757292336","0.206525448681875","-1.74461318565235","VIIg"
"HOM","2024 VIIg data","Division","2024","No","40.0367273187165","0.218445818515051","-1.49525637242366","VIIg"
"HOM","2025 VIIg data","Division","2025","No","38.8873902987019","0.221139535391479","-1.5878721069357","VIIg"
"HOM","2003 VIIj data","Division","2003","No","31.7329027892601","0.343695819185143","-1.13540892400576","VIIj"
"HOM","2004 VIIj data","Division","2004","No","29.2843295316414","0.496617417287909","-0.66209107642585","VIIj"
"HOM","2005 VIIj data","Division","2005","No","30.9818379102336","0.389477367468418","-0.80147629818147","VIIj"
"HOM","2006 VIIj data","Division","2006","No","36.0875120297221","0.208659345742066","-1.28148616718293","VIIj"
"HOM","2007 VIIj data","Division","2007","No","34.9112662022576","0.227716154148334","-1.2922415820088","VIIj"
"HOM","2008 VIIj data","Division","2008","No","32.4576331694517","0.323441645607121","-1.2554844764401","VIIj"
"HOM","2009 VIIj data","Division","2009","No","33.0917450996741","0.350115761359418","-1.02688371361526","VIIj"
"HOM","2010 VIIj data","Division","2010","No","32.5101177218067","0.431893408360347","-0.673715925147363","VIIj"
"HOM","2011 VIIj data","Division","2011","No","35.5910781078347","0.283683212165071","-0.981297825330094","VIIj"
"HOM","2012 VIIj data","Division","2012","No","35.4549334310666","0.27295745308806","-0.96395603635708","VIIj"
"HOM","2013 VIIj data","Division","2013","No","35.8169460166424","0.260914496572188","-1.37034036450565","VIIj"
"HOM","2014 VIIj data","Division","2014","No","34.5624512260336","0.401280018634372","-0.922250274617316","VIIj"
"HOM","2015 VIIj data","Division","2015","No","37.0947495459597","0.260851971098743","-1.3788463165979","VIIj"
"HOM","2016 VIIj data","Division","2016","No","36.4604184400217","0.257234693380388","-1.28524676824705","VIIj"
"HOM","2017 VIIj data","Division","2017","No","36.9508122060669","0.256963266932957","-1.33213090109898","VIIj"
"HOM","2018 VIIj data","Division","2018","No","37.4034397980423","0.240206353262843","-1.46375474817835","VIIj"
"HOM","2019 VIIj data","Division","2019","No","36.0249209170785","0.271289632210873","-1.23416462930831","VIIj"
"HOM","2020 VIIj data","Division","2020","No","37.0788413668235","0.262930312417968","-1.19325088530758","VIIj"
"HOM","2021 VIIj data","Division","2021","No","36.3361602145318","0.255210009400085","-1.34929308843319","VIIj"
"HOM","2022 VIIj data","Division","2022","No","36.3149789094671","0.249654832914065","-1.63345655383007","VIIj"
"HOM","2024 VIIj data","Division","2024","No","36.6876324999516","0.258538562604068","-1.5730018437668","VIIj"
"HOM","2025 VIIj data","Division","2025","No","35.8892090159233","0.284677416609607","-1.27177674440435","VIIj"
"HOM","2005 VIIk data","Division","2005","No",NA,NA,NA,"VIIk"
"HOM","2007 VIIk data","Division","2007","No",NA,NA,NA,"VIIk"
"HOM","2008 VIIk data","Division","2008","No",NA,NA,NA,"VIIk"
"HOM","2025 VIIk data","Division","2025","No",NA,NA,NA,"VIIk"
"MAC","2003 VIa data","Division","2003","No","34.2796129286882","0.477949131041797","-1.95601860757592","VIa"
"MAC","2004 VIa data","Division","2004","No","36.6558035985076","0.476235722128002","-1.70184908371628","VIa"
"MAC","2006 VIa data","Division","2006","No","37.2396713675309","0.419629087279427","-1.69582921848407","VIa"
"MAC","2007 VIa data","Division","2007","No","39.0802389437009","0.342719691429495","-1.9870471263327","VIa"
"MAC","2008 VIa data","Division","2008","No","38.2617827291054","0.361104424102646","-2.01299816244113","VIa"
"MAC","2009 VIa data","Division","2009","No","36.49138336722","0.36340374863662","-2.470634263164","VIa"
"MAC","2010 VIa data","Division","2010","No","36.3709173211089","0.437869530516132","-1.80594943366691","VIa"
"MAC","2011 VIa data","Division","2011","No","35.2891746640897","0.556982585826539","-1.27885009381431","VIa"
"MAC","2012 VIa data","Division","2012","No","36.179261693273","0.40131488302754","-1.82048668642594","VIa"
"MAC","2013 VIa data","Division","2013","No","36.8495098442566","0.347325531376761","-2.28848043408458","VIa"
"MAC","2014 VIa data","Division","2014","No","34.9759492110967","0.592386922494655","-1.54591760787352","VIa"
"MAC","2015 VIa data","Division","2015","No","35.7087192606877","0.596746750058674","-1.13179844490855","VIa"
"MAC","2016 VIa data","Division","2016","No","36.0855229296183","0.492879939482217","-1.61666704990191","VIa"
"MAC","2017 VIa data","Division","2017","No","34.4312860207274","0.643426938455078","-1.23663904262688","VIa"
"MAC","2018 VIa data","Division","2018","No","36.0091025307188","0.52710423291693","-1.59220538367791","VIa"
"MAC","2019 VIa data","Division","2019","No","36.2478203768514","0.633688304093627","-1.20486860466152","VIa"
"MAC","2020 VIa data","Division","2020","No","38.2985773184112","0.38997530083802","-2.01673585765342","VIa"
"MAC","2021 VIa data","Division","2021","No","36.2027256951765","0.64481166876072","-1.08767655965563","VIa"
"MAC","2022 VIa data","Division","2022","No","37.6667050109809","0.402320892642408","-2.07311110630263","VIa"
"MAC","2023 VIa data","Division","2023","No","36.8387486283073","0.542946349016234","-1.55518780023718","VIa"
"MAC","2024 VIa data","Division","2024","No","37.691465398471","0.460413383352284","-1.8175911105847","VIa"
"MAC","2025 VIa data","Division","2025","No","38.0807953311221","0.439719150764671","-1.83200077093418","VIa"
"MAC","2003 VIIb data","Division","2003","No","33.8094409673882","0.465898737964653","-2.18872872041929","VIIb"
"MAC","2004 VIIb data","Division","2004","No","34.0616928161878","0.569008339122819","-1.71648733053519","VIIb"
"MAC","2005 VIIb data","Division","2005","No","36.6702963248005","0.439419266364074","-1.66672264778561","VIIb"
"MAC","2006 VIIb data","Division","2006","No","35.583276859412","0.485952722074468","-1.50776214653972","VIIb"
"MAC","2007 VIIb data","Division","2007","No","40.3860434088781","0.287156956046829","-2.34640517181403","VIIb"
"MAC","2008 VIIb data","Division","2008","No","35.2971152583853","0.42810718706329","-2.04604271119967","VIIb"
"MAC","2009 VIIb data","Division","2009","No","35.7609633999677","0.384407347198144","-2.41629271916682","VIIb"
"MAC","2010 VIIb data","Division","2010","No","33.6411300734912","0.596769503430956","-1.42095255896958","VIIb"
"MAC","2011 VIIb data","Division","2011","No","33.2778265836559","0.777158105675581","-0.953012767320282","VIIb"
"MAC","2012 VIIb data","Division","2012","No","35.7758152404028","0.387520006856046","-1.98780498539314","VIIb"
"MAC","2013 VIIb data","Division","2013","No","35.5767951375065","0.413945319464627","-1.87398027193944","VIIb"
"MAC","2014 VIIb data","Division","2014","No","32.1235162482075","0.805393458735746","-1.37381350845409","VIIb"
"MAC","2015 VIIb data","Division","2015","No","32.9994221002708","0.72348095076035","-1.14183769762018","VIIb"
"MAC","2016 VIIb data","Division","2016","No","34.1420123641173","0.81752195800056","-0.945070806413601","VIIb"
"MAC","2017 VIIb data","Division","2017","No","36.0716281095672","0.514330931242122","-1.64012430903151","VIIb"
"MAC","2018 VIIb data","Division","2018","No","33.3239438376665","0.808574365107989","-1.20136932826832","VIIb"
"MAC","2019 VIIb data","Division","2019","No","38.2879268921663","0.412678245462826","-1.8749865536908","VIIb"
"MAC","2020 VIIb data","Division","2020","No","36.7196142451209","0.348022765094813","-2.39144156129552","VIIb"
"MAC","2021 VIIb data","Division","2021","No","32.2707987175393","1.01498011737668","-0.95598321193834","VIIb"
"MAC","2022 VIIb data","Division","2022","No","35.6382928061659","0.6399097699141","-1.36713068720669","VIIb"
"MAC","2023 VIIb data","Division","2023","No","35.5755257434757","0.803806472836308","-1.04947785223535","VIIb"
"MAC","2024 VIIb data","Division","2024","No","33.4650934079141","0.760809030889281","-1.26802904224311","VIIb"
"MAC","2025 VIIb data","Division","2025","No","35.1735826479529","0.869930242917566","-0.981390217332666","VIIb"
"MAC","2006 VIIc data","Division","2006","No",NA,NA,NA,"VIIc"
"MAC","2007 VIIc data","Division","2007","No",NA,NA,NA,"VIIc"
"MAC","2009 VIIc data","Division","2009","No",NA,NA,NA,"VIIc"
"MAC","2010 VIIc data","Division","2010","No",NA,NA,NA,"VIIc"
"MAC","2012 VIIc data","Division","2012","No","34.2971571266648","0.575182703364276","-1.43677222764837","VIIc"
"MAC","2014 VIIc data","Division","2014","No",NA,NA,NA,"VIIc"
"MAC","2021 VIIc data","Division","2021","No",NA,NA,NA,"VIIc"
"MAC","2025 VIIc data","Division","2025","No",NA,NA,NA,"VIIc"
"MAC","2003 VIIg data","Division","2003","No","35.6335147415097","0.346751542809422","-2.61711419043907","VIIg"
"MAC","2004 VIIg data","Division","2004","No","31.9137491735212","1.06565922405334","-0.846772602650097","VIIg"
"MAC","2005 VIIg data","Division","2005","No","36.7469034151771","0.392630525480728","-1.93954977723637","VIIg"
"MAC","2006 VIIg data","Division","2006","No","36.2536578878997","0.390779232862914","-2.03590565859547","VIIg"
"MAC","2007 VIIg data","Division","2007","No","35.819247314898","0.428674312554001","-1.94292448545795","VIIg"
"MAC","2008 VIIg data","Division","2008","No","31.2602734929254","0.818831962311039","-1.22740271330366","VIIg"
"MAC","2009 VIIg data","Division","2009","No","33.2922110267713","0.556120785141307","-1.84790461729973","VIIg"
"MAC","2010 VIIg data","Division","2010","No","32.9217048344769","0.550204933802706","-1.85783500771478","VIIg"
"MAC","2011 VIIg data","Division","2011","No","34.8005673065496","0.592383273170338","-1.23434885742922","VIIg"
"MAC","2012 VIIg data","Division","2012","No","33.3295872171659","0.438727048890511","-2.02630061892964","VIIg"
"MAC","2013 VIIg data","Division","2013","No","38.4603370859871","0.329970569971238","-2.2481127673109","VIIg"
"MAC","2014 VIIg data","Division","2014","No","32.3482087049501","0.894432322714854","-1.18497840244871","VIIg"
"MAC","2015 VIIg data","Division","2015","No","33.8613064014398","0.745047937633031","-1.05674548238779","VIIg"
"MAC","2016 VIIg data","Division","2016","No","34.0908508362352","0.71811540022325","-1.09710489472569","VIIg"
"MAC","2017 VIIg data","Division","2017","No","30.8132220145216","1.1138944393265","-0.843734937846816","VIIg"
"MAC","2018 VIIg data","Division","2018","No","31.6173724473146","1.33580804653328","-0.778120707878973","VIIg"
"MAC","2019 VIIg data","Division","2019","No","33.6137804001452","0.799758707542999","-1.21002509805943","VIIg"
"MAC","2020 VIIg data","Division","2020","No","37.1398841166777","0.335828665576411","-2.45938778186446","VIIg"
"MAC","2021 VIIg data","Division","2021","No","32.4462181206655","1.20261170133676","-0.842000166546223","VIIg"
"MAC","2022 VIIg data","Division","2022","No",NA,NA,NA,"VIIg"
"MAC","2023 VIIg data","Division","2023","No","29.6182939914163","2.12785370546677","-0.595561197107514","VIIg"
"MAC","2024 VIIg data","Division","2024","No","34.6304023739866","0.834917868808965","-1.13134489495122","VIIg"
"MAC","2025 VIIg data","Division","2025","No","32.3965853112405","0.962589330996004","-1.11792151297099","VIIg"
"MAC","2003 VIIj data","Division","2003","No","40.3239916989265","0.340530856728362","-2.17218527602902","VIIj"
"MAC","2004 VIIj data","Division","2004","No","33.0156613861252","0.690715417943288","-1.35056572348408","VIIj"
"MAC","2005 VIIj data","Division","2005","No","34.1392812977343","0.655647304755475","-1.18883232823584","VIIj"
"MAC","2006 VIIj data","Division","2006","No","35.3627185355486","0.564074772147519","-1.34005084328177","VIIj"
"MAC","2007 VIIj data","Division","2007","No","34.3217580181497","0.591358925054375","-1.44288476453281","VIIj"
"MAC","2008 VIIj data","Division","2008","No","33.4416304009513","0.604996473586348","-1.55623657502453","VIIj"
"MAC","2009 VIIj data","Division","2009","No","36.2129572253462","0.344200492286017","-3.26954380410235","VIIj"
"MAC","2010 VIIj data","Division","2010","No","34.3433101140692","0.536627114129817","-1.6755639812124","VIIj"
"MAC","2011 VIIj data","Division","2011","No","34.0501255830995","0.794783310797235","-0.856691168726858","VIIj"
"MAC","2012 VIIj data","Division","2012","No","33.9828660466603","0.521008129189273","-1.54645621097893","VIIj"
"MAC","2013 VIIj data","Division","2013","No","34.2219833832596","0.631771250787319","-1.10037063486305","VIIj"
"MAC","2014 VIIj data","Division","2014","No","33.9638809478402","0.710532959268162","-1.32836149565007","VIIj"
"MAC","2015 VIIj data","Division","2015","No","32.3795162593636","0.998733217745752","-0.788674661409532","VIIj"
"MAC","2016 VIIj data","Division","2016","No","32.8625303228949","0.939763697318938","-0.841812148100554","VIIj"
"MAC","2017 VIIj data","Division","2017","No","32.9248142617949","1.05148864750294","-0.821472570981151","VIIj"
"MAC","2018 VIIj data","Division","2018","No",NA,NA,NA,"VIIj"
"MAC","2019 VIIj data","Division","2019","No",NA,NA,NA,"VIIj"
"MAC","2020 VIIj data","Division","2020","No","34.3984386891639","0.676011918686655","-1.3219293495317","VIIj"
"MAC","2021 VIIj data","Division","2021","No","33.0530209412302","1.17025287753148","-0.763922502898285","VIIj"
"MAC","2022 VIIj data","Division","2022","No","34.474651010149","0.676255182517311","-1.42283067505058","VIIj"
"MAC","2023 VIIj data","Division","2023","No","33.1608701934682","1.31220104140655","-0.722822325608125","VIIj"
"MAC","2024 VIIj data","Division","2024","No","33.6471740944529","0.896825568876386","-1.11934295515465","VIIj"
"MAC","2025 VIIj data","Division","2025","No","34.2224489795918","0.910211685797773","-1.00399582039824","VIIj"
"MEG","2003 VIa data","Division","2003","No","73.8010238609118","0.0730269615802363","-3.03959028016497","VIa"
"MEG","2004 VIa data","Division","2004","No",NA,NA,NA,"VIa"
"MEG","2005 VIa data","Division","2005","No","63.7224173381522","0.0673878518285005","-3.90412058604192","VIa"
"MEG","2006 VIa data","Division","2006","No","-36.4200968047542","-0.0459150538867822","-7.56590425188205","VIa"
"MEG","2007 VIa data","Division","2007","No",NA,NA,NA,"VIa"
"MEG","2008 VIa data","Division","2008","No","63.3321613451035","0.0924659151961102","-2.3726625057087","VIa"
"MEG","2009 VIa data","Division","2009","No","70.8136002407526","0.0754903947923111","-2.2427921239207","VIa"
"MEG","2010 VIa data","Division","2010","No","88.0556984369923","0.0516941072487625","-2.67838495444606","VIa"
"MEG","2011 VIa data","Division","2011","No","58.019504817782","0.101882435122325","-2.12459565673237","VIa"
"MEG","2012 VIa data","Division","2012","No","45.9785272279251","0.220328804666664","-1.2556022219237","VIa"
"MEG","2013 VIa data","Division","2013","No","49.6098593916382","0.139070211942184","-3.1215852478064","VIa"
"MEG","2014 VIa data","Division","2014","No","59.281601153776","0.0959946871485926","-3.20763542766998","VIa"
"MEG","2015 VIa data","Division","2015","No","52.2863751933093","0.103504210820365","-3.46736356495307","VIa"
"MEG","2016 VIa data","Division","2016","No","46.4212132920196","0.192883894139112","-1.82108220332141","VIa"
"MEG","2017 VIa data","Division","2017","No","47.7009808021106","0.166080548154079","-1.92586062832582","VIa"
"MEG","2018 VIa data","Division","2018","No","43.5577599900158","0.258145289110428","-0.923120760294716","VIa"
"MEG","2019 VIa data","Division","2019","No","42.0225604720758","0.274336345276472","-0.599891115736363","VIa"
"MEG","2020 VIa data","Division","2020","No","36.4123378600577","0.353722596241822","-0.575066263186325","VIa"
"MEG","2021 VIa data","Division","2021","No","45.0171482408375","0.193753720119124","-1.30669470683452","VIa"
"MEG","2022 VIa data","Division","2022","No","43.278506103788","0.209819883870958","-1.66233618146313","VIa"
"MEG","2023 VIa data","Division","2023","No","63.0976131009498","0.0830308215899179","-2.23550473636702","VIa"
"MEG","2024 VIa data","Division","2024","No","55.1500786298693","0.112703576569182","-1.5277715340109","VIa"
"MEG","2025 VIa data","Division","2025","No","89.0481094529221","0.047919611966559","-2.81633137996489","VIa"
"MEG","2003 VIIb data","Division","2003","No","58.3928599129923","0.103322327295677","-1.81392750500955","VIIb"
"MEG","2004 VIIb data","Division","2004","No","-9.15685129022773","-0.100785860786452","-8.89673353424877","VIIb"
"MEG","2005 VIIb data","Division","2005","No","76.0942248831361","0.060454029436661","-2.70450418257052","VIIb"
"MEG","2006 VIIb data","Division","2006","No",NA,NA,NA,"VIIb"
"MEG","2007 VIIb data","Division","2007","No",NA,NA,NA,"VIIb"
"MEG","2008 VIIb data","Division","2008","No","107.36825911884","0.0444233902972535","-2.90409853600482","VIIb"
"MEG","2009 VIIb data","Division","2009","No","119.552142752624","0.0344950092004539","-2.48050299508553","VIIb"
"MEG","2010 VIIb data","Division","2010","No","169.404368428881","0.0239227889311441","-2.64434033672627","VIIb"
"MEG","2011 VIIb data","Division","2011","No","48.5700204486461","0.17415018463174","-0.630546139634002","VIIb"
"MEG","2012 VIIb data","Division","2012","No","49.5560185880773","0.164261725094665","-1.4009472669668","VIIb"
"MEG","2013 VIIb data","Division","2013","No","50.9712644472768","0.1213227059516","-2.79343522872898","VIIb"
"MEG","2014 VIIb data","Division","2014","No","45.4571853870123","0.175856429586715","-1.36550747199526","VIIb"
"MEG","2015 VIIb data","Division","2015","No","44.1798232869675","0.207094449993089","-1.00269362701045","VIIb"
"MEG","2016 VIIb data","Division","2016","No","46.1622197433434","0.170046614330383","-1.35761949915482","VIIb"
"MEG","2017 VIIb data","Division","2017","No","43.6940665483688","0.195784547872242","-1.10274312873704","VIIb"
"MEG","2018 VIIb data","Division","2018","No","44.4309672936185","0.221176035948614","-1.01772967037446","VIIb"
"MEG","2019 VIIb data","Division","2019","No","44.0243592584446","0.175978456800431","-1.12714669823396","VIIb"
"MEG","2020 VIIb data","Division","2020","No","49.6446488318612","0.150717921538203","-1.65156945410503","VIIb"
"MEG","2021 VIIb data","Division","2021","No","42.7699389908639","0.236627661831797","-0.767863121204916","VIIb"
"MEG","2022 VIIb data","Division","2022","No","47.9066246658665","0.172638033335808","-1.17782035347442","VIIb"
"MEG","2023 VIIb data","Division","2023","No","60.0424831885877","0.0898595953744684","-1.69221328168821","VIIb"
"MEG","2024 VIIb data","Division","2024","No","59.4220603572057","0.0928799402674226","-1.54958719671994","VIIb"
"MEG","2025 VIIb data","Division","2025","No","298.845834932728","0.0102740518004122","-3.83186851135963","VIIb"
"MEG","2005 VIIc data","Division","2005","No","31.0788745967226","0.320697718509326","-0.83378376310353","VIIc"
"MEG","2006 VIIc data","Division","2006","No",NA,NA,NA,"VIIc"
"MEG","2007 VIIc data","Division","2007","No","42.1681089291266","0.275742000830132","-0.656311076821693","VIIc"
"MEG","2008 VIIc data","Division","2008","No","64.8434572885218","0.102517318918187","-1.5596626450114","VIIc"
"MEG","2009 VIIc data","Division","2009","No",NA,NA,NA,"VIIc"
"MEG","2010 VIIc data","Division","2010","No",NA,NA,NA,"VIIc"
"MEG","2012 VIIc data","Division","2012","No","52.3767217837922","0.121873302759415","-1.65924844548607","VIIc"
"MEG","2013 VIIc data","Division","2013","No","60.100759419461","0.0869692678250304","-2.4690623367519","VIIc"
"MEG","2014 VIIc data","Division","2014","No","48.2361913869236","0.146410673301","-1.31451545814164","VIIc"
"MEG","2015 VIIc data","Division","2015","No","40.1890329004647","0.226935465619599","-0.702404596537609","VIIc"
"MEG","2016 VIIc data","Division","2016","No","52.0623136500307","0.144276000047429","-0.766107865647121","VIIc"
"MEG","2018 VIIc data","Division","2018","No","50.4254992915537","0.168496203324438","-1.26197419412091","VIIc"
"MEG","2019 VIIc data","Division","2019","No","-68.2063621571976","-0.0453197115293182","-2.71056736093804","VIIc"
"MEG","2020 VIIc data","Division","2020","No",NA,NA,NA,"VIIc"
"MEG","2021 VIIc data","Division","2021","No","47.947355498683","0.185411139398778","-0.735466959940631","VIIc"
"MEG","2022 VIIc data","Division","2022","No",NA,NA,NA,"VIIc"
"MEG","2023 VIIc data","Division","2023","No",NA,NA,NA,"VIIc"
"MEG","2024 VIIc data","Division","2024","No","-48.654277492","-0.0450690729133766","-4.17280073725527","VIIc"
"MEG","2025 VIIc data","Division","2025","No",NA,NA,NA,"VIIc"
"MEG","2003 VIIg data","Division","2003","No","74.147488482223","0.118879358547736","-1.25188291784852","VIIg"
"MEG","2004 VIIg data","Division","2004","No","65.9195609362124","0.135533007919106","-1.42315595970942","VIIg"
"MEG","2005 VIIg data","Division","2005","No","66.6462821796139","0.110781125007706","-1.67315752639485","VIIg"
"MEG","2006 VIIg data","Division","2006","No","58.4212917227968","0.180345092691832","-1.05503295988648","VIIg"
"MEG","2007 VIIg data","Division","2007","No","69.8105171732311","0.0970565633448652","-2.27123789769397","VIIg"
"MEG","2008 VIIg data","Division","2008","No","61.8070478526427","0.142348360529202","-1.46018261574602","VIIg"
"MEG","2009 VIIg data","Division","2009","No","60.7907954592118","0.142217452972305","-0.471595767256242","VIIg"
"MEG","2010 VIIg data","Division","2010","No","54.2568650914225","0.189836334953913","-0.0052861744797892","VIIg"
"MEG","2011 VIIg data","Division","2011","No","55.9895769679298","0.132336574513393","-1.49757629698219","VIIg"
"MEG","2012 VIIg data","Division","2012","No","53.7799087715913","0.130327940849265","-2.77249919168748","VIIg"
"MEG","2013 VIIg data","Division","2013","No","47.6108625281317","0.182714217621777","-2.10210079975559","VIIg"
"MEG","2014 VIIg data","Division","2014","No","62.3562917353039","0.0897000033964938","-3.89245132635946","VIIg"
"MEG","2015 VIIg data","Division","2015","No","113.375593764264","0.0237157119447044","-9.25906733465317","VIIg"
"MEG","2016 VIIg data","Division","2016","No","46.5883137228511","0.208797994272385","-1.77341663691506","VIIg"
"MEG","2017 VIIg data","Division","2017","No","43.3741002752574","0.31978144854417","-0.749593632831514","VIIg"
"MEG","2018 VIIg data","Division","2018","No","43.0707667657461","0.221538109974948","-1.33368757209129","VIIg"
"MEG","2019 VIIg data","Division","2019","No","47.2803667177493","0.218687980410793","-1.0985250943912","VIIg"
"MEG","2020 VIIg data","Division","2020","No","52.142833006003","0.132791347928334","-2.62848612215022","VIIg"
"MEG","2021 VIIg data","Division","2021","No","56.7581072961192","0.0952324662431543","-4.46192470883216","VIIg"
"MEG","2022 VIIg data","Division","2022","No","44.8889599205718","0.178655628302616","-2.58606944465911","VIIg"
"MEG","2023 VIIg data","Division","2023","No","54.9060610393462","0.119453141840083","-2.14425344077545","VIIg"
"MEG","2024 VIIg data","Division","2024","No","38.1718237794944","0.265575531264875","-1.20481908056757","VIIg"
"MEG","2025 VIIg data","Division","2025","No","60.8145332081189","0.102676770465037","-1.95474246585862","VIIg"
"MEG","2003 VIIj data","Division","2003","No","113.663691575327","0.0321171662453123","-3.99831412000881","VIIj"
"MEG","2004 VIIj data","Division","2004","No",NA,NA,NA,"VIIj"
"MEG","2005 VIIj data","Division","2005","No","69.4898847835631","0.0709480935624765","-3.12533950610531","VIIj"
"MEG","2006 VIIj data","Division","2006","No","73.0114803134032","0.0749513375804636","-2.70641159765341","VIIj"
"MEG","2007 VIIj data","Division","2007","No","60.1361708394583","0.0895416418557226","-3.00894788622747","VIIj"
"MEG","2008 VIIj data","Division","2008","No","66.0506723589148","0.099597713510233","-2.36969985057608","VIIj"
"MEG","2009 VIIj data","Division","2009","No","49.8017911886734","0.145087351499163","-1.31344982263989","VIIj"
"MEG","2010 VIIj data","Division","2010","No","77.2467822884194","0.0741340470589102","-1.92829868252521","VIIj"
"MEG","2011 VIIj data","Division","2011","No","56.1816674869979","0.119100489426398","-1.50572087127212","VIIj"
"MEG","2012 VIIj data","Division","2012","No","51.5653039043238","0.144396002659961","-2.09835962368242","VIIj"
"MEG","2013 VIIj data","Division","2013","No","48.1430559589952","0.16107138995717","-2.27938667901571","VIIj"
"MEG","2014 VIIj data","Division","2014","No","44.0492375675021","0.23054895424404","-1.25833674141526","VIIj"
"MEG","2015 VIIj data","Division","2015","No","57.177342797774","0.0978030046571226","-2.9720018585766","VIIj"
"MEG","2016 VIIj data","Division","2016","No","47.8574762698216","0.151973334350184","-2.24736263385716","VIIj"
"MEG","2017 VIIj data","Division","2017","No","46.428548788343","0.15766599944104","-2.22883607246539","VIIj"
"MEG","2018 VIIj data","Division","2018","No","43.4315278103808","0.204660249642931","-1.17331595368147","VIIj"
"MEG","2019 VIIj data","Division","2019","No","44.670413472912","0.188106307467349","-1.25750999195289","VIIj"
"MEG","2020 VIIj data","Division","2020","No","51.6478414977638","0.143819728694503","-1.5764706379284","VIIj"
"MEG","2021 VIIj data","Division","2021","No","50.3270122314891","0.14889233545169","-1.75119267925203","VIIj"
"MEG","2022 VIIj data","Division","2022","No","42.5944159011958","0.198884928329534","-1.57264698824192","VIIj"
"MEG","2023 VIIj data","Division","2023","No","67.2254237167068","0.0703604314590352","-2.52286733644737","VIIj"
"MEG","2024 VIIj data","Division","2024","No","60.9347157045412","0.0783398597271881","-2.46883130354092","VIIj"
"MEG","2025 VIIj data","Division","2025","No",NA,NA,NA,"VIIj"
"MEG","2005 VIIk data","Division","2005","No",NA,NA,NA,"VIIk"
"MEG","2006 VIIk data","Division","2006","No",NA,NA,NA,"VIIk"
"MEG","2007 VIIk data","Division","2007","No",NA,NA,NA,"VIIk"
"MEG","2008 VIIk data","Division","2008","No",NA,NA,NA,"VIIk"
"MEG","2010 VIIk data","Division","2010","No",NA,NA,NA,"VIIk"
"MEG","2025 VIIk data","Division","2025","No",NA,NA,NA,"VIIk"
"PLE","2003 VIa data","Division","2003","No","40.1557542087735","0.195576179040502","-2.28815069963573","VIa"
"PLE","2004 VIa data","Division","2004","No","33.1829893651237","0.468811339697448","-0.409709387954126","VIa"
"PLE","2005 VIa data","Division","2005","No","39.6150801629698","0.189622588149998","-2.14174998076045","VIa"
"PLE","2006 VIa data","Division","2006","No","37.8122479721952","0.266619192039514","-1.61397634934541","VIa"
"PLE","2007 VIa data","Division","2007","No","40.6792052338362","0.213738609710276","-1.44735017755986","VIa"
"PLE","2008 VIa data","Division","2008","No","38.5439270654856","0.167768789150977","-3.21970129903939","VIa"
"PLE","2009 VIa data","Division","2009","No","33.9955560348875","0.314855166550963","-1.41205935323543","VIa"
"PLE","2010 VIa data","Division","2010","No","31.71209756977","0.355628297753503","-1.37586784284656","VIa"
"PLE","2011 VIa data","Division","2011","No","36.6747373166934","0.191301151161701","-2.85740524172821","VIa"
"PLE","2012 VIa data","Division","2012","No","33.7168502038279","0.307085204991787","-1.56761527840214","VIa"
"PLE","2013 VIa data","Division","2013","No","38.9833519825326","0.150582216323803","-4.09831251893911","VIa"
"PLE","2014 VIa data","Division","2014","No","33.3320486108228","0.332368238778289","-1.21099369475825","VIa"
"PLE","2015 VIa data","Division","2015","No","33.4813906845417","0.299733939516097","-1.62990811785004","VIa"
"PLE","2016 VIa data","Division","2016","No","32.9630904548179","0.302402005566401","-1.84095773186228","VIa"
"PLE","2017 VIa data","Division","2017","No","37.2181997650338","0.176435798489894","-3.11977910460699","VIa"
"PLE","2018 VIa data","Division","2018","No","33.6367398307443","0.234529194801449","-2.70698084299326","VIa"
"PLE","2019 VIa data","Division","2019","No","31.8331057394106","0.372185072131091","-1.57493978264005","VIa"
"PLE","2020 VIa data","Division","2020","No","35.2420198257303","0.174133981587687","-3.74002620846263","VIa"
"PLE","2021 VIa data","Division","2021","No","35.883527545106","0.176410287216359","-3.0982800357689","VIa"
"PLE","2022 VIa data","Division","2022","No","39.281828354856","0.149936922221103","-3.45578675927017","VIa"
"PLE","2023 VIa data","Division","2023","No","40.1823844350414","0.141835697357848","-3.5185335235125","VIa"
"PLE","2024 VIa data","Division","2024","No","41.9588558165101","0.120465729674122","-4.15615667504018","VIa"
"PLE","2025 VIa data","Division","2025","No","32.4478964545894","0.231236944750709","-2.72236147118483","VIa"
"PLE","2003 VIIb data","Division","2003","No","35.2017319931064","0.303102744388215","-1.51873337424827","VIIb"
"PLE","2004 VIIb data","Division","2004","No",NA,NA,NA,"VIIb"
"PLE","2005 VIIb data","Division","2005","No","60.7418554714907","0.105352429148734","-2.18103311254453","VIIb"
"PLE","2006 VIIb data","Division","2006","No","39.4865575911987","0.181189590157164","-2.23810806733602","VIIb"
"PLE","2007 VIIb data","Division","2007","No","32.4715506801097","0.370165142005855","-1.35162946893854","VIIb"
"PLE","2008 VIIb data","Division","2008","No","34.7326308277107","0.271386431482685","-2.3260273934884","VIIb"
"PLE","2009 VIIb data","Division","2009","No","33.1204331040928","0.32637206773305","-1.7986422740243","VIIb"
"PLE","2010 VIIb data","Division","2010","No","35.7565505124188","0.300794846383586","-1.45291206528121","VIIb"
"PLE","2011 VIIb data","Division","2011","No","38.3687263636375","0.256489982875817","-1.63157365504117","VIIb"
"PLE","2012 VIIb data","Division","2012","No","32.9872375235908","0.35042321712837","-1.86062194760453","VIIb"
"PLE","2013 VIIb data","Division","2013","No","42.482331604327","0.143559913932821","-3.61673074139935","VIIb"
"PLE","2014 VIIb data","Division","2014","No","33.4374489786337","0.375353155497077","-1.18535651682599","VIIb"
"PLE","2015 VIIb data","Division","2015","No","35.2803339275698","0.236531668352938","-2.58163686061985","VIIb"
"PLE","2016 VIIb data","Division","2016","No","42.8155593931739","0.122061472529471","-4.46362914580256","VIIb"
"PLE","2017 VIIb data","Division","2017","No","31.6150898192648","0.392578664181398","-1.03223281546971","VIIb"
"PLE","2018 VIIb data","Division","2018","No","33.6276441249993","0.241977944020954","-2.80612319496589","VIIb"
"PLE","2019 VIIb data","Division","2019","No",NA,NA,NA,"VIIb"
"PLE","2020 VIIb data","Division","2020","No",NA,NA,NA,"VIIb"
"PLE","2021 VIIb data","Division","2021","No","35.2319076810226","0.275602550015899","-1.80427528924798","VIIb"
"PLE","2022 VIIb data","Division","2022","No",NA,NA,NA,"VIIb"
"PLE","2023 VIIb data","Division","2023","No","33.236837824578","0.321517682924482","-1.2325535603042","VIIb"
"PLE","2024 VIIb data","Division","2024","No",NA,NA,NA,"VIIb"
"PLE","2025 VIIb data","Division","2025","No","70.3758228598584","0.0560133968878809","-4.70194763373575","VIIb"
"PLE","2016 VIIc data","Division","2016","No",NA,NA,NA,"VIIc"
"PLE","2023 VIIc data","Division","2023","No",NA,NA,NA,"VIIc"
"PLE","2003 VIIg data","Division","2003","No",NA,NA,NA,"VIIg"
"PLE","2004 VIIg data","Division","2004","No","40.1204103182653","0.306758948791318","-1.07758943814992","VIIg"
"PLE","2005 VIIg data","Division","2005","No","43.5005419283252","0.572486985371926","1.89028857736982","VIIg"
"PLE","2006 VIIg data","Division","2006","No","40.1097216809251","0.325565321550988","-1.00256937163539","VIIg"
"PLE","2007 VIIg data","Division","2007","No","35.3180221484127","0.348800971604015","-1.65184208347669","VIIg"
"PLE","2008 VIIg data","Division","2008","No",NA,NA,NA,"VIIg"
"PLE","2009 VIIg data","Division","2009","No","75.6132473165451","0.0611389668671183","-4.2001558383914","VIIg"
"PLE","2010 VIIg data","Division","2010","No",NA,NA,NA,"VIIg"
"PLE","2011 VIIg data","Division","2011","No","47.7467476745583","0.137602017037904","-3.1100029012442","VIIg"
"PLE","2012 VIIg data","Division","2012","No","39.2682216303996","0.262165941344674","-1.72452795573154","VIIg"
"PLE","2013 VIIg data","Division","2013","No","37.1639515938055","0.362987434228523","-0.761815155322873","VIIg"
"PLE","2014 VIIg data","Division","2014","No","54.8003722067554","0.0880362568047935","-5.34682255913582","VIIg"
"PLE","2015 VIIg data","Division","2015","No","42.7343065139149","0.213801546301709","-2.13839528860644","VIIg"
"PLE","2016 VIIg data","Division","2016","No","40.0182347564866","0.241647498857034","-1.50870538189903","VIIg"
"PLE","2017 VIIg data","Division","2017","No","35.3022517503807","0.371436660337257","-0.998383597706999","VIIg"
"PLE","2018 VIIg data","Division","2018","No","64.3205484105784","0.0698400472277661","-4.86714364029521","VIIg"
"PLE","2019 VIIg data","Division","2019","No","39.574900313441","0.191044389449879","-2.82572352544994","VIIg"
"PLE","2020 VIIg data","Division","2020","No",NA,NA,NA,"VIIg"
"PLE","2021 VIIg data","Division","2021","No","39.2495062926001","0.180956184498821","-3.44095476707628","VIIg"
"PLE","2022 VIIg data","Division","2022","No",NA,NA,NA,"VIIg"
"PLE","2023 VIIg data","Division","2023","No","80.786931316311","0.0310423614181343","-10.0703314062987","VIIg"
"PLE","2024 VIIg data","Division","2024","No","43.3628845549342","0.135063301186049","-3.72443900115569","VIIg"
"PLE","2025 VIIg data","Division","2025","No","36.8513442095917","0.171925756922885","-3.88781230220586","VIIg"
"PLE","2003 VIIj data","Division","2003","No",NA,NA,NA,"VIIj"
"PLE","2004 VIIj data","Division","2004","No","33.7404943556918","0.730375933033715","0.154493002834819","VIIj"
"PLE","2005 VIIj data","Division","2005","No",NA,NA,NA,"VIIj"
"PLE","2006 VIIj data","Division","2006","No","36.1420283907217","0.483949815824583","-0.924015072260236","VIIj"
"PLE","2007 VIIj data","Division","2007","No",NA,NA,NA,"VIIj"
"PLE","2008 VIIj data","Division","2008","No",NA,NA,NA,"VIIj"
"PLE","2009 VIIj data","Division","2009","No",NA,NA,NA,"VIIj"
"PLE","2010 VIIj data","Division","2010","No",NA,NA,NA,"VIIj"
"PLE","2011 VIIj data","Division","2011","No","46.8697890640447","0.199111887782611","-1.78091692066875","VIIj"
"PLE","2012 VIIj data","Division","2012","No","36.6458781367574","0.359192008606077","-1.32829220600906","VIIj"
"PLE","2013 VIIj data","Division","2013","No","36.5450326682334","0.473516413539329","-0.355332483735278","VIIj"
"PLE","2014 VIIj data","Division","2014","No","61.18194321903","0.090556772091759","-4.05374821819643","VIIj"
"PLE","2015 VIIj data","Division","2015","No",NA,NA,NA,"VIIj"
"PLE","2016 VIIj data","Division","2016","No","48.1719248295646","0.204288028320047","-1.63185566189701","VIIj"
"PLE","2017 VIIj data","Division","2017","No","35.6090401230997","0.507933999566312","-0.64130100754147","VIIj"
"PLE","2018 VIIj data","Division","2018","No",NA,NA,NA,"VIIj"
"PLE","2019 VIIj data","Division","2019","No",NA,NA,NA,"VIIj"
"PLE","2020 VIIj data","Division","2020","No","33.2046942467901","0.512864192489088","-0.45117988046338","VIIj"
"PLE","2021 VIIj data","Division","2021","No","52.5966012632744","0.12105673557856","-3.30243128838195","VIIj"
"PLE","2022 VIIj data","Division","2022","No",NA,NA,NA,"VIIj"
"PLE","2023 VIIj data","Division","2023","No","34.2988490359726","0.374376510152546","-1.02499686770454","VIIj"
"PLE","2024 VIIj data","Division","2024","No","42.4215427629195","0.221311244242044","-1.8730657640519","VIIj"
"PLE","2025 VIIj data","Division","2025","No",NA,NA,NA,"VIIj"
"POK","2003 VIa data","Division","2003","No",NA,NA,NA,"VIa"
"POK","2004 VIa data","Division","2004","No","63.5828430323796","0.330905163592019","-0.671948192140023","VIa"
"POK","2007 VIa data","Division","2007","No","240.025685008246","0.0425987754819836","-2.29369743918351","VIa"
"POK","2016 VIa data","Division","2016","No","62.4193512232735","0.333034409934271","-1.07532292234603","VIa"
"POK","2017 VIa data","Division","2017","No","54.2861512993154","0.620572520318883","0.0714569059044213","VIa"
"POK","2018 VIa data","Division","2018","No",NA,NA,NA,"VIa"
"POK","2019 VIa data","Division","2019","No","50.0967871222582","0.888280297932252","0.860689734584112","VIa"
"POK","2020 VIa data","Division","2020","No",NA,NA,NA,"VIa"
"POK","2021 VIa data","Division","2021","No",NA,NA,NA,"VIa"
"POK","2022 VIa data","Division","2022","No","61.9318936877076","0.401626331800999","-0.483086580096813","VIa"
"POK","2023 VIa data","Division","2023","No",NA,NA,NA,"VIa"
"POK","2024 VIa data","Division","2024","No",NA,NA,NA,"VIa"
"POK","2003 VIIb data","Division","2003","No",NA,NA,NA,"VIIb"
"POK","2004 VIIb data","Division","2004","No",NA,NA,NA,"VIIb"
"POK","2007 VIIb data","Division","2007","No",NA,NA,NA,"VIIb"
"POK","2016 VIIb data","Division","2016","No",NA,NA,NA,"VIIb"
"POK","2017 VIIb data","Division","2017","No",NA,NA,NA,"VIIb"
"POK","2019 VIIb data","Division","2019","No",NA,NA,NA,"VIIb"
"POK","2022 VIIb data","Division","2022","No",NA,NA,NA,"VIIb"
"POK","2024 VIIb data","Division","2024","No",NA,NA,NA,"VIIb"
"POK","2025 VIIb data","Division","2025","No",NA,NA,NA,"VIIb"
"POK","2004 VIIg data","Division","2004","No",NA,NA,NA,"VIIg"
"POK","2016 VIIg data","Division","2016","No",NA,NA,NA,"VIIg"
"POK","2017 VIIg data","Division","2017","No",NA,NA,NA,"VIIg"
"POK","2019 VIIg data","Division","2019","No",NA,NA,NA,"VIIg"
"POK","2004 VIIj data","Division","2004","No",NA,NA,NA,"VIIj"
"POK","2017 VIIj data","Division","2017","No",NA,NA,NA,"VIIj"
"POK","2020 VIIj data","Division","2020","No",NA,NA,NA,"VIIj"
"POK","2022 VIIj data","Division","2022","No",NA,NA,NA,"VIIj"
"POL","2016 VIa data","Division","2016","No",NA,NA,NA,"VIa"
"POL","2017 VIa data","Division","2017","No",NA,NA,NA,"VIa"
"POL","2018 VIa data","Division","2018","No",NA,NA,NA,"VIa"
"POL","2019 VIa data","Division","2019","No",NA,NA,NA,"VIa"
"POL","2020 VIa data","Division","2020","No",NA,NA,NA,"VIa"
"POL","2021 VIa data","Division","2021","No",NA,NA,NA,"VIa"
"POL","2022 VIa data","Division","2022","No",NA,NA,NA,"VIa"
"POL","2023 VIa data","Division","2023","No",NA,NA,NA,"VIa"
"POL","2017 VIIb data","Division","2017","No",NA,NA,NA,"VIIb"
"POL","2018 VIIb data","Division","2018","No",NA,NA,NA,"VIIb"
"POL","2019 VIIb data","Division","2019","No",NA,NA,NA,"VIIb"
"POL","2020 VIIb data","Division","2020","No",NA,NA,NA,"VIIb"
"POL","2023 VIIb data","Division","2023","No",NA,NA,NA,"VIIb"
"POL","2016 VIIg data","Division","2016","No",NA,NA,NA,"VIIg"
"POL","2017 VIIg data","Division","2017","No",NA,NA,NA,"VIIg"
"POL","2018 VIIg data","Division","2018","No","77.1280238349927","0.318255293885499","-0.887293481151364","VIIg"
"POL","2019 VIIg data","Division","2019","No",NA,NA,NA,"VIIg"
"POL","2021 VIIg data","Division","2021","No",NA,NA,NA,"VIIg"
"POL","2022 VIIg data","Division","2022","No",NA,NA,NA,"VIIg"
"POL","2023 VIIg data","Division","2023","No",NA,NA,NA,"VIIg"
"POL","2025 VIIg data","Division","2025","No",NA,NA,NA,"VIIg"
"POL","2016 VIIj data","Division","2016","No","83.8328300541228","0.231688416252542","-1.57767407074916","VIIj"
"POL","2017 VIIj data","Division","2017","No",NA,NA,NA,"VIIj"
"POL","2019 VIIj data","Division","2019","No","72.7533333333333","1.07263680226485","2.76063312829338","VIIj"
"POL","2020 VIIj data","Division","2020","No",NA,NA,NA,"VIIj"
"POL","2022 VIIj data","Division","2022","No",NA,NA,NA,"VIIj"
"SOL","2003 VIa data","Division","2003","No",NA,NA,NA,"VIa"
"SOL","2004 VIa data","Division","2004","No",NA,NA,NA,"VIa"
"SOL","2005 VIa data","Division","2005","No",NA,NA,NA,"VIa"
"SOL","2006 VIa data","Division","2006","No",NA,NA,NA,"VIa"
"SOL","2007 VIa data","Division","2007","No","32.4182751250469","0.327085818488999","-1.91462971576015","VIa"
"SOL","2008 VIa data","Division","2008","No",NA,NA,NA,"VIa"
"SOL","2009 VIa data","Division","2009","No","33.1978557643118","0.220966948713312","-3.42484380794093","VIa"
"SOL","2010 VIa data","Division","2010","No","30.7897710145655","0.515164944145038","-0.229387331489558","VIa"
"SOL","2011 VIa data","Division","2011","No","33.2014492061302","0.33376127158101","-1.39574214303733","VIa"
"SOL","2012 VIa data","Division","2012","No",NA,NA,NA,"VIa"
"SOL","2013 VIa data","Division","2013","No","32.5528522590049","0.536525808272536","-0.527166381626185","VIa"
"SOL","2014 VIa data","Division","2014","No","40.9086181914194","0.152791360341082","-3.23160150312369","VIa"
"SOL","2015 VIa data","Division","2015","No",NA,NA,NA,"VIa"
"SOL","2016 VIa data","Division","2016","No",NA,NA,NA,"VIa"
"SOL","2017 VIa data","Division","2017","No",NA,NA,NA,"VIa"
"SOL","2018 VIa data","Division","2018","No","29.9136359925267","0.582239282641211","0.197638302192774","VIa"
"SOL","2019 VIa data","Division","2019","No",NA,NA,NA,"VIa"
"SOL","2020 VIa data","Division","2020","No",NA,NA,NA,"VIa"
"SOL","2021 VIa data","Division","2021","No",NA,NA,NA,"VIa"
"SOL","2022 VIa data","Division","2022","No","31.0778635711835","0.412518077992278","-0.653669541648462","VIa"
"SOL","2023 VIa data","Division","2023","No","27.6706394634654","0.695144082085846","-0.797007195122039","VIa"
"SOL","2024 VIa data","Division","2024","No",NA,NA,NA,"VIa"
"SOL","2025 VIa data","Division","2025","No","31.577888059754","0.413575204944678","-0.396133313437119","VIa"
"SOL","2003 VIIb data","Division","2003","No","49.1527355943974","0.0868468393823101","-5.29241909578352","VIIb"
"SOL","2004 VIIb data","Division","2004","No","33.1504594631608","0.219457573122523","-3.68159162778271","VIIb"
"SOL","2005 VIIb data","Division","2005","No","35.8604592679023","0.233497857736457","-2.10363056181975","VIIb"
"SOL","2006 VIIb data","Division","2006","No","43.7612741989","0.0756074651111106","-8.58119991553107","VIIb"
"SOL","2007 VIIb data","Division","2007","No","54.9972664751923","0.0318913578621779","-15.6804525229632","VIIb"
"SOL","2008 VIIb data","Division","2008","No","31.735142794615","0.310217016753708","-2.30819443518153","VIIb"
"SOL","2009 VIIb data","Division","2009","No","34.8066588908186","0.165835690321803","-5.48434022468861","VIIb"
"SOL","2010 VIIb data","Division","2010","No","30.0446465661285","0.469494355220106","-0.624491393483869","VIIb"
"SOL","2011 VIIb data","Division","2011","No","42.7203594977422","0.139421391362132","-2.87653981625838","VIIb"
"SOL","2012 VIIb data","Division","2012","No",NA,NA,NA,"VIIb"
"SOL","2013 VIIb data","Division","2013","No","40.3487321792278","0.126589591849849","-4.37609731950231","VIIb"
"SOL","2014 VIIb data","Division","2014","No","31.3126456883553","0.411866409532253","-0.724212743091213","VIIb"
"SOL","2015 VIIb data","Division","2015","No","30.5650575786678","0.278149298696163","-3.21267424994681","VIIb"
"SOL","2016 VIIb data","Division","2016","No","30.7844892393647","0.758596733255566","0.179962459308947","VIIb"
"SOL","2017 VIIb data","Division","2017","No","30.1125527984599","0.581044810770787","-0.082741206587712","VIIb"
"SOL","2018 VIIb data","Division","2018","No","30.6108815224598","0.399194866710214","-0.915940018974583","VIIb"
"SOL","2019 VIIb data","Division","2019","No","31.2704134103888","0.424104009674635","-0.613331153853414","VIIb"
"SOL","2020 VIIb data","Division","2020","No","35.0196600017233","0.197033880461999","-2.98003151447613","VIIb"
"SOL","2021 VIIb data","Division","2021","No","30.7274187064396","0.341894574126927","-1.25979957922437","VIIb"
"SOL","2022 VIIb data","Division","2022","No","28.0212751744221","0.446363698068347","-0.970057801354434","VIIb"
"SOL","2023 VIIb data","Division","2023","No","32.6125519269214","0.205940682134347","-3.71651287588764","VIIb"
"SOL","2024 VIIb data","Division","2024","No","31.0692288656531","0.410001434444833","-0.818801046379273","VIIb"
"SOL","2025 VIIb data","Division","2025","No","33.1797094623201","0.203262098220007","-3.67548807928815","VIIb"
"SOL","2003 VIIg data","Division","2003","No","42.7218553118125","0.187420790754241","-3.07430581518389","VIIg"
"SOL","2004 VIIg data","Division","2004","No","33.9712784091109","0.58230184693905","-0.636021950479061","VIIg"
"SOL","2005 VIIg data","Division","2005","No",NA,NA,NA,"VIIg"
"SOL","2006 VIIg data","Division","2006","No","54.0617893188881","0.128922334575416","-3.23751461273587","VIIg"
"SOL","2007 VIIg data","Division","2007","No","34.2044504459457","1.17986397279051","0.741761958825609","VIIg"
"SOL","2008 VIIg data","Division","2008","No",NA,NA,NA,"VIIg"
"SOL","2009 VIIg data","Division","2009","No","38.859719908027","0.226505421600773","-2.91458043171716","VIIg"
"SOL","2010 VIIg data","Division","2010","No","36.8084548034463","0.350964148531797","-1.39577023412775","VIIg"
"SOL","2011 VIIg data","Division","2011","No","103.148871836463","0.0188296692472855","-14.7560266356933","VIIg"
"SOL","2012 VIIg data","Division","2012","No","38.2803985406309","0.255038789342454","-2.58057309192482","VIIg"
"SOL","2013 VIIg data","Division","2013","No","35.7533680331948","0.362836133040617","-1.80835107892781","VIIg"
"SOL","2014 VIIg data","Division","2014","No","38.6899643421681","0.213756275014907","-3.19414771847012","VIIg"
"SOL","2015 VIIg data","Division","2015","No","36.5201210897362","0.301995430471954","-2.1143878935428","VIIg"
"SOL","2016 VIIg data","Division","2016","No","38.3630500138015","0.477546313233167","-0.510911832521589","VIIg"
"SOL","2017 VIIg data","Division","2017","No","40.1173260071461","0.348538536197616","-1.05393891447168","VIIg"
"SOL","2018 VIIg data","Division","2018","No","38.8982361443461","0.30794576673132","-1.37517275284516","VIIg"
"SOL","2019 VIIg data","Division","2019","No","38.9231132529178","0.21042269520879","-3.23428382203736","VIIg"
"SOL","2020 VIIg data","Division","2020","No","30.9639711551198","0.72705308088719","-0.778599541562688","VIIg"
"SOL","2021 VIIg data","Division","2021","No","40.5968800076986","0.211331657777558","-2.61907815905203","VIIg"
"SOL","2022 VIIg data","Division","2022","No","41.0072131929942","0.19914399950425","-2.91182402409309","VIIg"
"SOL","2023 VIIg data","Division","2023","No",NA,NA,NA,"VIIg"
"SOL","2024 VIIg data","Division","2024","No","34.6071087158733","0.491868018222457","-0.872615335043398","VIIg"
"SOL","2025 VIIg data","Division","2025","No","47.5650552898267","0.162636627972165","-2.63984189270901","VIIg"
"SOL","2003 VIIj data","Division","2003","No",NA,NA,NA,"VIIj"
"SOL","2004 VIIj data","Division","2004","No","32.9886438972048","0.569443974965291","-1.08529150878461","VIIj"
"SOL","2005 VIIj data","Division","2005","No",NA,NA,NA,"VIIj"
"SOL","2006 VIIj data","Division","2006","No","37.1769187739095","0.223301093333396","-2.57156382687995","VIIj"
"SOL","2007 VIIj data","Division","2007","No",NA,NA,NA,"VIIj"
"SOL","2008 VIIj data","Division","2008","No",NA,NA,NA,"VIIj"
"SOL","2009 VIIj data","Division","2009","No",NA,NA,NA,"VIIj"
"SOL","2010 VIIj data","Division","2010","No","74.2733100170298","0.0429763029230197","-6.69016773158844","VIIj"
"SOL","2011 VIIj data","Division","2011","No",NA,NA,NA,"VIIj"
"SOL","2012 VIIj data","Division","2012","No",NA,NA,NA,"VIIj"
"SOL","2013 VIIj data","Division","2013","No",NA,NA,NA,"VIIj"
"SOL","2014 VIIj data","Division","2014","No",NA,NA,NA,"VIIj"
"SOL","2015 VIIj data","Division","2015","No",NA,NA,NA,"VIIj"
"SOL","2016 VIIj data","Division","2016","No","42.73995241646","0.131718947303568","-4.73775196511175","VIIj"
"SOL","2017 VIIj data","Division","2017","No",NA,NA,NA,"VIIj"
"SOL","2018 VIIj data","Division","2018","No",NA,NA,NA,"VIIj"
"SOL","2019 VIIj data","Division","2019","No","35.7363448621626","0.177394498432188","-3.96696139134718","VIIj"
"SOL","2020 VIIj data","Division","2020","No",NA,NA,NA,"VIIj"
"SOL","2021 VIIj data","Division","2021","No","114.250177523556","0.0194851693808508","-11.1651840359709","VIIj"
"SOL","2022 VIIj data","Division","2022","No","34.5459979092064","0.295588840517162","-1.94488456876934","VIIj"
"SOL","2023 VIIj data","Division","2023","No","33.7380128261015","0.345168016658485","-1.35190043455919","VIIj"
"SOL","2024 VIIj data","Division","2024","No",NA,NA,NA,"VIIj"
"SOL","2025 VIIj data","Division","2025","No","33.8129727177215","0.460534383708237","-0.992204390438005","VIIj"
"WHB","2003 VIa data","Division","2003","No","30.1291422176509","0.659736523185644","-1.35260737599584","VIa"
"WHB","2004 VIa data","Division","2004","No","62.1666666666668","0.133531392624522","-2.81882011238104","VIa"
"WHB","2005 VIa data","Division","2005","No","28.2668515827773","0.887793874884559","-1.1832850765142","VIa"
"WHB","2006 VIa data","Division","2006","No","33.5388279887021","0.37678613093382","-1.81934920722694","VIa"
"WHB","2007 VIa data","Division","2007","No","36.5435642690509","0.353804570726884","-1.92175569652345","VIa"
"WHB","2008 VIa data","Division","2008","No","32.3286231016549","0.549841646653965","-1.33217004825741","VIa"
"WHB","2009 VIa data","Division","2009","No","34.4116510353346","0.348487649981006","-2.31893444843537","VIa"
"WHB","2010 VIa data","Division","2010","No","35.9412519828697","0.365302776018504","-1.92959766028668","VIa"
"WHB","2011 VIa data","Division","2011","No","37.3743356486174","0.318038423224029","-2.0189191532297","VIa"
"WHB","2012 VIa data","Division","2012","No","42.9932902639134","0.164970129721666","-3.42544731659241","VIa"
"WHB","2013 VIa data","Division","2013","No","40.2313310675204","0.222389936094015","-2.64254040312968","VIa"
"WHB","2014 VIa data","Division","2014","No","30.3492446137841","0.503509935698482","-1.74725336641825","VIa"
"WHB","2015 VIa data","Division","2015","No","48.3155614680428","0.112084569046089","-4.22902607786629","VIa"
"WHB","2016 VIa data","Division","2016","No","32.4096092415401","0.359274458276006","-2.25515774838994","VIa"
"WHB","2017 VIa data","Division","2017","No","31.3890613783776","0.480858696374732","-1.79147523435026","VIa"
"WHB","2018 VIa data","Division","2018","No","29.3908860198877","0.584588346215818","-1.72788246572913","VIa"
"WHB","2019 VIa data","Division","2019","No","31.5257203113152","0.506300082902894","-1.87894076123601","VIa"
"WHB","2020 VIa data","Division","2020","No","29.1758183962496","0.689258845688024","-1.32924879347169","VIa"
"WHB","2021 VIa data","Division","2021","No","32.318662764361","0.48129932591912","-1.59707160495879","VIa"
"WHB","2022 VIa data","Division","2022","No","53.9089387560363","0.0844287805601356","-5.3471078866431","VIa"
"WHB","2023 VIa data","Division","2023","No","32.0025954320289","0.332587143027531","-2.68757189092986","VIa"
"WHB","2024 VIa data","Division","2024","No","37.7066189295332","0.199637652724283","-3.69952457889439","VIa"
"WHB","2025 VIa data","Division","2025","No","28.7345588594538","0.653072331395172","-1.61377150964601","VIa"
"WHB","2003 VIIb data","Division","2003","No","30.2401994982047","0.568110904565116","-1.36328821347103","VIIb"
"WHB","2005 VIIb data","Division","2005","No","33.952728807975","0.261528028167369","-2.42729628508523","VIIb"
"WHB","2006 VIIb data","Division","2006","No","30.9717483051324","0.381325873622767","-1.83532312533072","VIIb"
"WHB","2007 VIIb data","Division","2007","No","33.4592581291855","0.319202096401287","-2.18316406502072","VIIb"
"WHB","2008 VIIb data","Division","2008","No","35.1217706542432","0.357378093427901","-1.83236433960406","VIIb"
"WHB","2009 VIIb data","Division","2009","No","30.6370027429304","0.564531843420099","-1.53955376121082","VIIb"
"WHB","2010 VIIb data","Division","2010","No","34.8506011805433","0.302322494201981","-2.18634158374035","VIIb"
"WHB","2011 VIIb data","Division","2011","No","27.6300356844453","1.32167163346971","-0.818218959354219","VIIb"
"WHB","2012 VIIb data","Division","2012","No","42.347395263403","0.171686779581024","-3.24082341854268","VIIb"
"WHB","2013 VIIb data","Division","2013","No","50.4575313346056","0.106821020894477","-4.15806246468517","VIIb"
"WHB","2014 VIIb data","Division","2014","No",NA,NA,NA,"VIIb"
"WHB","2015 VIIb data","Division","2015","No","36.2692160390973","0.215477226375528","-3.11501557665389","VIIb"
"WHB","2016 VIIb data","Division","2016","No","30.3004913724578","0.3612458622143","-2.70871428251884","VIIb"
"WHB","2017 VIIb data","Division","2017","No","37.792644227308","0.178205114363135","-3.94447302580668","VIIb"
"WHB","2018 VIIb data","Division","2018","No","28.6506933969124","0.525703466079367","-1.95518458533194","VIIb"
"WHB","2019 VIIb data","Division","2019","No","34.5639705364092","0.230719861558875","-3.69240907422094","VIIb"
"WHB","2020 VIIb data","Division","2020","No","29.5492323944622","0.631149611804258","-1.34669748659832","VIIb"
"WHB","2021 VIIb data","Division","2021","No","30.4770435525723","0.47666108994346","-1.70977894174913","VIIb"
"WHB","2022 VIIb data","Division","2022","No","35.2325524153882","0.256066151566372","-2.54912363636459","VIIb"
"WHB","2023 VIIb data","Division","2023","No","35.2535510657923","0.193361283052237","-3.82521781763395","VIIb"
"WHB","2024 VIIb data","Division","2024","No","34.9995775850504","0.164900710848783","-4.69803313432014","VIIb"
"WHB","2025 VIIb data","Division","2025","No","27.1888423495012","0.870909347185925","-1.0821046383208","VIIb"
"WHB","2005 VIIc data","Division","2005","No","27.6640824379606","0.921830388776042","-0.951724344163112","VIIc"
"WHB","2006 VIIc data","Division","2006","No","32.0374719378312","0.371834533461057","-1.59911397773849","VIIc"
"WHB","2007 VIIc data","Division","2007","No","32.1856395892926","0.305370745934735","-2.22506803182621","VIIc"
"WHB","2008 VIIc data","Division","2008","No","31.0153863800136","0.537509452425405","-1.52065691616554","VIIc"
"WHB","2009 VIIc data","Division","2009","No","34.3765547996121","0.337075907167069","-2.22183520641572","VIIc"
"WHB","2010 VIIc data","Division","2010","No","35.8369475886235","0.326844361620968","-1.80044885848786","VIIc"
"WHB","2012 VIIc data","Division","2012","No","40.7100371405638","0.183873499995247","-3.00415659456105","VIIc"
"WHB","2013 VIIc data","Division","2013","No","38.7652131952598","0.148449027570153","-4.46764837080661","VIIc"
"WHB","2014 VIIc data","Division","2014","No","36.3792915911879","0.237061789051855","-2.71186044349796","VIIc"
"WHB","2015 VIIc data","Division","2015","No","33.972808849928","0.357971615730702","-1.84789684988532","VIIc"
"WHB","2016 VIIc data","Division","2016","No","39.4609875957568","0.148878461737873","-4.30057633815692","VIIc"
"WHB","2018 VIIc data","Division","2018","No","28.7615001080719","0.526304053184352","-1.99429184157839","VIIc"
"WHB","2019 VIIc data","Division","2019","No","28.8706447013816","0.482620079033227","-2.24781603870944","VIIc"
"WHB","2020 VIIc data","Division","2020","No",NA,NA,NA,"VIIc"
"WHB","2021 VIIc data","Division","2021","No","34.3403078342005","0.385821745935294","-1.73909022345129","VIIc"
"WHB","2022 VIIc data","Division","2022","No","33.8584772232571","0.290344346722525","-2.45094620067286","VIIc"
"WHB","2023 VIIc data","Division","2023","No","44.030006624121","0.117981039459964","-4.48938991027777","VIIc"
"WHB","2024 VIIc data","Division","2024","No","79.3019876833687","0.0356019427419004","-7.33645016979532","VIIc"
"WHB","2025 VIIc data","Division","2025","No","26.8064052256682","0.718735610959775","-1.39126999095992","VIIc"
"WHB","2003 VIIg data","Division","2003","No","28.6676012341923","0.630400518442975","-1.41673019186786","VIIg"
"WHB","2004 VIIg data","Division","2004","No","27.9352615825248","0.90822724998529","-1.22990873156248","VIIg"
"WHB","2005 VIIg data","Division","2005","No","27.2858099711181","1.11770556165778","-0.996380586775007","VIIg"
"WHB","2006 VIIg data","Division","2006","No","27.7899590478986","1.26963903755754","-0.720023665286893","VIIg"
"WHB","2007 VIIg data","Division","2007","No","28.3624419987933","0.892212817753598","-1.18114002652596","VIIg"
"WHB","2008 VIIg data","Division","2008","No","29.4843508370729","0.626256920508292","-1.59462576567851","VIIg"
"WHB","2009 VIIg data","Division","2009","No","30.5683022286222","0.763793347145199","-1.23802529702041","VIIg"
"WHB","2010 VIIg data","Division","2010","No","35.1849307363409","0.29615529768141","-2.4533755118989","VIIg"
"WHB","2011 VIIg data","Division","2011","No","26.5189401840949","1.64558055146261","-0.662012510390506","VIIg"
"WHB","2012 VIIg data","Division","2012","No","33.3837092758871","0.323249797093922","-2.55313234243457","VIIg"
"WHB","2013 VIIg data","Division","2013","No","29.8466316084816","0.499698763161551","-2.11566562620989","VIIg"
"WHB","2014 VIIg data","Division","2014","No","32.2182812011542","0.568280386204363","-1.54374501074097","VIIg"
"WHB","2015 VIIg data","Division","2015","No","34.0325258457526","0.453668343576662","-1.78771112007838","VIIg"
"WHB","2016 VIIg data","Division","2016","No","30.2664226454749","0.761016250995648","-1.41234256142462","VIIg"
"WHB","2017 VIIg data","Division","2017","No","31.3445475638051","0.799501520392704","-1.33543830001374","VIIg"
"WHB","2018 VIIg data","Division","2018","No","27.8801463860933","1.09557184850284","-0.925931029796935","VIIg"
"WHB","2019 VIIg data","Division","2019","No","30.702307246657","0.581480439868613","-1.79705347590837","VIIg"
"WHB","2020 VIIg data","Division","2020","No","31.206851906469","0.746999373418401","-1.12786970790129","VIIg"
"WHB","2021 VIIg data","Division","2021","No","36.8394491695536","0.386946079181686","-1.66429536019404","VIIg"
"WHB","2022 VIIg data","Division","2022","No","39.5952136635767","0.230684776111691","-2.85916241757802","VIIg"
"WHB","2023 VIIg data","Division","2023","No",NA,NA,NA,"VIIg"
"WHB","2024 VIIg data","Division","2024","No","42.6317046073547","0.144806650597101","-4.20662424234984","VIIg"
"WHB","2025 VIIg data","Division","2025","No","28.5406237086589","0.917019818617068","-0.995177725434439","VIIg"
"WHB","2003 VIIj data","Division","2003","No","26.4177936594526","0.696360672822573","-1.36707053618705","VIIj"
"WHB","2004 VIIj data","Division","2004","No","31.3086728327184","0.4358178243265","-1.86059558421405","VIIj"
"WHB","2005 VIIj data","Division","2005","No","28.9924447840124","0.625554017978858","-1.37233458535682","VIIj"
"WHB","2006 VIIj data","Division","2006","No","28.9345337485761","0.55848878107684","-1.52547573010195","VIIj"
"WHB","2007 VIIj data","Division","2007","No","32.0307665904246","0.419688435645634","-1.72981359705768","VIIj"
"WHB","2008 VIIj data","Division","2008","No","31.9405429696888","0.514459910212259","-1.48195994809406","VIIj"
"WHB","2009 VIIj data","Division","2009","No","30.2563035000946","0.705541076590356","-1.21970195038039","VIIj"
"WHB","2010 VIIj data","Division","2010","No","53.8105997918309","0.130535790606013","-2.85853976089693","VIIj"
"WHB","2011 VIIj data","Division","2011","No","37.2452722810192","0.276505890192784","-2.25455514760711","VIIj"
"WHB","2012 VIIj data","Division","2012","No","42.4120591344664","0.210182736732515","-2.53209349834564","VIIj"
"WHB","2013 VIIj data","Division","2013","No","39.2946229808772","0.17741378981324","-3.51049693397074","VIIj"
"WHB","2014 VIIj data","Division","2014","No","49.8404246327603","0.132394461807198","-3.20569838115494","VIIj"
"WHB","2015 VIIj data","Division","2015","No","29.5362877389798","0.440016855415782","-2.10101721331368","VIIj"
"WHB","2016 VIIj data","Division","2016","No","55.3677338382303","0.0806691918459443","-5.45268273804912","VIIj"
"WHB","2017 VIIj data","Division","2017","No","78.3810260639196","0.0530057835657259","-5.51404955623495","VIIj"
"WHB","2018 VIIj data","Division","2018","No","30.062296247303","0.578655227320996","-1.72472840556129","VIIj"
"WHB","2019 VIIj data","Division","2019","No","30.4938148518506","0.497887552436685","-2.0706281341333","VIIj"
"WHB","2020 VIIj data","Division","2020","No","29.093405848996","0.717628518449973","-1.31213982806709","VIIj"
"WHB","2021 VIIj data","Division","2021","No","31.5410565396211","0.495931482191031","-1.59125571882184","VIIj"
"WHB","2022 VIIj data","Division","2022","No","46.859757191189","0.130329740311995","-3.88103233303378","VIIj"
"WHB","2023 VIIj data","Division","2023","No","75.8707823079299","0.044972728607601","-6.38934134565307","VIIj"
"WHB","2024 VIIj data","Division","2024","No","79.9953860082479","0.0403831525605136","-6.67239453530214","VIIj"
"WHB","2025 VIIj data","Division","2025","No","30.507404284005","0.502929988474435","-1.61530857508495","VIIj"
"WHB","2005 VIIk data","Division","2005","No","47.1615676937798","0.130318643945433","-3.01314950283897","VIIk"
"WHB","2006 VIIk data","Division","2006","No",NA,NA,NA,"VIIk"
"WHB","2007 VIIk data","Division","2007","No","31.4838057298158","0.305520446469806","-2.46129981801142","VIIk"
"WHB","2008 VIIk data","Division","2008","No","29.0879284070297","0.705872678431535","-1.64658653181881","VIIk"
"WHB","2010 VIIk data","Division","2010","No","47.7674975452223","0.152840325362415","-3.08756553511707","VIIk"
"WHB","2023 VIIk data","Division","2023","No","30.6535876796097","1.3283244513153","1.0005905853967","VIIk"
"WHB","2025 VIIk data","Division","2025","No","72.6008477404973","0.0518240982304633","-5.43532586054529","VIIk"
"WHG","2003 VIa data","Division","2003","No","38.5612269158651","0.596135752888409","-0.851706128600748","VIa"
"WHG","2004 VIa data","Division","2004","No","38.6443373934924","0.530653239156649","-0.906438306024416","VIa"
"WHG","2005 VIa data","Division","2005","No",NA,NA,NA,"VIa"
"WHG","2006 VIa data","Division","2006","No","39.0836737899616","0.528529785353744","-1.05882006105571","VIa"
"WHG","2007 VIa data","Division","2007","No","36.8516726255783","0.677370097387127","-0.787784132745853","VIa"
"WHG","2008 VIa data","Division","2008","No","38.7549063202796","0.764486532830468","-0.544467765991198","VIa"
"WHG","2009 VIa data","Division","2009","No","38.8285122035531","0.688876182451682","-0.77495618212803","VIa"
"WHG","2010 VIa data","Division","2010","No","39.5884565612288","0.746462738219195","-0.492288417268555","VIa"
"WHG","2011 VIa data","Division","2011","No","39.3778723787401","0.500332424815228","-0.984708802961218","VIa"
"WHG","2012 VIa data","Division","2012","No","39.1315287764997","0.487256701519751","-1.1481474137806","VIa"
"WHG","2013 VIa data","Division","2013","No","39.6466353054055","0.482289086829746","-0.865813708357353","VIa"
"WHG","2014 VIa data","Division","2014","No","38.9904894077928","0.547047869587214","-0.916045971191831","VIa"
"WHG","2015 VIa data","Division","2015","No","39.7768778891483","0.621491709588048","-0.772321315776531","VIa"
"WHG","2016 VIa data","Division","2016","No","40.2793181191313","0.520498036762842","-0.780997612552006","VIa"
"WHG","2017 VIa data","Division","2017","No","40.0903011601697","0.451959107664678","-1.08755620303474","VIa"
"WHG","2018 VIa data","Division","2018","No","42.806044247299","0.370128602149956","-1.41260934097469","VIa"
"WHG","2019 VIa data","Division","2019","No","37.9178494686481","0.555023417008262","-1.06075360432494","VIa"
"WHG","2020 VIa data","Division","2020","No","41.2852047672197","0.512074151233384","-0.961955890796171","VIa"
"WHG","2021 VIa data","Division","2021","No","43.9259332277642","0.377538812174424","-1.33772731929501","VIa"
"WHG","2022 VIa data","Division","2022","No","41.9989202510544","0.410446944533104","-1.12698156280471","VIa"
"WHG","2023 VIa data","Division","2023","No","40.2921094491941","0.390646620688809","-1.51716391098602","VIa"
"WHG","2024 VIa data","Division","2024","No","41.0335272820516","0.448414885967983","-1.24986535017529","VIa"
"WHG","2025 VIa data","Division","2025","No","40.1605147612392","0.476255285553357","-1.04312624737532","VIa"
"WHG","2004 VIIb data","Division","2004","No","49.652058310726","0.280619161933382","-1.5380494964333","VIIb"
"WHG","2005 VIIb data","Division","2005","No","54.2900154792964","0.256863849332817","-1.622514220847","VIIb"
"WHG","2006 VIIb data","Division","2006","No","38.2184098796266","0.523757228795227","-1.19846019932357","VIIb"
"WHG","2007 VIIb data","Division","2007","No","43.0147107457034","0.437332755468514","-1.34274095142746","VIIb"
"WHG","2008 VIIb data","Division","2008","No","37.7036891594685","0.635396645353539","-1.02675138898834","VIIb"
"WHG","2009 VIIb data","Division","2009","No","42.8708787645444","0.468048684942078","-1.39138002750353","VIIb"
"WHG","2010 VIIb data","Division","2010","No","42.1220699250473","0.542315739767173","-0.95094196534273","VIIb"
"WHG","2011 VIIb data","Division","2011","No",NA,NA,NA,"VIIb"
"WHG","2012 VIIb data","Division","2012","No","63.2398968073477","0.241794102502372","-1.41701495964813","VIIb"
"WHG","2013 VIIb data","Division","2013","No","53.9245799526209","0.311005479585281","-1.23382509811593","VIIb"
"WHG","2014 VIIb data","Division","2014","No","44.7497970659164","0.460389737419643","-1.09108323555563","VIIb"
"WHG","2015 VIIb data","Division","2015","No","47.4432155465827","0.448582010027279","-1.00237716275528","VIIb"
"WHG","2016 VIIb data","Division","2016","No","57.5584975811765","0.264785283130407","-1.29308178949345","VIIb"
"WHG","2017 VIIb data","Division","2017","No","41.8423472704159","0.427236675024618","-1.09733367367663","VIIb"
"WHG","2018 VIIb data","Division","2018","No","51.3942572326846","0.294072696585654","-1.37674439706918","VIIb"
"WHG","2019 VIIb data","Division","2019","No","41.586106708779","0.589592660107968","-0.740680833215996","VIIb"
"WHG","2020 VIIb data","Division","2020","No","49.5053294193531","0.293569117429782","-1.44295197780373","VIIb"
"WHG","2021 VIIb data","Division","2021","No","55.3456350034887","0.250871494961996","-1.47301730130699","VIIb"
"WHG","2022 VIIb data","Division","2022","No","38.8547601417777","0.520202259923388","-0.974113426503893","VIIb"
"WHG","2023 VIIb data","Division","2023","No","45.6473749228995","0.291273748392948","-1.77939041942385","VIIb"
"WHG","2024 VIIb data","Division","2024","No","46.9745013161764","0.25890211881524","-2.03777427260794","VIIb"
"WHG","2025 VIIb data","Division","2025","No","39.8179787754951","0.484827580138448","-1.1051416658128","VIIb"
"WHG","2010 VIIc data","Division","2010","No",NA,NA,NA,"VIIc"
"WHG","2012 VIIc data","Division","2012","No",NA,NA,NA,"VIIc"
"WHG","2015 VIIc data","Division","2015","No",NA,NA,NA,"VIIc"
"WHG","2016 VIIc data","Division","2016","No",NA,NA,NA,"VIIc"
"WHG","2020 VIIc data","Division","2020","No",NA,NA,NA,"VIIc"
"WHG","2004 VIIg data","Division","2004","No","47.5604768117278","0.361108768171513","-1.36553593567074","VIIg"
"WHG","2005 VIIg data","Division","2005","No","42.5759698305028","0.516418356816258","-0.993559477443037","VIIg"
"WHG","2006 VIIg data","Division","2006","No","55.6466583355242","0.24133790901147","-1.53007121193657","VIIg"
"WHG","2007 VIIg data","Division","2007","No","52.6609307567199","0.301710087766306","-1.27219439229743","VIIg"
"WHG","2008 VIIg data","Division","2008","No","53.2605632753167","0.275732936381479","-1.57741217715871","VIIg"
"WHG","2009 VIIg data","Division","2009","No","53.7835511793212","0.27880674396534","-1.48668456864667","VIIg"
"WHG","2010 VIIg data","Division","2010","No","51.9530651099102","0.32461900873546","-1.23181086742149","VIIg"
"WHG","2011 VIIg data","Division","2011","No","55.1351675019764","0.27781169228146","-1.42440922667323","VIIg"
"WHG","2012 VIIg data","Division","2012","No","65.6689422373861","0.2030949870676","-1.5973062146874","VIIg"
"WHG","2013 VIIg data","Division","2013","No","45.1789193505737","0.401826095232387","-1.23328813451478","VIIg"
"WHG","2014 VIIg data","Division","2014","No","48.2194927238652","0.454272413615778","-0.928569721528925","VIIg"
"WHG","2015 VIIg data","Division","2015","No","51.5035623588507","0.340965599257165","-1.22682972814621","VIIg"
"WHG","2016 VIIg data","Division","2016","No","49.3558213719707","0.376596058975885","-1.06896775746081","VIIg"
"WHG","2017 VIIg data","Division","2017","No","56.5720082330085","0.258128134886586","-1.48749457170661","VIIg"
"WHG","2018 VIIg data","Division","2018","No","50.8017110731219","0.328469325609942","-1.36924707272958","VIIg"
"WHG","2019 VIIg data","Division","2019","No","65.6094206899403","0.217442965127975","-1.50026148500577","VIIg"
"WHG","2020 VIIg data","Division","2020","No","60.3463136078562","0.252417709655399","-1.24245203447539","VIIg"
"WHG","2021 VIIg data","Division","2021","No","74.2034280079748","0.165312381728591","-1.71033792656039","VIIg"
"WHG","2022 VIIg data","Division","2022","No","66.261929121178","0.17939399021057","-1.7131684942725","VIIg"
"WHG","2023 VIIg data","Division","2023","No","57.1266240774784","0.216907516567866","-1.76468790948181","VIIg"
"WHG","2024 VIIg data","Division","2024","No","52.2022199145856","0.265054947591947","-1.72856268289912","VIIg"
"WHG","2025 VIIg data","Division","2025","No","55.2514330538255","0.26218475179884","-1.53038206962421","VIIg"
"WHG","2004 VIIj data","Division","2004","No","48.4111102294778","0.370570162441312","-1.19253389937927","VIIj"
"WHG","2005 VIIj data","Division","2005","No","45.089851275871","0.500806465989599","-1.02328567274279","VIIj"
"WHG","2006 VIIj data","Division","2006","No","50.1944901568641","0.316676446392939","-1.49420750433844","VIIj"
"WHG","2007 VIIj data","Division","2007","No","44.7222799865658","0.449680231885462","-1.21332523089704","VIIj"
"WHG","2008 VIIj data","Division","2008","No","50.3247506251576","0.377943907933468","-1.2638143543905","VIIj"
"WHG","2009 VIIj data","Division","2009","No","55.1021383879179","0.284643985474724","-1.59727514912688","VIIj"
"WHG","2010 VIIj data","Division","2010","No","53.6186398280033","0.426201211763724","-0.811845209807874","VIIj"
"WHG","2011 VIIj data","Division","2011","No","79.7859027166554","0.175092051985241","-1.41954010618578","VIIj"
"WHG","2012 VIIj data","Division","2012","No","70.8999335776258","0.221139253058306","-1.41733209189281","VIIj"
"WHG","2013 VIIj data","Division","2013","No","74.2234470682159","0.188863652576529","-1.38547447128342","VIIj"
"WHG","2014 VIIj data","Division","2014","No","60.7838747050797","0.287968827081435","-1.18810738455494","VIIj"
"WHG","2015 VIIj data","Division","2015","No","65.5313568705753","0.265713922811772","-1.05836386155146","VIIj"
"WHG","2016 VIIj data","Division","2016","No","59.4216656353445","0.306508661243675","-1.01538838836057","VIIj"
"WHG","2017 VIIj data","Division","2017","No","76.2153010805051","0.186757959835687","-1.30352390323425","VIIj"
"WHG","2018 VIIj data","Division","2018","No","109.505690889222","0.0982911434705607","-1.95736590307822","VIIj"
"WHG","2019 VIIj data","Division","2019","No","60.4917441605553","0.255875899330886","-1.40506536329997","VIIj"
"WHG","2020 VIIj data","Division","2020","No",NA,NA,NA,"VIIj"
"WHG","2021 VIIj data","Division","2021","No","64.3876339333186","0.255080387767922","-1.08398218204562","VIIj"
"WHG","2022 VIIj data","Division","2022","No","92.658083968789","0.10689185180097","-2.07703965737297","VIIj"
"WHG","2023 VIIj data","Division","2023","No","67.7107445592305","0.183709472948043","-1.66819279895179","VIIj"
"WHG","2024 VIIj data","Division","2024","No","46.5370879656428","0.372648919580611","-1.37637669758787","VIIj"
"WHG","2025 VIIj data","Division","2025","No","44.26506452425","0.491366946590757","-0.928268083993953","VIIj"
"COD","Cohort 2003","None","2003","Yes","173.4576114904","0.150802050576825","-0.711851828112862",NA
"COD","Cohort 2004","None","2004","Yes","155.68305193226","0.171499693455347","-0.771769033504825",NA
"COD","Cohort 2005","None","2005","Yes",NA,NA,NA,NA
"COD","Cohort 2006","None","2006","Yes","112.198644743951","0.31313430047211","-0.376276813424207",NA
"COD","Cohort 2007","None","2007","Yes",NA,NA,NA,NA
"COD","Cohort 2008","None","2008","Yes","110.650815497179","0.320840977869187","-0.363445206084739",NA
"COD","Cohort 2009","None","2009","Yes","126.284090005086","0.275420133221905","-0.294524104479807",NA
"COD","Cohort 2010","None","2010","Yes","174.343580298935","0.147040518898267","-0.796276391827793",NA
"COD","Cohort 2011","None","2011","Yes","145.304987906633","0.184257710780625","-0.760903638500179",NA
"COD","Cohort 2012","None","2012","Yes","176.21835045399","0.166746590730174","-0.431105289930477",NA
"COD","Cohort 2013","None","2013","Yes","136.467348078691","0.259942999573699","-0.283972135616123",NA
"COD","Cohort 2014","None","2014","Yes",NA,NA,NA,NA
"COD","Cohort 2015","None","2015","Yes","116.750006732942","0.287608984684854","-0.493952064197837",NA
"COD","Cohort 2016","None","2016","Yes",NA,NA,NA,NA
"COD","Cohort 2017","None","2017","Yes","118.456009480298","0.230313104991194","-0.98561920160836",NA
"COD","Cohort 2018","None","2018","Yes","180.536072404475","0.153665976552465","-0.596231845485389",NA
"COD","Cohort 2019","None","2019","Yes","107.145448529234","0.500001264279918","0.156428063262153",NA
"COD","Cohort 2020","None","2020","Yes","225.878895492688","0.123769673987993","-0.628074038285114",NA
"COD","Cohort 2021","None","2021","Yes","307.636631095292","0.0720466785558179","-0.926440630271111",NA
"COD","Cohort 2022","None","2022","Yes",NA,NA,NA,NA
"COD","Cohort 2023","None","2023","Yes",NA,NA,NA,NA
"COD","Cohort 2024","None","2024","Yes",NA,NA,NA,NA
"HAD","Cohort 2003","None","2003","Yes","44.8801024745544","0.407590947427703","-1.05710525877932",NA
"HAD","Cohort 2004","None","2004","Yes","50.1999915260978","0.33534412108494","-1.20660461230305",NA
"HAD","Cohort 2005","None","2005","Yes","46.7527852674967","0.431477517175872","-1.1060819734779",NA
"HAD","Cohort 2006","None","2006","Yes","50.12117052894","0.393607277041082","-1.14591059774838",NA
"HAD","Cohort 2007","None","2007","Yes","52.7193942768401","0.324221404830324","-1.36938596666475",NA
"HAD","Cohort 2008","None","2008","Yes","52.9118438993958","0.348922485637979","-1.19023263889496",NA
"HAD","Cohort 2009","None","2009","Yes","58.1840774198834","0.221950325616645","-1.70113946081836",NA
"HAD","Cohort 2010","None","2010","Yes","49.4823225465707","0.355262250074842","-1.19306907205149",NA
"HAD","Cohort 2011","None","2011","Yes","52.3309771295937","0.338048381326699","-1.24527556608031",NA
"HAD","Cohort 2012","None","2012","Yes","52.1380605871998","0.432807027419935","-0.960045648743231",NA
"HAD","Cohort 2013","None","2013","Yes","55.0593386390647","0.413203669884499","-0.877995781772514",NA
"HAD","Cohort 2014","None","2014","Yes","42.3786914096042","0.545892451294228","-0.958849861271478",NA
"HAD","Cohort 2015","None","2015","Yes","46.7511170173002","0.435460460300087","-1.11282459017445",NA
"HAD","Cohort 2016","None","2016","Yes","48.9246999064299","0.367868535908344","-1.18036422162777",NA
"HAD","Cohort 2017","None","2017","Yes","51.2207588633025","0.418355226673456","-0.991876267472145",NA
"HAD","Cohort 2018","None","2018","Yes","50.2652048342684","0.343985620587071","-1.27182283381153",NA
"HAD","Cohort 2019","None","2019","Yes","47.926090807842","0.335892094317611","-1.3296097367571",NA
"HAD","Cohort 2020","None","2020","Yes","45.5672674624406","0.393996600274785","-1.21185592802872",NA
"HAD","Cohort 2021","None","2021","Yes","47.3979518625888","0.307953438351103","-1.55308190580043",NA
"HAD","Cohort 2022","None","2022","Yes","37.811797433215","0.560626446339724","-1.04118149941595",NA
"HAD","Cohort 2023","None","2023","Yes","43.9690879454139","0.399185886666301","-1.21241126361199",NA
"HAD","Cohort 2024","None","2024","Yes",NA,NA,NA,NA
"HAD","Cohort 2025","None","2025","Yes",NA,NA,NA,NA
"HER","Cohort 2003","None","2003","Yes","30.0757847875482","0.505966519064563","-1.49053788743011",NA
"HER","Cohort 2004","None","2004","Yes","30.1969654385616","0.505133910298997","-1.234946315903",NA
"HER","Cohort 2005","None","2005","Yes","30.4184164595232","0.49218244235826","-1.45583098208271",NA
"HER","Cohort 2006","None","2006","Yes","29.4668533476035","0.587451660719039","-1.18394829710552",NA
"HER","Cohort 2007","None","2007","Yes","30.0045760406252","0.494250806888569","-1.62511330053329",NA
"HER","Cohort 2008","None","2008","Yes","28.5837436653655","0.7223737782949","-0.788160830391876",NA
"HER","Cohort 2009","None","2009","Yes","29.3328980318866","0.602478995119544","-1.1846352391302",NA
"HER","Cohort 2010","None","2010","Yes","29.1448581459912","0.50631824674039","-1.49033366455872",NA
"HER","Cohort 2011","None","2011","Yes","28.7278944207569","0.593360693446452","-1.29722858176445",NA
"HER","Cohort 2012","None","2012","Yes","28.9949688204247","0.516500703770946","-1.33486568580847",NA
"HER","Cohort 2013","None","2013","Yes","27.8587320017499","0.663746650775109","-1.00850857155143",NA
"HER","Cohort 2014","None","2014","Yes","28.4544818665287","0.556417901233954","-1.19624216837356",NA
"HER","Cohort 2015","None","2015","Yes","28.8026816229399","0.500482730515373","-1.26130441151707",NA
"HER","Cohort 2016","None","2016","Yes","29.1606118743479","0.450401973376299","-1.50803295731774",NA
"HER","Cohort 2017","None","2017","Yes","27.7669914906042","0.587371143898182","-1.16934631543993",NA
"HER","Cohort 2018","None","2018","Yes","27.5704321020063","0.60234168503481","-1.074591886856",NA
"HER","Cohort 2019","None","2019","Yes","28.8841526633588","0.458693144256769","-1.46982287694389",NA
"HER","Cohort 2020","None","2020","Yes","29.660254539952","0.447949486233999","-1.42953439532692",NA
"HER","Cohort 2021","None","2021","Yes","27.7935424406215","0.585359188630775","-1.15453265003956",NA
"HER","Cohort 2022","None","2022","Yes","29.8789744353775","0.512462515919836","-1.23106823067219",NA
"HER","Cohort 2023","None","2023","Yes","26.8954570333881","0.758364818871324","-0.938973914521776",NA
"HER","Cohort 2024","None","2024","Yes",NA,NA,NA,NA
"HER","Cohort 2025","None","2025","Yes",NA,NA,NA,NA
"HOM","Cohort 2003","None","2003","Yes","37.2567318509307","0.19037349665687","-1.80210079269624",NA
"HOM","Cohort 2004","None","2004","Yes","38.2890970552418","0.202753978122413","-1.29493264724273",NA
"HOM","Cohort 2005","None","2005","Yes","37.9980954137911","0.228751736706418","-1.26195982431586",NA
"HOM","Cohort 2006","None","2006","Yes","37.3891962079098","0.257678838780909","-1.15019729255517",NA
"HOM","Cohort 2007","None","2007","Yes","37.8077134233883","0.231688706649547","-1.34701228418558",NA
"HOM","Cohort 2008","None","2008","Yes","37.4791532334604","0.20912357886709","-1.90927632085018",NA
"HOM","Cohort 2009","None","2009","Yes","38.2790885426558","0.218573270390953","-1.46240264307421",NA
"HOM","Cohort 2010","None","2010","Yes","37.6969103950493","0.24171193584065","-1.19651857827759",NA
"HOM","Cohort 2011","None","2011","Yes","36.7070335891833","0.292511281422187","-0.92763093555206",NA
"HOM","Cohort 2012","None","2012","Yes","35.9264683715016","0.32405564026022","-0.948836963805284",NA
"HOM","Cohort 2013","None","2013","Yes","34.4987609645879","0.344353268475613","-1.13461939679982",NA
"HOM","Cohort 2014","None","2014","Yes","36.1487786471122","0.240506110518512","-1.51900965286999",NA
"HOM","Cohort 2015","None","2015","Yes","35.7228811133347","0.262694280736484","-1.39698809299515",NA
"HOM","Cohort 2016","None","2016","Yes","35.5339978987098","0.286252156787497","-1.29219334902589",NA
"HOM","Cohort 2017","None","2017","Yes","34.6411626971511","0.284770635318047","-1.32297734521909",NA
"HOM","Cohort 2018","None","2018","Yes","33.8138824049166","0.3039184704552","-1.31642745510723",NA
"HOM","Cohort 2019","None","2019","Yes","33.4463572301715","0.344374170604931","-1.05622274636052",NA
"HOM","Cohort 2020","None","2020","Yes","33.3979063170878","0.351937813138474","-0.960792655527562",NA
"HOM","Cohort 2021","None","2021","Yes","32.5114082357081","0.40235205670176","-0.97026473387247",NA
"HOM","Cohort 2022","None","2022","Yes","44.6458297233425","0.20035075133603","-1.41413101525659",NA
"HOM","Cohort 2023","None","2023","Yes",NA,NA,NA,NA
"HOM","Cohort 2024","None","2024","Yes",NA,NA,NA,NA
"HOM","Cohort 2025","None","2025","Yes",NA,NA,NA,NA
"MAC","Cohort 2003","None","2003","Yes","34.8484428745139","0.537310257957388","-1.72911583666912",NA
"MAC","Cohort 2004","None","2004","Yes","35.3867753608435","0.449986789851496","-1.86604463902502",NA
"MAC","Cohort 2005","None","2005","Yes","35.6624909363041","0.468045678182187","-1.61380220205514",NA
"MAC","Cohort 2006","None","2006","Yes","35.8457768236444","0.447609236744801","-1.70218078118499",NA
"MAC","Cohort 2007","None","2007","Yes","35.2624958944965","0.472437796622042","-1.7701378217553",NA
"MAC","Cohort 2008","None","2008","Yes","35.3427285891025","0.453578325811109","-1.89532880838781",NA
"MAC","Cohort 2009","None","2009","Yes","37.0637619943405","0.351679559487258","-2.49990356947571",NA
"MAC","Cohort 2010","None","2010","Yes","37.3982444372744","0.338302031730696","-2.3161486117832",NA
"MAC","Cohort 2011","None","2011","Yes","36.5404044872794","0.429377037251228","-1.53834873628734",NA
"MAC","Cohort 2012","None","2012","Yes","35.7493424499372","0.490587544648098","-1.55487533958635",NA
"MAC","Cohort 2013","None","2013","Yes","33.7394440387185","0.772297940300286","-1.14166526701138",NA
"MAC","Cohort 2014","None","2014","Yes","39.3121756544605","0.322852357224773","-2.37140348425617",NA
"MAC","Cohort 2015","None","2015","Yes","34.6026621798778","0.694541114348854","-1.05552768615216",NA
"MAC","Cohort 2016","None","2016","Yes","35.5768592901672","0.622852076731674","-1.2181194302346",NA
"MAC","Cohort 2017","None","2017","Yes","33.7639712463732","0.858894769148423","-0.966479514590591",NA
"MAC","Cohort 2018","None","2018","Yes","34.591074712743","0.644899552826088","-1.37865829588676",NA
"MAC","Cohort 2019","None","2019","Yes","37.4412597007896","0.49145561355752","-1.56901233062484",NA
"MAC","Cohort 2020","None","2020","Yes","34.1698640027502","0.784083731198418","-1.18441244246216",NA
"MAC","Cohort 2021","None","2021","Yes","37.3589996491329","0.548098272427127","-1.34159805804397",NA
"MAC","Cohort 2022","None","2022","Yes","34.1816553279698","0.752406767555757","-1.29883309293",NA
"MAC","Cohort 2023","None","2023","Yes","34.4548941893121","0.782562108926238","-1.18584473844293",NA
"MAC","Cohort 2024","None","2024","Yes",NA,NA,NA,NA
"MAC","Cohort 2025","None","2025","Yes",NA,NA,NA,NA
"MEG","Cohort 2003","None","2003","Yes","57.9199253424765","0.102661663091184","-2.43209558047257",NA
"MEG","Cohort 2004","None","2004","Yes","54.5036672288498","0.11400269167095","-2.3908740950267",NA
"MEG","Cohort 2005","None","2005","Yes","53.7248500659398","0.113117325347878","-2.41500340216564",NA
"MEG","Cohort 2006","None","2006","Yes","55.6978507294238","0.106342438068573","-2.49008352550101",NA
"MEG","Cohort 2007","None","2007","Yes","54.4383660133692","0.116439666202636","-1.8714270659075",NA
"MEG","Cohort 2008","None","2008","Yes","43.0318284087815","0.252396398302438","-0.352151720016885",NA
"MEG","Cohort 2009","None","2009","Yes","44.8809134735438","0.189255125317384","-1.2851826905738",NA
"MEG","Cohort 2010","None","2010","Yes","41.547140903804","0.205585451536481","-1.92117428689923",NA
"MEG","Cohort 2011","None","2011","Yes","47.3819350970006","0.133106502244694","-3.18588992235784",NA
"MEG","Cohort 2012","None","2012","Yes","41.1713455118659","0.216319555595149","-1.89239005906861",NA
"MEG","Cohort 2013","None","2013","Yes","38.8255685277743","0.289599578510142","-1.20013135770617",NA
"MEG","Cohort 2014","None","2014","Yes","38.2629382304162","0.305154153855147","-0.814168657214199",NA
"MEG","Cohort 2015","None","2015","Yes","36.9749607346255","0.33131798264653","-0.844910400492182",NA
"MEG","Cohort 2016","None","2016","Yes","38.6780129644234","0.279233887554115","-0.900420740101618",NA
"MEG","Cohort 2017","None","2017","Yes","36.7685164814847","0.301538840715446","-0.910628131369431",NA
"MEG","Cohort 2018","None","2018","Yes","32.4414326253687","0.443230470390704","-0.474937786985112",NA
"MEG","Cohort 2019","None","2019","Yes","30.5074178262556","0.484879184591474","-0.6369479115976",NA
"MEG","Cohort 2020","None","2020","Yes","28.742992205941","0.375190441777541","-1.30388347597631",NA
"MEG","Cohort 2021","None","2021","Yes",NA,NA,NA,NA
"MEG","Cohort 2022","None","2022","Yes","50.5517352482018","0.108304587602492","-2.241078704055",NA
"MEG","Cohort 2023","None","2023","Yes","-98.0715507343912","-0.048811646405835","-1.60651314378392",NA
"MEG","Cohort 2024","None","2024","Yes",NA,NA,NA,NA
"MEG","Cohort 2025","None","2025","Yes",NA,NA,NA,NA
"PLE","Cohort 2003","None","2003","Yes","34.1341084821407","0.418918226455254","-0.598955514292404",NA
"PLE","Cohort 2004","None","2004","Yes","37.9068310296761","0.245821919862518","-1.95160527292083",NA
"PLE","Cohort 2005","None","2005","Yes","33.983292531581","0.362582593885382","-1.24072583409236",NA
"PLE","Cohort 2006","None","2006","Yes","35.6943770035761","0.304976691234967","-1.42449449373557",NA
"PLE","Cohort 2007","None","2007","Yes","37.2188123960515","0.212279435106362","-2.68726263323868",NA
"PLE","Cohort 2008","None","2008","Yes","36.1522626664353","0.28626657040905","-1.59266771745539",NA
"PLE","Cohort 2009","None","2009","Yes","35.995634967677","0.313423998808544","-1.33374189249063",NA
"PLE","Cohort 2010","None","2010","Yes","35.1176958860198","0.333900306012866","-1.40887411172831",NA
"PLE","Cohort 2011","None","2011","Yes","32.7760291793361","0.459435287320589","-0.736147454594532",NA
"PLE","Cohort 2012","None","2012","Yes","35.9302724851402","0.269452723039802","-2.16952815923234",NA
"PLE","Cohort 2013","None","2013","Yes","39.323559009083","0.197740971917574","-2.53252221373072",NA
"PLE","Cohort 2014","None","2014","Yes","33.8823768233247","0.280084598418362","-2.05703620290161",NA
"PLE","Cohort 2015","None","2015","Yes","40.4412329603088","0.166680829365497","-3.05985547371422",NA
"PLE","Cohort 2016","None","2016","Yes","32.8708475233725","0.329988463370085","-1.70926311992296",NA
"PLE","Cohort 2017","None","2017","Yes","34.3994457851103","0.250696400739145","-2.53158651357514",NA
"PLE","Cohort 2018","None","2018","Yes","38.1828653006669","0.200306643364202","-2.65264065561903",NA
"PLE","Cohort 2019","None","2019","Yes","33.6029661089295","0.265292558676437","-2.60377370617095",NA
"PLE","Cohort 2020","None","2020","Yes","33.4490379184885","0.32440947961046","-1.59341670771708",NA
"PLE","Cohort 2021","None","2021","Yes","43.8969301074154","0.125078045691573","-3.749124175515",NA
"PLE","Cohort 2022","None","2022","Yes","27.2212658237049","0.574845974502081","-1.1797906850039",NA
"PLE","Cohort 2023","None","2023","Yes",NA,NA,NA,NA
"PLE","Cohort 2024","None","2024","Yes",NA,NA,NA,NA
"POK","Cohort 2003","None","2003","Yes",NA,NA,NA,NA
"POK","Cohort 2004","None","2004","Yes",NA,NA,NA,NA
"POK","Cohort 2005","None","2005","Yes",NA,NA,NA,NA
"POK","Cohort 2006","None","2006","Yes",NA,NA,NA,NA
"POK","Cohort 2009","None","2009","Yes",NA,NA,NA,NA
"POK","Cohort 2010","None","2010","Yes",NA,NA,NA,NA
"POK","Cohort 2011","None","2011","Yes",NA,NA,NA,NA
"POK","Cohort 2012","None","2012","Yes",NA,NA,NA,NA
"POK","Cohort 2013","None","2013","Yes",NA,NA,NA,NA
"POK","Cohort 2014","None","2014","Yes",NA,NA,NA,NA
"POK","Cohort 2015","None","2015","Yes","65.041138602722","0.281018788701122","-1.10869964225323",NA
"POK","Cohort 2016","None","2016","Yes",NA,NA,NA,NA
"POK","Cohort 2017","None","2017","Yes",NA,NA,NA,NA
"POK","Cohort 2018","None","2018","Yes",NA,NA,NA,NA
"POK","Cohort 2019","None","2019","Yes",NA,NA,NA,NA
"POK","Cohort 2020","None","2020","Yes",NA,NA,NA,NA
"POK","Cohort 2021","None","2021","Yes",NA,NA,NA,NA
"POK","Cohort 2022","None","2022","Yes",NA,NA,NA,NA
"POL","Cohort 2007","None","2007","Yes",NA,NA,NA,NA
"POL","Cohort 2008","None","2008","Yes",NA,NA,NA,NA
"POL","Cohort 2009","None","2009","Yes",NA,NA,NA,NA
"POL","Cohort 2010","None","2010","Yes",NA,NA,NA,NA
"POL","Cohort 2011","None","2011","Yes",NA,NA,NA,NA
"POL","Cohort 2012","None","2012","Yes","-163.166666666683","-0.0273989741881124","-6.23783709768915",NA
"POL","Cohort 2013","None","2013","Yes",NA,NA,NA,NA
"POL","Cohort 2014","None","2014","Yes",NA,NA,NA,NA
"POL","Cohort 2015","None","2015","Yes","-44.4764693840618","-0.0549506139992413","-10.0758566594854",NA
"POL","Cohort 2016","None","2016","Yes",NA,NA,NA,NA
"POL","Cohort 2017","None","2017","Yes",NA,NA,NA,NA
"POL","Cohort 2018","None","2018","Yes",NA,NA,NA,NA
"POL","Cohort 2019","None","2019","Yes",NA,NA,NA,NA
"POL","Cohort 2020","None","2020","Yes","56.2014304403157","0.62966032330641","-0.634062669488193",NA
"POL","Cohort 2021","None","2021","Yes",NA,NA,NA,NA
"POL","Cohort 2022","None","2022","Yes",NA,NA,NA,NA
"POL","Cohort 2023","None","2023","Yes",NA,NA,NA,NA
"SOL","Cohort 2003","None","2003","Yes",NA,NA,NA,NA
"SOL","Cohort 2004","None","2004","Yes","34.6239758189472","0.247277872398946","-2.23058198211831",NA
"SOL","Cohort 2005","None","2005","Yes","38.1125025683551","0.116927581957277","-7.58951871883477",NA
"SOL","Cohort 2006","None","2006","Yes","32.2696635083399","0.390233643368332","-1.34633190261241",NA
"SOL","Cohort 2007","None","2007","Yes","33.2010199315907","0.238535586887835","-3.59953383189049",NA
"SOL","Cohort 2008","None","2008","Yes","31.7885212559983","0.435056195043142","-0.869995527825965",NA
"SOL","Cohort 2009","None","2009","Yes","30.5625138540698","0.514146145967839","-0.439884962043863",NA
"SOL","Cohort 2010","None","2010","Yes",NA,NA,NA,NA
"SOL","Cohort 2011","None","2011","Yes","31.1783091419501","0.626182633436482","-0.0388928625323876",NA
"SOL","Cohort 2012","None","2012","Yes",NA,NA,NA,NA
"SOL","Cohort 2013","None","2013","Yes","41.3558127407647","0.078175710474112","-10.6991814411585",NA
"SOL","Cohort 2014","None","2014","Yes","31.2370323296352","0.481497028605523","-1.62434716143246",NA
"SOL","Cohort 2015","None","2015","Yes","47.4384261004699","0.0763049939003341","-6.68440829600222",NA
"SOL","Cohort 2016","None","2016","Yes","34.6655966074256","0.290105411400671","-1.69907630834392",NA
"SOL","Cohort 2017","None","2017","Yes","39.0691907802772","0.18469313673864","-2.78442756996685",NA
"SOL","Cohort 2018","None","2018","Yes","40.2633285405411","0.152623372568239","-3.76634821305217",NA
"SOL","Cohort 2019","None","2019","Yes","68.8369532890508","0.0576521738289133","-4.66345991474636",NA
"SOL","Cohort 2020","None","2020","Yes",NA,NA,NA,NA
"SOL","Cohort 2021","None","2021","Yes","32.4401946242418","0.503605799383375","-0.669059847950288",NA
"SOL","Cohort 2022","None","2022","Yes",NA,NA,NA,NA
"SOL","Cohort 2023","None","2023","Yes","26.8727047146402","0.849668091409166","-0.657336160772894",NA
"SOL","Cohort 2024","None","2024","Yes",NA,NA,NA,NA
"SOL","Cohort 2025","None","2025","Yes",NA,NA,NA,NA
"WHB","Cohort 2003","None","2003","Yes","36.9141665719352","0.25312032027046","-2.41391016770516",NA
"WHB","Cohort 2004","None","2004","Yes","39.2234147892195","0.195416050113178","-3.32424175428514",NA
"WHB","Cohort 2005","None","2005","Yes","38.7632189094351","0.242410074886328","-2.44755674948232",NA
"WHB","Cohort 2006","None","2006","Yes","34.3432324351455","0.40444727756598","-1.59288576637302",NA
"WHB","Cohort 2007","None","2007","Yes","36.6189208692537","0.321393270677798","-2.06539744561632",NA
"WHB","Cohort 2008","None","2008","Yes","31.9055874877163","0.534675708375052","-1.47072124040415",NA
"WHB","Cohort 2009","None","2009","Yes","38.5127159500203","0.222308038071407","-2.85264622729337",NA
"WHB","Cohort 2010","None","2010","Yes","31.7920559159164","0.471400261297989","-1.71245977503754",NA
"WHB","Cohort 2011","None","2011","Yes","32.3386476233708","0.336951357391223","-2.33768758266921",NA
"WHB","Cohort 2012","None","2012","Yes","34.5933474230097","0.293377823319071","-2.51034158307829",NA
"WHB","Cohort 2013","None","2013","Yes","30.5910079579695","0.439021168262129","-2.12078772150523",NA
"WHB","Cohort 2014","None","2014","Yes","31.4333241670244","0.348041907262582","-2.42249933067026",NA
"WHB","Cohort 2015","None","2015","Yes","30.4106176082733","0.496785298693177","-1.84529500053136",NA
"WHB","Cohort 2016","None","2016","Yes","34.6537854318367","0.316847935071103","-2.52025658339577",NA
"WHB","Cohort 2017","None","2017","Yes","35.2834572384035","0.311049350637545","-2.54622152350667",NA
"WHB","Cohort 2018","None","2018","Yes","32.0616541360225","0.518165393398405","-1.64248898887316",NA
"WHB","Cohort 2019","None","2019","Yes","32.4267786764487","0.432932482748649","-2.14916087598239",NA
"WHB","Cohort 2020","None","2020","Yes","29.2883435922411","0.511520750105171","-1.8096259190228",NA
"WHB","Cohort 2021","None","2021","Yes","29.2445520510843","0.477298467864715","-1.87551171795391",NA
"WHB","Cohort 2022","None","2022","Yes","30.3142810865463","0.468261707983867","-2.10175495939654",NA
"WHB","Cohort 2023","None","2023","Yes","28.1554991845848","0.65118275966747","-1.71079830775704",NA
"WHB","Cohort 2024","None","2024","Yes",NA,NA,NA,NA
"WHB","Cohort 2025","None","2025","Yes",NA,NA,NA,NA
"WHG","Cohort 2003","None","2003","Yes","39.206196572431","0.635501223245878","-0.759810140714755",NA
"WHG","Cohort 2004","None","2004","Yes","43.9541787565115","0.425601855305709","-1.18786743543999",NA
"WHG","Cohort 2005","None","2005","Yes","48.7147666744549","0.330312522431843","-1.415531554669",NA
"WHG","Cohort 2006","None","2006","Yes","54.0728227201671","0.286609216123775","-1.41011991244703",NA
"WHG","Cohort 2007","None","2007","Yes","51.5819424014353","0.328024250652381","-1.30636515678968",NA
"WHG","Cohort 2008","None","2008","Yes","46.4548051448298","0.431606673135455","-1.12092213971639",NA
"WHG","Cohort 2009","None","2009","Yes","47.3238960232662","0.369941466116306","-1.34943909238025",NA
"WHG","Cohort 2010","None","2010","Yes","46.5407639841256","0.39611506633654","-1.15218799559439",NA
"WHG","Cohort 2011","None","2011","Yes","50.5840468490839","0.295860684143781","-1.53566824806695",NA
"WHG","Cohort 2012","None","2012","Yes","53.6553099833373","0.291051737676591","-1.38997009416481",NA
"WHG","Cohort 2013","None","2013","Yes","48.4779716472506","0.395504679700025","-1.0881112459264",NA
"WHG","Cohort 2014","None","2014","Yes","42.3202929387638","0.473493275924387","-1.06728655892032",NA
"WHG","Cohort 2015","None","2015","Yes","43.4009330211727","0.420373721113717","-1.19310171019034",NA
"WHG","Cohort 2016","None","2016","Yes","46.7445282359699","0.369727073887635","-1.14555853925296",NA
"WHG","Cohort 2017","None","2017","Yes","51.5919735850377","0.324586732903763","-1.2552830156223",NA
"WHG","Cohort 2018","None","2018","Yes","46.0893016284891","0.396954119081182","-1.2126091042904",NA
"WHG","Cohort 2019","None","2019","Yes","42.8508239916159","0.427131636735736","-1.20967260896907",NA
"WHG","Cohort 2020","None","2020","Yes","48.190809936635","0.312870566541124","-1.43164756052179",NA
"WHG","Cohort 2021","None","2021","Yes","51.502634410593","0.259574731120194","-1.61719723647446",NA
"WHG","Cohort 2022","None","2022","Yes","38.335220678993","0.588420846444068","-0.918033769542169",NA
"WHG","Cohort 2023","None","2023","Yes","41.1431370477773","0.47382718720227","-1.19807436959968",NA
"WHG","Cohort 2024","None","2024","Yes",NA,NA,NA,NA
"WHG","Cohort 2025","None","2025","Yes",NA,NA,NA,NA
"COD","Cohort 2003 female","Sex","2003","Yes","138.240535752779","0.219840403558478","-0.542120797328905","female"
"COD","Cohort 2003 male","Sex","2003","Yes",NA,NA,NA,"male"
"COD","Cohort 2004 female","Sex","2004","Yes","269.754073447388","0.0848258620880365","-0.912827348768626","female"
"COD","Cohort 2004 male","Sex","2004","Yes","93.3815245112727","0.396830752038867","-0.485985911115489","male"
"COD","Cohort 2005 female","Sex","2005","Yes",NA,NA,NA,"female"
"COD","Cohort 2005 male","Sex","2005","Yes","247.220896947166","0.090945082359642","-0.894581468615698","male"
"COD","Cohort 2006 female","Sex","2006","Yes","136.762194198246","0.224624005776491","-0.533181932455092","female"
"COD","Cohort 2006 male","Sex","2006","Yes","107.892305239009","0.330910764722093","-0.350907932921732","male"
"COD","Cohort 2007 female","Sex","2007","Yes","-277.008838583628","-0.0458743191817668","-1.86349083341103","female"
"COD","Cohort 2007 male","Sex","2007","Yes","137.160714285714","0.212921997242673","-0.716995653038294","male"
"COD","Cohort 2008 female","Sex","2008","Yes","113.058430988381","0.338802057583138","-0.251509132968768","female"
"COD","Cohort 2008 male","Sex","2008","Yes","95.3550376417704","0.372755097454892","-0.425275043344398","male"
"COD","Cohort 2009 female","Sex","2009","Yes","121.634527615951","0.31939873404424","-0.141875067062289","female"
"COD","Cohort 2009 male","Sex","2009","Yes","123.55959986835","0.259742828138423","-0.438462821286751","male"
"COD","Cohort 2010 female","Sex","2010","Yes","156.314595080791","0.184620387075949","-0.629439091058539","female"
"COD","Cohort 2010 male","Sex","2010","Yes","179.334586335138","0.135396567888319","-0.879637172223808","male"
"COD","Cohort 2011 female","Sex","2011","Yes",NA,NA,NA,"female"
"COD","Cohort 2011 male","Sex","2011","Yes",NA,NA,NA,"male"
"COD","Cohort 2012 female","Sex","2012","Yes","197.367907049961","0.141911636124659","-0.490758536493566","female"
"COD","Cohort 2012 male","Sex","2012","Yes","129.679694117355","0.268250465288854","-0.258165227569231","male"
"COD","Cohort 2013 female","Sex","2013","Yes","139.577709256676","0.255706551503312","-0.266398133586218","female"
"COD","Cohort 2013 male","Sex","2013","Yes","128.529348688401","0.279945009079818","-0.287628348878103","male"
"COD","Cohort 2014 female","Sex","2014","Yes",NA,NA,NA,"female"
"COD","Cohort 2014 male","Sex","2014","Yes",NA,NA,NA,"male"
"COD","Cohort 2015 female","Sex","2015","Yes","161.548461616564","0.159038719132929","-0.865112005074376","female"
"COD","Cohort 2015 male","Sex","2015","Yes",NA,NA,NA,"male"
"COD","Cohort 2016 female","Sex","2016","Yes",NA,NA,NA,"female"
"COD","Cohort 2016 male","Sex","2016","Yes",NA,NA,NA,"male"
"COD","Cohort 2017 female","Sex","2017","Yes","405.009178879762","0.0436020406136594","-1.57728602424722","female"
"COD","Cohort 2017 male","Sex","2017","Yes",NA,NA,NA,"male"
"COD","Cohort 2018 female","Sex","2018","Yes","274.599592516577","0.0921932250826352","-0.651939813625597","female"
"COD","Cohort 2018 male","Sex","2018","Yes","120.753067285258","0.274125029147207","-0.451520741835683","male"
"COD","Cohort 2019 female","Sex","2019","Yes","110.801560391225","0.459729753162782","0.0828617369456908","female"
"COD","Cohort 2019 male","Sex","2019","Yes","95.5701285194265","0.654676186297209","0.276671783441647","male"
"COD","Cohort 2020 female","Sex","2020","Yes","304.878692990088","0.0859835155594731","-0.634128963702228","female"
"COD","Cohort 2020 male","Sex","2020","Yes","136.852990400212","0.271185009102368","-0.398764917420662","male"
"COD","Cohort 2021 female","Sex","2021","Yes","152.98798839151","0.194683730451638","-0.552871547644555","female"
"COD","Cohort 2021 male","Sex","2021","Yes",NA,NA,NA,"male"
"COD","Cohort 2022 female","Sex","2022","Yes",NA,NA,NA,"female"
"COD","Cohort 2022 male","Sex","2022","Yes",NA,NA,NA,"male"
"COD","Cohort 2023 female","Sex","2023","Yes",NA,NA,NA,"female"
"COD","Cohort 2023 male","Sex","2023","Yes",NA,NA,NA,"male"
"COD","Cohort 2024 female","Sex","2024","Yes",NA,NA,NA,"female"
"COD","Cohort 2024 male","Sex","2024","Yes",NA,NA,NA,"male"
"HAD","Cohort 2003 female","Sex","2003","Yes","46.4628966359107","0.410691795310085","-1.01363988650676","female"
"HAD","Cohort 2003 male","Sex","2003","Yes","40.9024278328792","0.470599540962308","-1.03863989018425","male"
"HAD","Cohort 2004 female","Sex","2004","Yes","50.8661360859662","0.368472419418084","-1.07608985589926","female"
"HAD","Cohort 2004 male","Sex","2004","Yes","47.7127189962224","0.290984657501589","-1.61803689261374","male"
"HAD","Cohort 2005 female","Sex","2005","Yes","48.0501962073691","0.412338784574964","-1.19567145781984","female"
"HAD","Cohort 2005 male","Sex","2005","Yes","44.4537267440985","0.418754275354408","-1.27360535884019","male"
"HAD","Cohort 2006 female","Sex","2006","Yes","51.5506021771881","0.406597855069859","-1.06043621556396","female"
"HAD","Cohort 2006 male","Sex","2006","Yes","45.6981235672802","0.410296930995824","-1.29111080559153","male"
"HAD","Cohort 2007 female","Sex","2007","Yes","53.7248088897143","0.344229454600559","-1.31437821041043","female"
"HAD","Cohort 2007 male","Sex","2007","Yes","50.6747197941985","0.268460201227564","-1.82637733745994","male"
"HAD","Cohort 2008 female","Sex","2008","Yes","56.189487165841","0.321005124316811","-1.28893513380587","female"
"HAD","Cohort 2008 male","Sex","2008","Yes","49.8481960389564","0.314448737506329","-1.58933392065218","male"
"HAD","Cohort 2009 female","Sex","2009","Yes","57.6454447281084","0.250936019139207","-1.53263660127833","female"
"HAD","Cohort 2009 male","Sex","2009","Yes","63.052214898912","0.147558472806001","-2.51581941646544","male"
"HAD","Cohort 2010 female","Sex","2010","Yes","50.5404260957548","0.377584013365349","-1.10980375324956","female"
"HAD","Cohort 2010 male","Sex","2010","Yes","47.0983411173713","0.338185372747994","-1.38923467824761","male"
"HAD","Cohort 2011 female","Sex","2011","Yes","53.7464512934841","0.361834436016417","-1.13763105645535","female"
"HAD","Cohort 2011 male","Sex","2011","Yes","49.178369283766","0.305837579419356","-1.60995983680659","male"
"HAD","Cohort 2012 female","Sex","2012","Yes","54.901519927352","0.417758039356042","-0.988114079244565","female"
"HAD","Cohort 2012 male","Sex","2012","Yes","47.4183454454402","0.470674334901703","-1.00816891936894","male"
"HAD","Cohort 2013 female","Sex","2013","Yes","55.4074624913455","0.443009963816965","-0.814563382396432","female"
"HAD","Cohort 2013 male","Sex","2013","Yes","54.8772371230405","0.347160847052654","-1.13063419929025","male"
"HAD","Cohort 2014 female","Sex","2014","Yes","43.8470646045873","0.538074967823711","-0.944119314347294","female"
"HAD","Cohort 2014 male","Sex","2014","Yes","39.4756341477825","0.570296158602531","-1.05162570609248","male"
"HAD","Cohort 2015 female","Sex","2015","Yes","49.6145125908541","0.438045091773492","-1.03158090894943","female"
"HAD","Cohort 2015 male","Sex","2015","Yes","44.5964842257798","0.380408206990917","-1.45108969078792","male"
"HAD","Cohort 2016 female","Sex","2016","Yes","52.0370908490912","0.33633045962934","-1.26523198137501","female"
"HAD","Cohort 2016 male","Sex","2016","Yes","44.5848307573118","0.379247349754649","-1.39616001747687","male"
"HAD","Cohort 2017 female","Sex","2017","Yes","52.5751036252793","0.417927336831012","-1.00775744755606","female"
"HAD","Cohort 2017 male","Sex","2017","Yes","48.1380463482131","0.417715938693679","-1.11457221756023","male"
"HAD","Cohort 2018 female","Sex","2018","Yes","51.9790969812531","0.351589412414587","-1.21488052528154","female"
"HAD","Cohort 2018 male","Sex","2018","Yes","47.8381444112017","0.302643440316262","-1.60478390545939","male"
"HAD","Cohort 2019 female","Sex","2019","Yes","49.0878809484088","0.34132257297793","-1.29060213186981","female"
"HAD","Cohort 2019 male","Sex","2019","Yes","45.5075682950079","0.317777487692319","-1.54301790447179","male"
"HAD","Cohort 2020 female","Sex","2020","Yes","45.1410717503958","0.444807182752162","-1.11351958703563","female"
"HAD","Cohort 2020 male","Sex","2020","Yes","45.5858218351954","0.327858875765044","-1.49143696398522","male"
"HAD","Cohort 2021 female","Sex","2021","Yes","49.0649063964764","0.308093969119778","-1.58133046613949","female"
"HAD","Cohort 2021 male","Sex","2021","Yes","45.9144928624471","0.265075003525936","-1.98119308542121","male"
"HAD","Cohort 2022 female","Sex","2022","Yes","37.2039111610979","0.627927328454518","-0.979917630367239","female"
"HAD","Cohort 2022 male","Sex","2022","Yes","39.819608122755","0.441139402017888","-1.26573539852512","male"
"HAD","Cohort 2023 female","Sex","2023","Yes","56.7854484233065","0.260705497248302","-1.38885604292594","female"
"HAD","Cohort 2023 male","Sex","2023","Yes","38.2653708621498","0.435232881497603","-1.47249697867768","male"
"HAD","Cohort 2024 female","Sex","2024","Yes",NA,NA,NA,"female"
"HAD","Cohort 2024 male","Sex","2024","Yes",NA,NA,NA,"male"
"HAD","Cohort 2025 female","Sex","2025","Yes",NA,NA,NA,"female"
"HAD","Cohort 2025 male","Sex","2025","Yes",NA,NA,NA,"male"
"HER","Cohort 2003 female","Sex","2003","Yes","31.0116987700597","0.414490221509145","-1.87299679486245","female"
"HER","Cohort 2003 male","Sex","2003","Yes","29.2192355401995","0.626296957699987","-1.18632612839506","male"
"HER","Cohort 2004 female","Sex","2004","Yes","30.7073058947205","0.446166724454755","-1.54309030239073","female"
"HER","Cohort 2004 male","Sex","2004","Yes","29.9467276651258","0.499718362593981","-1.29789723694745","male"
"HER","Cohort 2005 female","Sex","2005","Yes","30.4727495939332","0.505378423087979","-1.3659532722704","female"
"HER","Cohort 2005 male","Sex","2005","Yes","30.2718120003379","0.491148301054522","-1.49136491360765","male"
"HER","Cohort 2006 female","Sex","2006","Yes","29.6548982404403","0.609925985953791","-1.06226851276355","female"
"HER","Cohort 2006 male","Sex","2006","Yes","29.3140087944019","0.558932390637774","-1.34259768102011","male"
"HER","Cohort 2007 female","Sex","2007","Yes","30.5673221354723","0.430046610204837","-1.93708073129105","female"
"HER","Cohort 2007 male","Sex","2007","Yes","29.5653986765199","0.567181867340856","-1.31986159787873","male"
"HER","Cohort 2008 female","Sex","2008","Yes","29.7049515908251","0.458889416321952","-1.80063193089919","female"
"HER","Cohort 2008 male","Sex","2008","Yes","29.0285767628525","0.54529322985478","-1.45241468288136","male"
"HER","Cohort 2009 female","Sex","2009","Yes","29.9460638380287","0.499552309004518","-1.5515371828186","female"
"HER","Cohort 2009 male","Sex","2009","Yes","29.0377548455821","0.61530986609508","-1.23501890926887","male"
"HER","Cohort 2010 female","Sex","2010","Yes","29.6750675839099","0.468085600410585","-1.66218179592","female"
"HER","Cohort 2010 male","Sex","2010","Yes","28.9083838280331","0.483344586016684","-1.70249620954074","male"
"HER","Cohort 2011 female","Sex","2011","Yes","28.9176410434143","0.530871155693533","-1.61340997347303","female"
"HER","Cohort 2011 male","Sex","2011","Yes","29.3898896046863","0.471282265732079","-1.78551361033722","male"
"HER","Cohort 2012 female","Sex","2012","Yes","29.2252205154704","0.489795546590097","-1.45465020877291","female"
"HER","Cohort 2012 male","Sex","2012","Yes","29.5318948427495","0.431942459004425","-1.74081828544294","male"
"HER","Cohort 2013 female","Sex","2013","Yes","28.1455307739148","0.615662940546224","-1.15371842335845","female"
"HER","Cohort 2013 male","Sex","2013","Yes","27.9498212723741","0.594877165238902","-1.29346280024894","male"
"HER","Cohort 2014 female","Sex","2014","Yes","28.4717566544227","0.525170613881349","-1.39180048673552","female"
"HER","Cohort 2014 male","Sex","2014","Yes","29.4188547009257","0.439433563637264","-1.63961596383463","male"
"HER","Cohort 2015 female","Sex","2015","Yes","30.5309698303265","0.354851252895779","-2.04161852801488","female"
"HER","Cohort 2015 male","Sex","2015","Yes","28.6224987084404","0.450781887740253","-1.61609404412122","male"
"HER","Cohort 2016 female","Sex","2016","Yes","29.42056895561","0.423795442208195","-1.66738362196165","female"
"HER","Cohort 2016 male","Sex","2016","Yes","29.8389879673125","0.334867347454243","-2.46466448265949","male"
"HER","Cohort 2017 female","Sex","2017","Yes","27.4462776180532","0.55933862447238","-1.57846278156139","female"
"HER","Cohort 2017 male","Sex","2017","Yes","27.6744873938782","0.601177337242743","-1.21583121445767","male"
"HER","Cohort 2018 female","Sex","2018","Yes","28.0496889785542","0.520725357234757","-1.36592779349815","female"
"HER","Cohort 2018 male","Sex","2018","Yes","27.497361509526","0.569542047500626","-1.32760552531826","male"
"HER","Cohort 2019 female","Sex","2019","Yes","28.8382930706137","0.451786091092846","-1.54848976892203","female"
"HER","Cohort 2019 male","Sex","2019","Yes","29.649697385604","0.395084593742277","-1.77158673808924","male"
"HER","Cohort 2020 female","Sex","2020","Yes","30.9078220907029","0.369425402633057","-1.79919503618433","female"
"HER","Cohort 2020 male","Sex","2020","Yes","28.6388066725276","0.528311622173286","-1.1960937802541","male"
"HER","Cohort 2021 female","Sex","2021","Yes","27.6577772166957","0.568924599166722","-1.33593157262062","female"
"HER","Cohort 2021 male","Sex","2021","Yes","30.139093509888","0.385303478086195","-1.75471369566349","male"
"HER","Cohort 2022 female","Sex","2022","Yes","37.6895313559597","0.264656004557668","-1.87920955287283","female"
"HER","Cohort 2022 male","Sex","2022","Yes","29.9308156533279","0.446263781678198","-1.65330199835064","male"
"HER","Cohort 2023 female","Sex","2023","Yes","29.8333333333333","0.559615787935422","-1.07648558199666","female"
"HER","Cohort 2023 male","Sex","2023","Yes","25.7608695652174","0.855666110057719","-0.933017475654862","male"
"HER","Cohort 2024 female","Sex","2024","Yes",NA,NA,NA,"female"
"HER","Cohort 2024 male","Sex","2024","Yes",NA,NA,NA,"male"
"HER","Cohort 2025 female","Sex","2025","Yes",NA,NA,NA,"female"
"HER","Cohort 2025 male","Sex","2025","Yes",NA,NA,NA,"male"
"HOM","Cohort 2003 female","Sex","2003","Yes","38.873919194564","0.136859828851305","-3.69131293850382","female"
"HOM","Cohort 2003 male","Sex","2003","Yes","39.7785372901532","0.125530036897245","-3.82736274303314","male"
"HOM","Cohort 2004 female","Sex","2004","Yes","39.4756106698857","0.142105950100937","-3.57457496560627","female"
"HOM","Cohort 2004 male","Sex","2004","Yes","40.2067948342272","0.156774723590889","-2.3178746497273","male"
"HOM","Cohort 2005 female","Sex","2005","Yes","41.163007028107","0.132875076333575","-3.81116758140703","female"
"HOM","Cohort 2005 male","Sex","2005","Yes","40.4465410318891","0.139341016085763","-3.61249897697894","male"
"HOM","Cohort 2006 female","Sex","2006","Yes","39.5086486573865","0.172420630545763","-2.75484501514992","female"
"HOM","Cohort 2006 male","Sex","2006","Yes","38.7008114821021","0.189253757994209","-2.40935179451458","male"
"HOM","Cohort 2007 female","Sex","2007","Yes","42.1114793127526","0.126657342257535","-3.95674725755745","female"
"HOM","Cohort 2007 male","Sex","2007","Yes","38.5336360834855","0.181514501561973","-2.55179421086074","male"
"HOM","Cohort 2008 female","Sex","2008","Yes","41.2341380993716","0.126803604272844","-4.10242954303988","female"
"HOM","Cohort 2008 male","Sex","2008","Yes","39.2722386266569","0.145946078624489","-3.66550283283247","male"
"HOM","Cohort 2009 female","Sex","2009","Yes","40.3530793077811","0.154324765697742","-2.8802922439439","female"
"HOM","Cohort 2009 male","Sex","2009","Yes","40.1125598425845","0.150628868412415","-3.14638344120591","male"
"HOM","Cohort 2010 female","Sex","2010","Yes","39.9909688487478","0.194705114460605","-1.6540893527097","female"
"HOM","Cohort 2010 male","Sex","2010","Yes","36.4544481205844","0.236039092521265","-1.79995784164595","male"
"HOM","Cohort 2011 female","Sex","2011","Yes","39.3645161988926","0.195642668003048","-2.28599929607482","female"
"HOM","Cohort 2011 male","Sex","2011","Yes","36.2003908514839","0.299627485059009","-0.901385954473152","male"
"HOM","Cohort 2012 female","Sex","2012","Yes","38.464929035918","0.202878163377012","-2.38042587270669","female"
"HOM","Cohort 2012 male","Sex","2012","Yes","38.9935505472965","0.181160518542048","-2.9027304311472","male"
"HOM","Cohort 2013 female","Sex","2013","Yes","38.510122078554","0.178611330256921","-2.96690051040375","female"
"HOM","Cohort 2013 male","Sex","2013","Yes","38.2526545606904","0.193457779087259","-2.644331720107","male"
"HOM","Cohort 2014 female","Sex","2014","Yes","37.0173830159125","0.21443616953273","-1.88112745548706","female"
"HOM","Cohort 2014 male","Sex","2014","Yes","38.0661202775226","0.183060551581699","-2.35875564620207","male"
"HOM","Cohort 2015 female","Sex","2015","Yes","35.9091107952583","0.256482906884204","-1.44807745957528","female"
"HOM","Cohort 2015 male","Sex","2015","Yes",NA,NA,NA,"male"
"HOM","Cohort 2016 female","Sex","2016","Yes","37.5381043016169","0.220202535832025","-1.93441022304179","female"
"HOM","Cohort 2016 male","Sex","2016","Yes","38.4607195895345","0.208479923767096","-1.9172432637413","male"
"HOM","Cohort 2017 female","Sex","2017","Yes","37.3992164373764","0.210972321158776","-1.95217046662501","female"
"HOM","Cohort 2017 male","Sex","2017","Yes","36.0590182876622","0.227367161168004","-1.9343869847128","male"
"HOM","Cohort 2018 female","Sex","2018","Yes","36.5674428316194","0.221863567664249","-1.95717962028994","female"
"HOM","Cohort 2018 male","Sex","2018","Yes","34.5322191582644","0.259280525942813","-1.87053411748535","male"
"HOM","Cohort 2019 female","Sex","2019","Yes","34.7221891469529","0.300311067730176","-1.24438793483711","female"
"HOM","Cohort 2019 male","Sex","2019","Yes","33.0433624430326","0.347016626643949","-1.16924475159722","male"
"HOM","Cohort 2020 female","Sex","2020","Yes","54.9250735671265","0.103247270162759","-2.72692976145058","female"
"HOM","Cohort 2020 male","Sex","2020","Yes","33.2519337029432","0.337178754817637","-1.13253007549319","male"
"HOM","Cohort 2021 female","Sex","2021","Yes","34.7559531950576","0.322187876913597","-1.24492741635282","female"
"HOM","Cohort 2021 male","Sex","2021","Yes","36.1528822915573","0.268270823578683","-1.6062861484226","male"
"HOM","Cohort 2022 female","Sex","2022","Yes","55.3614267656771","0.12373716201402","-2.16301133775021","female"
"HOM","Cohort 2022 male","Sex","2022","Yes","112.069936002667","0.0462287730000955","-2.77655603750375","male"
"HOM","Cohort 2023 female","Sex","2023","Yes",NA,NA,NA,"female"
"HOM","Cohort 2023 male","Sex","2023","Yes",NA,NA,NA,"male"
"HOM","Cohort 2024 female","Sex","2024","Yes",NA,NA,NA,"female"
"HOM","Cohort 2024 male","Sex","2024","Yes",NA,NA,NA,"male"
"HOM","Cohort 2025 female","Sex","2025","Yes",NA,NA,NA,"female"
"HOM","Cohort 2025 male","Sex","2025","Yes",NA,NA,NA,"male"
"MAC","Cohort 2003 female","Sex","2003","Yes","34.8303041880357","0.541279312880829","-1.83727265635221","female"
"MAC","Cohort 2003 male","Sex","2003","Yes","35.201111297823","0.457138511703231","-2.06853332376143","male"
"MAC","Cohort 2004 female","Sex","2004","Yes","35.6446992821274","0.433731268246471","-1.9947548059848","female"
"MAC","Cohort 2004 male","Sex","2004","Yes","35.1379882884704","0.460679199094372","-1.80688121590372","male"
"MAC","Cohort 2005 female","Sex","2005","Yes","35.7005282784574","0.472771148025777","-1.57457040286815","female"
"MAC","Cohort 2005 male","Sex","2005","Yes","35.8710397824823","0.430390756987938","-1.84113713457177","male"
"MAC","Cohort 2006 female","Sex","2006","Yes","36.2247303252855","0.430853152761631","-1.7404291336159","female"
"MAC","Cohort 2006 male","Sex","2006","Yes","35.4827447442813","0.460214046827573","-1.70235497150304","male"
"MAC","Cohort 2007 female","Sex","2007","Yes","36.1454825217408","0.414078681221294","-2.01511965885247","female"
"MAC","Cohort 2007 male","Sex","2007","Yes","34.9580348386812","0.489452572233375","-1.71864147240469","male"
"MAC","Cohort 2008 female","Sex","2008","Yes","36.1724196748171","0.415225190703094","-1.97174135684806","female"
"MAC","Cohort 2008 male","Sex","2008","Yes","34.5506674710219","0.497781689533361","-1.8139426351121","male"
"MAC","Cohort 2009 female","Sex","2009","Yes","37.5116914720838","0.333282080804562","-2.56991803341715","female"
"MAC","Cohort 2009 male","Sex","2009","Yes","36.8181933127537","0.361438403159042","-2.48697211146101","male"
"MAC","Cohort 2010 female","Sex","2010","Yes","36.8895227579497","0.348301587864777","-2.31159605069556","female"
"MAC","Cohort 2010 male","Sex","2010","Yes","38.2189554958272","0.309331614001876","-2.49624236136091","male"
"MAC","Cohort 2011 female","Sex","2011","Yes","38.1450242244198","0.360646511550594","-1.77239614507749","female"
"MAC","Cohort 2011 male","Sex","2011","Yes","37.415209579175","0.374585483193597","-1.85368837332872","male"
"MAC","Cohort 2012 female","Sex","2012","Yes","35.3111027784361","0.453862036667573","-1.81429395257789","female"
"MAC","Cohort 2012 male","Sex","2012","Yes","36.646503229623","0.459809161055808","-1.63089409833331","male"
"MAC","Cohort 2013 female","Sex","2013","Yes","34.6263547460457","0.657876712285964","-1.40273109634514","female"
"MAC","Cohort 2013 male","Sex","2013","Yes","33.7743313756739","0.743364786386977","-1.22188028369217","male"
"MAC","Cohort 2014 female","Sex","2014","Yes","37.3323684153234","0.378378116681714","-2.2138940536993","female"
"MAC","Cohort 2014 male","Sex","2014","Yes","39.0746994045075","0.351631545045051","-2.18755339430106","male"
"MAC","Cohort 2015 female","Sex","2015","Yes","35.7515855174646","0.532554771099016","-1.53771232657441","female"
"MAC","Cohort 2015 male","Sex","2015","Yes","34.6315656789282","0.660527900837004","-1.16744551301034","male"
"MAC","Cohort 2016 female","Sex","2016","Yes","36.6705417566894","0.500854837021866","-1.63212061093939","female"
"MAC","Cohort 2016 male","Sex","2016","Yes","35.3827205200525","0.626623312100007","-1.20970038617631","male"
"MAC","Cohort 2017 female","Sex","2017","Yes","34.7354367649287","0.646678149294338","-1.40007398653875","female"
"MAC","Cohort 2017 male","Sex","2017","Yes","33.7913053324677","0.79707894225451","-1.17902084295673","male"
"MAC","Cohort 2018 female","Sex","2018","Yes","37.0800778666932","0.420963621389374","-2.08969424505773","female"
"MAC","Cohort 2018 male","Sex","2018","Yes","33.8956456949692","0.685954254693309","-1.39622392797075","male"
"MAC","Cohort 2019 female","Sex","2019","Yes","37.7880275553901","0.480012579026662","-1.60063632927639","female"
"MAC","Cohort 2019 male","Sex","2019","Yes","37.6764799086656","0.446736296999742","-1.79074685008363","male"
"MAC","Cohort 2020 female","Sex","2020","Yes","34.6991308964049","0.740955819311613","-1.25070122914529","female"
"MAC","Cohort 2020 male","Sex","2020","Yes","34.3437497616179","0.760806883716226","-1.19571074814055","male"
"MAC","Cohort 2021 female","Sex","2021","Yes","37.5836259398912","0.487516827433163","-1.67037584680008","female"
"MAC","Cohort 2021 male","Sex","2021","Yes","42.6853238049454","0.324311227777061","-2.05751733387385","male"
"MAC","Cohort 2022 female","Sex","2022","Yes","33.6003194168906","0.864956323702616","-1.16737945318972","female"
"MAC","Cohort 2022 male","Sex","2022","Yes","35.6697770161611","0.572349849883877","-1.63979727814744","male"
"MAC","Cohort 2023 female","Sex","2023","Yes","34.1413441324031","0.728231383161446","-1.3901142592148","female"
"MAC","Cohort 2023 male","Sex","2023","Yes","34.5228628161742","0.794420999446784","-1.17431374862067","male"
"MAC","Cohort 2024 female","Sex","2024","Yes",NA,NA,NA,"female"
"MAC","Cohort 2024 male","Sex","2024","Yes",NA,NA,NA,"male"
"MAC","Cohort 2025 female","Sex","2025","Yes",NA,NA,NA,"female"
"MAC","Cohort 2025 male","Sex","2025","Yes",NA,NA,NA,"male"
"MEG","Cohort 2003 female","Sex","2003","Yes","53.0205062216797","0.132747665605559","-2.1136728378649","female"
"MEG","Cohort 2003 male","Sex","2003","Yes",NA,NA,NA,"male"
"MEG","Cohort 2004 female","Sex","2004","Yes","50.1947100900592","0.147448827810414","-2.20689230333289","female"
"MEG","Cohort 2004 male","Sex","2004","Yes","30.343349671949","0.317428777299795","-1.47410654897695","male"
"MEG","Cohort 2005 female","Sex","2005","Yes","51.3250828029325","0.139390931362993","-2.11047161610948","female"
"MEG","Cohort 2005 male","Sex","2005","Yes","28.8357240285411","0.402739087650013","-1.07235232591828","male"
"MEG","Cohort 2006 female","Sex","2006","Yes","52.4874328625918","0.135140403268746","-2.11961234991489","female"
"MEG","Cohort 2006 male","Sex","2006","Yes","31.5059682901783","0.270461444900942","-1.83319417671182","male"
"MEG","Cohort 2007 female","Sex","2007","Yes","52.5756785079557","0.150143957039626","-1.26726394552301","female"
"MEG","Cohort 2007 male","Sex","2007","Yes","45.1887935412039","0.106586202784804","-3.11506308872655","male"
"MEG","Cohort 2008 female","Sex","2008","Yes","44.399391879779","0.306261667919728","0.105300232365013","female"
"MEG","Cohort 2008 male","Sex","2008","Yes","33.6270224896901","0.304781065831492","-0.643738468319103","male"
"MEG","Cohort 2009 female","Sex","2009","Yes","45.5364463904689","0.25027672739101","-0.682223102004629","female"
"MEG","Cohort 2009 male","Sex","2009","Yes","31.334740271365","0.391909702793941","-0.495510846032973","male"
"MEG","Cohort 2010 female","Sex","2010","Yes","43.0831619042577","0.278620565430413","-1.01119620710802","female"
"MEG","Cohort 2010 male","Sex","2010","Yes","32.3791222070917","0.281423242455976","-1.85597251071231","male"
"MEG","Cohort 2011 female","Sex","2011","Yes","46.6166123438913","0.178121485223833","-2.48886234583591","female"
"MEG","Cohort 2011 male","Sex","2011","Yes","28.8429752120164","0.480019271202255","-0.954866174131305","male"
"MEG","Cohort 2012 female","Sex","2012","Yes","45.2922493076278","0.214602598163072","-1.74333674485312","female"
"MEG","Cohort 2012 male","Sex","2012","Yes","30.3160381520206","0.336115270435131","-1.64207279410682","male"
"MEG","Cohort 2013 female","Sex","2013","Yes","44.2043630712804","0.254416894469423","-1.21335552248866","female"
"MEG","Cohort 2013 male","Sex","2013","Yes","31.1191513858448","0.307918842021584","-1.64869681795808","male"
"MEG","Cohort 2014 female","Sex","2014","Yes","43.2779976118215","0.29630289231258","-0.618031010522049","female"
"MEG","Cohort 2014 male","Sex","2014","Yes","29.2233020440037","0.413945359567991","-0.840281456428763","male"
"MEG","Cohort 2015 female","Sex","2015","Yes","40.4236258061228","0.328162238980489","-0.724792634791045","female"
"MEG","Cohort 2015 male","Sex","2015","Yes","30.0743316653817","0.325448155835444","-1.39750773765284","male"
"MEG","Cohort 2016 female","Sex","2016","Yes","40.7094821422968","0.307084994643388","-0.734903996641336","female"
"MEG","Cohort 2016 male","Sex","2016","Yes","31.440544466415","0.276466848254609","-1.39326878533281","male"
"MEG","Cohort 2017 female","Sex","2017","Yes","37.9382562738972","0.343668733677998","-0.687171894058069","female"
"MEG","Cohort 2017 male","Sex","2017","Yes","30.1488126288631","0.2911510936278","-1.39232428087041","male"
"MEG","Cohort 2018 female","Sex","2018","Yes","33.2529807993276","0.564619065204905","-0.146775922455196","female"
"MEG","Cohort 2018 male","Sex","2018","Yes","26.2693714121856","0.450115507964261","-0.812310341808634","male"
"MEG","Cohort 2019 female","Sex","2019","Yes","30.7674608495477","0.635036004410482","-0.410914344442468","female"
"MEG","Cohort 2019 male","Sex","2019","Yes","24.2605860940785","0.518399002228519","-0.878518274211012","male"
"MEG","Cohort 2020 female","Sex","2020","Yes","27.6740273748257","0.61654217630206","-0.646522935029829","female"
"MEG","Cohort 2020 male","Sex","2020","Yes",NA,NA,NA,"male"
"MEG","Cohort 2021 female","Sex","2021","Yes","43.4719921083235","0.123318065779042","-2.82450183479613","female"
"MEG","Cohort 2021 male","Sex","2021","Yes",NA,NA,NA,"male"
"MEG","Cohort 2022 female","Sex","2022","Yes","26.6175664746838","0.392037631362559","-1.49577759479018","female"
"MEG","Cohort 2022 male","Sex","2022","Yes",NA,NA,NA,"male"
"MEG","Cohort 2023 female","Sex","2023","Yes","26.9715780542986","0.358416690875773","-1.37590493412011","female"
"MEG","Cohort 2023 male","Sex","2023","Yes","-3.48533866134585","-0.370200107546488","-3.01778127293577","male"
"MEG","Cohort 2024 female","Sex","2024","Yes",NA,NA,NA,"female"
"MEG","Cohort 2024 male","Sex","2024","Yes",NA,NA,NA,"male"
"MEG","Cohort 2025 female","Sex","2025","Yes",NA,NA,NA,"female"
"MEG","Cohort 2025 male","Sex","2025","Yes",NA,NA,NA,"male"
"PLE","Cohort 2003 female","Sex","2003","Yes","36.9224909063074","0.348126567914686","-0.801246963473868","female"
"PLE","Cohort 2003 male","Sex","2003","Yes","29.530443783458","0.583533392689193","-0.448198946973071","male"
"PLE","Cohort 2004 female","Sex","2004","Yes","39.2541900971528","0.2680808763477","-1.62714966507104","female"
"PLE","Cohort 2004 male","Sex","2004","Yes","29.9284857041379","0.434114081233355","-1.26634846591227","male"
"PLE","Cohort 2005 female","Sex","2005","Yes","36.1975495937694","0.347598979593223","-1.10673836184191","female"
"PLE","Cohort 2005 male","Sex","2005","Yes","28.7226593301898","0.538618843687085","-1.02505097510799","male"
"PLE","Cohort 2006 female","Sex","2006","Yes","40.808750772881","0.213482257151583","-2.1068728530127","female"
"PLE","Cohort 2006 male","Sex","2006","Yes","28.4640924527937","0.7325711764484","-0.225310836984387","male"
"PLE","Cohort 2007 female","Sex","2007","Yes","39.0160180067643","0.226203352391025","-2.21201309672559","female"
"PLE","Cohort 2007 male","Sex","2007","Yes","29.1980578743239","0.414791287472132","-1.75749637131455","male"
"PLE","Cohort 2008 female","Sex","2008","Yes","38.0058369539923","0.273178198301473","-1.57686814742461","female"
"PLE","Cohort 2008 male","Sex","2008","Yes","29.8356110548315","0.532684394606614","-0.757336806466242","male"
"PLE","Cohort 2009 female","Sex","2009","Yes","37.9951897542392","0.304914933664782","-1.26885366773804","female"
"PLE","Cohort 2009 male","Sex","2009","Yes","29.0807523017806","0.534600611194189","-0.851432973389077","male"
"PLE","Cohort 2010 female","Sex","2010","Yes","37.3223859517882","0.333240524314402","-1.16967470402284","female"
"PLE","Cohort 2010 male","Sex","2010","Yes","28.0408690374922","0.609725876658526","-0.983578866773395","male"
"PLE","Cohort 2011 female","Sex","2011","Yes","34.2366379662008","0.475306771983742","-0.551382455902329","female"
"PLE","Cohort 2011 male","Sex","2011","Yes","27.6840664286155","0.702935376386508","-0.484504042908917","male"
"PLE","Cohort 2012 female","Sex","2012","Yes","38.3904430591376","0.270260647535965","-1.89385021339522","female"
"PLE","Cohort 2012 male","Sex","2012","Yes","27.81277226676","0.61136748368518","-1.04591264836318","male"
"PLE","Cohort 2013 female","Sex","2013","Yes","42.1923747513717","0.186257865570097","-2.51238248960519","female"
"PLE","Cohort 2013 male","Sex","2013","Yes","28.1380534064184","0.577281869253251","-0.81213516953604","male"
"PLE","Cohort 2014 female","Sex","2014","Yes","36.862934517255","0.237504143308728","-2.24595605523739","female"
"PLE","Cohort 2014 male","Sex","2014","Yes","28.6811276425408","0.465720107610832","-1.35552377910534","male"
"PLE","Cohort 2015 female","Sex","2015","Yes","43.4483849130212","0.151735687920186","-3.33272175037512","female"
"PLE","Cohort 2015 male","Sex","2015","Yes","29.9447693597008","0.350759773586049","-1.8690075424899","male"
"PLE","Cohort 2016 female","Sex","2016","Yes","38.4058016704124","0.227754164529572","-2.12814612073289","female"
"PLE","Cohort 2016 male","Sex","2016","Yes","27.0505080158313","0.844015380649877","-0.28112659082288","male"
"PLE","Cohort 2017 female","Sex","2017","Yes","43.4682798009004","0.145792163977902","-3.46779407932385","female"
"PLE","Cohort 2017 male","Sex","2017","Yes","28.770159534112","0.3964042949634","-1.99137472099244","male"
"PLE","Cohort 2018 female","Sex","2018","Yes","45.4355518880539","0.15268341446408","-2.85756963222575","female"
"PLE","Cohort 2018 male","Sex","2018","Yes","28.9437749417553","0.378349268465555","-1.96583023363542","male"
"PLE","Cohort 2019 female","Sex","2019","Yes",NA,NA,NA,"female"
"PLE","Cohort 2019 male","Sex","2019","Yes","28.306556098044","0.391208430872069","-2.19602979086887","male"
"PLE","Cohort 2020 female","Sex","2020","Yes","33.9299640041423","0.391934334366435","-1.05642030642396","female"
"PLE","Cohort 2020 male","Sex","2020","Yes","27.8001166284424","0.504152177526984","-1.26721289854117","male"
"PLE","Cohort 2021 female","Sex","2021","Yes",NA,NA,NA,"female"
"PLE","Cohort 2021 male","Sex","2021","Yes","37.7544959731276","0.166336121323162","-3.14344551188733","male"
"PLE","Cohort 2022 female","Sex","2022","Yes","29.6122856405516","0.471424573406986","-1.42848253115275","female"
"PLE","Cohort 2022 male","Sex","2022","Yes","25.0948980632341","0.677530695135656","-1.06022915468909","male"
"PLE","Cohort 2023 female","Sex","2023","Yes",NA,NA,NA,"female"
"PLE","Cohort 2023 male","Sex","2023","Yes",NA,NA,NA,"male"
"PLE","Cohort 2024 female","Sex","2024","Yes",NA,NA,NA,"female"
"PLE","Cohort 2024 male","Sex","2024","Yes",NA,NA,NA,"male"
"POK","Cohort 2003 female","Sex","2003","Yes",NA,NA,NA,"female"
"POK","Cohort 2003 male","Sex","2003","Yes",NA,NA,NA,"male"
"POK","Cohort 2004 female","Sex","2004","Yes",NA,NA,NA,"female"
"POK","Cohort 2004 male","Sex","2004","Yes",NA,NA,NA,"male"
"POK","Cohort 2005 female","Sex","2005","Yes",NA,NA,NA,"female"
"POK","Cohort 2005 male","Sex","2005","Yes",NA,NA,NA,"male"
"POK","Cohort 2006 female","Sex","2006","Yes",NA,NA,NA,"female"
"POK","Cohort 2006 male","Sex","2006","Yes",NA,NA,NA,"male"
"POK","Cohort 2009 male","Sex","2009","Yes",NA,NA,NA,"male"
"POK","Cohort 2010 female","Sex","2010","Yes",NA,NA,NA,"female"
"POK","Cohort 2010 male","Sex","2010","Yes",NA,NA,NA,"male"
"POK","Cohort 2011 male","Sex","2011","Yes",NA,NA,NA,"male"
"POK","Cohort 2012 female","Sex","2012","Yes",NA,NA,NA,"female"
"POK","Cohort 2012 male","Sex","2012","Yes",NA,NA,NA,"male"
"POK","Cohort 2013 female","Sex","2013","Yes","269.328571428584","0.0337381396318482","-2.39937712246118","female"
"POK","Cohort 2013 male","Sex","2013","Yes",NA,NA,NA,"male"
"POK","Cohort 2014 female","Sex","2014","Yes",NA,NA,NA,"female"
"POK","Cohort 2014 male","Sex","2014","Yes",NA,NA,NA,"male"
"POK","Cohort 2015 female","Sex","2015","Yes","65.8301851637794","0.288205152484776","-1.05968097195502","female"
"POK","Cohort 2015 male","Sex","2015","Yes","64.2247775783039","0.276624270615857","-1.12675077657742","male"
"POK","Cohort 2016 female","Sex","2016","Yes",NA,NA,NA,"female"
"POK","Cohort 2016 male","Sex","2016","Yes",NA,NA,NA,"male"
"POK","Cohort 2017 male","Sex","2017","Yes",NA,NA,NA,"male"
"POK","Cohort 2018 female","Sex","2018","Yes",NA,NA,NA,"female"
"POK","Cohort 2018 male","Sex","2018","Yes",NA,NA,NA,"male"
"POK","Cohort 2019 female","Sex","2019","Yes",NA,NA,NA,"female"
"POK","Cohort 2019 male","Sex","2019","Yes",NA,NA,NA,"male"
"POK","Cohort 2020 female","Sex","2020","Yes",NA,NA,NA,"female"
"POK","Cohort 2020 male","Sex","2020","Yes",NA,NA,NA,"male"
"POK","Cohort 2021 female","Sex","2021","Yes",NA,NA,NA,"female"
"POK","Cohort 2021 male","Sex","2021","Yes",NA,NA,NA,"male"
"POK","Cohort 2022 female","Sex","2022","Yes",NA,NA,NA,"female"
"POK","Cohort 2022 male","Sex","2022","Yes",NA,NA,NA,"male"
"POL","Cohort 2007 female","Sex","2007","Yes",NA,NA,NA,"female"
"POL","Cohort 2008 female","Sex","2008","Yes",NA,NA,NA,"female"
"POL","Cohort 2008 male","Sex","2008","Yes",NA,NA,NA,"male"
"POL","Cohort 2009 female","Sex","2009","Yes",NA,NA,NA,"female"
"POL","Cohort 2009 male","Sex","2009","Yes",NA,NA,NA,"male"
"POL","Cohort 2010 female","Sex","2010","Yes",NA,NA,NA,"female"
"POL","Cohort 2010 male","Sex","2010","Yes",NA,NA,NA,"male"
"POL","Cohort 2011 female","Sex","2011","Yes",NA,NA,NA,"female"
"POL","Cohort 2012 female","Sex","2012","Yes","68.84","0.713766467762677","1.95622274917043","female"
"POL","Cohort 2012 male","Sex","2012","Yes",NA,NA,NA,"male"
"POL","Cohort 2013 female","Sex","2013","Yes",NA,NA,NA,"female"
"POL","Cohort 2013 male","Sex","2013","Yes","64.6023740614013","1.2351569893922","2.02460826180028","male"
"POL","Cohort 2014 female","Sex","2014","Yes",NA,NA,NA,"female"
"POL","Cohort 2014 male","Sex","2014","Yes",NA,NA,NA,"male"
"POL","Cohort 2015 female","Sex","2015","Yes",NA,NA,NA,"female"
"POL","Cohort 2015 male","Sex","2015","Yes",NA,NA,NA,"male"
"POL","Cohort 2016 female","Sex","2016","Yes",NA,NA,NA,"female"
"POL","Cohort 2016 male","Sex","2016","Yes",NA,NA,NA,"male"
"POL","Cohort 2017 female","Sex","2017","Yes",NA,NA,NA,"female"
"POL","Cohort 2017 male","Sex","2017","Yes",NA,NA,NA,"male"
"POL","Cohort 2018 female","Sex","2018","Yes",NA,NA,NA,"female"
"POL","Cohort 2018 male","Sex","2018","Yes",NA,NA,NA,"male"
"POL","Cohort 2019 female","Sex","2019","Yes",NA,NA,NA,"female"
"POL","Cohort 2019 male","Sex","2019","Yes",NA,NA,NA,"male"
"POL","Cohort 2020 female","Sex","2020","Yes",NA,NA,NA,"female"
"POL","Cohort 2020 male","Sex","2020","Yes",NA,NA,NA,"male"
"POL","Cohort 2021 female","Sex","2021","Yes",NA,NA,NA,"female"
"POL","Cohort 2021 male","Sex","2021","Yes",NA,NA,NA,"male"
"POL","Cohort 2022 male","Sex","2022","Yes",NA,NA,NA,"male"
"POL","Cohort 2023 female","Sex","2023","Yes",NA,NA,NA,"female"
"SOL","Cohort 2003 female","Sex","2003","Yes","34.0613840407802","0.504169094205468","-0.739422565098431","female"
"SOL","Cohort 2003 male","Sex","2003","Yes",NA,NA,NA,"male"
"SOL","Cohort 2004 female","Sex","2004","Yes","36.8516135624468","0.430127434795427","-0.397494744551674","female"
"SOL","Cohort 2004 male","Sex","2004","Yes","30.604303149056","0.279903909609364","-2.62212488002246","male"
"SOL","Cohort 2005 female","Sex","2005","Yes","52.1836995299553","0.0611689096576516","-10.7262827183274","female"
"SOL","Cohort 2005 male","Sex","2005","Yes","32.2650169113829","0.130930765952517","-8.82869008509368","male"
"SOL","Cohort 2006 female","Sex","2006","Yes","64.4458152311361","0.0454297818446014","-9.2692555211096","female"
"SOL","Cohort 2006 male","Sex","2006","Yes","29.6424614987961","0.376487934477611","-2.23019199426461","male"
"SOL","Cohort 2007 female","Sex","2007","Yes","45.1526968706512","0.102562867745512","-6.03330743751427","female"
"SOL","Cohort 2007 male","Sex","2007","Yes","31.1098563024113","0.192946406949602","-5.47867850191312","male"
"SOL","Cohort 2008 female","Sex","2008","Yes","34.5272192088211","0.421193911166794","-0.862181269360362","female"
"SOL","Cohort 2008 male","Sex","2008","Yes","29.62959148744","0.426896172365314","-1.03360018604714","male"
"SOL","Cohort 2009 female","Sex","2009","Yes","33.1042111379877","0.549832226588601","0.0486123842894654","female"
"SOL","Cohort 2009 male","Sex","2009","Yes","28.6666485445208","0.426025056025826","-1.45981731552463","male"
"SOL","Cohort 2010 female","Sex","2010","Yes","43.9081076731089","0.0782396356512441","-10.2875591411677","female"
"SOL","Cohort 2010 male","Sex","2010","Yes","29.2800567803838","0.47644080712658","-0.82299244182254","male"
"SOL","Cohort 2011 female","Sex","2011","Yes","34.3369145321951","0.598316022494866","-0.0484461873802457","female"
"SOL","Cohort 2011 male","Sex","2011","Yes","28.7365726231553","0.48293138423731","-0.947205976780831","male"
"SOL","Cohort 2012 female","Sex","2012","Yes",NA,NA,NA,"female"
"SOL","Cohort 2012 male","Sex","2012","Yes",NA,NA,NA,"male"
"SOL","Cohort 2013 female","Sex","2013","Yes","47.56294227217","0.0981343323466565","-6.34035684391212","female"
"SOL","Cohort 2013 male","Sex","2013","Yes","31.9300877098641","0.0675566193093631","-23.2569215539473","male"
"SOL","Cohort 2014 female","Sex","2014","Yes","42.0335374371071","0.187059880836264","-3.20436489641811","female"
"SOL","Cohort 2014 male","Sex","2014","Yes","28.6302758015845","0.26753933509375","-5.04121528621302","male"
"SOL","Cohort 2015 female","Sex","2015","Yes","47.6584945479987","0.112276708578894","-4.23426199445269","female"
"SOL","Cohort 2015 male","Sex","2015","Yes","29.1668788471644","0.289639287279146","-2.97515766019109","male"
"SOL","Cohort 2016 female","Sex","2016","Yes","38.4606586998037","0.322088219119964","-0.827446896040198","female"
"SOL","Cohort 2016 male","Sex","2016","Yes","33.2490323484757","0.166030064573876","-4.75857661835833","male"
"SOL","Cohort 2017 female","Sex","2017","Yes","42.3227689016502","0.213102182636419","-1.88325539787636","female"
"SOL","Cohort 2017 male","Sex","2017","Yes","29.4175343858989","0.343821556586158","-2.07320864175857","male"
"SOL","Cohort 2018 female","Sex","2018","Yes",NA,NA,NA,"female"
"SOL","Cohort 2018 male","Sex","2018","Yes","27.3745807854724","0.797761040343488","-0.085111743290394","male"
"SOL","Cohort 2019 female","Sex","2019","Yes","50.4137816816069","0.128085048768905","-2.63248279219831","female"
"SOL","Cohort 2019 male","Sex","2019","Yes","29.1546457134242","0.2772945986606","-2.96029342399992","male"
"SOL","Cohort 2020 female","Sex","2020","Yes","56.6615383844595","0.098273513289471","-3.54500709065142","female"
"SOL","Cohort 2020 male","Sex","2020","Yes","69.8748248777607","0.0548531775480866","-4.59494253832584","male"
"SOL","Cohort 2021 female","Sex","2021","Yes","34.0491829743878","0.667761368475058","-0.0538841224429463","female"
"SOL","Cohort 2021 male","Sex","2021","Yes","27.2278256775346","0.70310021868336","-0.643476446090047","male"
"SOL","Cohort 2022 female","Sex","2022","Yes",NA,NA,NA,"female"
"SOL","Cohort 2022 male","Sex","2022","Yes","-0.234375000002672","-0.0537041789718553","-83.488156592122","male"
"SOL","Cohort 2023 female","Sex","2023","Yes","25.7972972972973","1.63141681915287","-0.361770949262353","female"
"SOL","Cohort 2023 male","Sex","2023","Yes",NA,NA,NA,"male"
"SOL","Cohort 2024 female","Sex","2024","Yes",NA,NA,NA,"female"
"SOL","Cohort 2024 male","Sex","2024","Yes",NA,NA,NA,"male"
"SOL","Cohort 2025 male","Sex","2025","Yes",NA,NA,NA,"male"
"WHB","Cohort 2003 female","Sex","2003","Yes","37.9738490037921","0.249280276956059","-2.43222545936816","female"
"WHB","Cohort 2003 male","Sex","2003","Yes","31.7572246107778","0.344406460054709","-2.23279060034418","male"
"WHB","Cohort 2004 female","Sex","2004","Yes","42.0034982861528","0.175702253659079","-3.45043096821131","female"
"WHB","Cohort 2004 male","Sex","2004","Yes","29.6688567298792","0.443803708323152","-2.24450662381756","male"
"WHB","Cohort 2005 female","Sex","2005","Yes","40.8458788066846","0.20946175437646","-2.86247608287363","female"
"WHB","Cohort 2005 male","Sex","2005","Yes","33.193524554029","0.279050784441875","-2.79143602160947","male"
"WHB","Cohort 2006 female","Sex","2006","Yes","35.3025553438177","0.385109173785557","-1.67649959460168","female"
"WHB","Cohort 2006 male","Sex","2006","Yes","30.4641417107298","0.549543807871604","-1.36992966397046","male"
"WHB","Cohort 2007 female","Sex","2007","Yes","37.9915495379395","0.292107222282217","-2.24836829553325","female"
"WHB","Cohort 2007 male","Sex","2007","Yes","32.0385088474496","0.456491455335628","-1.78708120508725","male"
"WHB","Cohort 2008 female","Sex","2008","Yes","34.1227795464615","0.403611181576594","-1.96580187767397","female"
"WHB","Cohort 2008 male","Sex","2008","Yes","28.2395725088728","0.766144317827713","-1.30024461762416","male"
"WHB","Cohort 2009 female","Sex","2009","Yes","41.4153094219505","0.193219908242479","-3.11527764528605","female"
"WHB","Cohort 2009 male","Sex","2009","Yes","35.4511822611417","0.211639118009427","-3.42860039998723","male"
"WHB","Cohort 2010 female","Sex","2010","Yes","34.1813474581872","0.386320113893912","-1.90894069170317","female"
"WHB","Cohort 2010 male","Sex","2010","Yes","28.358855207891","0.715583110027123","-1.37212364682616","male"
"WHB","Cohort 2011 female","Sex","2011","Yes","33.7420596451137","0.306460976066352","-2.53874336584213","female"
"WHB","Cohort 2011 male","Sex","2011","Yes","30.9280141349692","0.340716395129863","-2.52396103455155","male"
"WHB","Cohort 2012 female","Sex","2012","Yes","35.5528049565961","0.287893780951662","-2.5608307322825","female"
"WHB","Cohort 2012 male","Sex","2012","Yes","32.5924491927222","0.294246258289286","-2.73282822540043","male"
"WHB","Cohort 2013 female","Sex","2013","Yes","32.3266961039944","0.391277378676562","-2.28551020444867","female"
"WHB","Cohort 2013 male","Sex","2013","Yes","28.3517335235861","0.558090830866959","-1.86062773796473","male"
"WHB","Cohort 2014 female","Sex","2014","Yes","32.8365300435984","0.336709643629392","-2.41658828996162","female"
"WHB","Cohort 2014 male","Sex","2014","Yes","30.7801739462528","0.296568310368182","-2.93600348421521","male"
"WHB","Cohort 2015 female","Sex","2015","Yes","32.4312305702322","0.41349365433366","-2.093366822665","female"
"WHB","Cohort 2015 male","Sex","2015","Yes","28.8259670639678","0.560401709914811","-1.77896098882771","male"
"WHB","Cohort 2016 female","Sex","2016","Yes","33.7098040576331","0.42967992729743","-2.00243562655163","female"
"WHB","Cohort 2016 male","Sex","2016","Yes",NA,NA,NA,"male"
"WHB","Cohort 2017 female","Sex","2017","Yes","36.6260604126142","0.294911364837249","-2.68227691142496","female"
"WHB","Cohort 2017 male","Sex","2017","Yes","29.8880144597436","0.456078502463867","-2.23852017213004","male"
"WHB","Cohort 2018 female","Sex","2018","Yes","33.5632043181892","0.477801336695182","-1.71919465712379","female"
"WHB","Cohort 2018 male","Sex","2018","Yes","29.8009817233276","0.56103981390626","-1.71519846648339","male"
"WHB","Cohort 2019 female","Sex","2019","Yes","33.3708070040633","0.439754759937958","-2.1298010297046","female"
"WHB","Cohort 2019 male","Sex","2019","Yes","30.9218463183048","0.43202765574915","-2.25469815512859","male"
"WHB","Cohort 2020 female","Sex","2020","Yes","30.8513381211213","0.4330479172959","-2.04037099088384","female"
"WHB","Cohort 2020 male","Sex","2020","Yes","27.6368151540794","0.605264570706777","-1.65992167873523","male"
"WHB","Cohort 2021 female","Sex","2021","Yes","31.568812102314","0.382447539518864","-2.23826596998584","female"
"WHB","Cohort 2021 male","Sex","2021","Yes","27.4544398017975","0.476396273155506","-2.22457080406482","male"
"WHB","Cohort 2022 female","Sex","2022","Yes","32.2813052112927","0.444342114611927","-2.04088515308154","female"
"WHB","Cohort 2022 male","Sex","2022","Yes","27.4914836789371","0.468670485447029","-2.46944432408917","male"
"WHB","Cohort 2023 female","Sex","2023","Yes","29.7444444444445","0.538996500732686","-1.92933997734117","female"
"WHB","Cohort 2023 male","Sex","2023","Yes","29.8269230769231","0.456017387270995","-2.2335112977279","male"
"WHB","Cohort 2024 female","Sex","2024","Yes",NA,NA,NA,"female"
"WHB","Cohort 2024 male","Sex","2024","Yes",NA,NA,NA,"male"
"WHB","Cohort 2025 female","Sex","2025","Yes",NA,NA,NA,"female"
"WHB","Cohort 2025 male","Sex","2025","Yes",NA,NA,NA,"male"
"WHG","Cohort 2003 female","Sex","2003","Yes","44.6917328899706","0.476797719424647","-0.984488623842357","female"
"WHG","Cohort 2003 male","Sex","2003","Yes","35.5386604873081","0.670659117218981","-0.915446472732707","male"
"WHG","Cohort 2004 female","Sex","2004","Yes","47.9731198201837","0.397176663297014","-1.204117566072","female"
"WHG","Cohort 2004 male","Sex","2004","Yes","39.6920206184978","0.38627985278767","-1.6080475312918","male"
"WHG","Cohort 2005 female","Sex","2005","Yes","67.7812993501287","0.183919668115083","-1.79344086385266","female"
"WHG","Cohort 2005 male","Sex","2005","Yes","40.3917042258025","0.374442282181589","-1.77894604436452","male"
"WHG","Cohort 2006 female","Sex","2006","Yes","61.1613849787783","0.249317103678429","-1.42422269947736","female"
"WHG","Cohort 2006 male","Sex","2006","Yes","41.1054245914011","0.395675308034757","-1.5417344127252","male"
"WHG","Cohort 2007 female","Sex","2007","Yes","58.2358056546708","0.274448419159474","-1.45619799865224","female"
"WHG","Cohort 2007 male","Sex","2007","Yes","43.7015057237403","0.341757758854211","-1.69466345529881","male"
"WHG","Cohort 2008 female","Sex","2008","Yes","50.2382140250588","0.392792789020248","-1.17324649137222","female"
"WHG","Cohort 2008 male","Sex","2008","Yes","40.4054178337132","0.409890963975545","-1.62541051454402","male"
"WHG","Cohort 2009 female","Sex","2009","Yes","51.8468536689289","0.351148690796679","-1.31687606880343","female"
"WHG","Cohort 2009 male","Sex","2009","Yes","41.5639409609151","0.344001887895709","-1.84565006237338","male"
"WHG","Cohort 2010 female","Sex","2010","Yes","50.2433783573264","0.380079531904988","-1.14363168883646","female"
"WHG","Cohort 2010 male","Sex","2010","Yes","40.2486971896379","0.433593824184033","-1.38765150411006","male"
"WHG","Cohort 2011 female","Sex","2011","Yes","54.46286491848","0.291079330945491","-1.46436328963842","female"
"WHG","Cohort 2011 male","Sex","2011","Yes","40.2489312593324","0.373148133528199","-1.72883890113469","male"
"WHG","Cohort 2012 female","Sex","2012","Yes","54.5113330643829","0.320078204457068","-1.27969102388977","female"
"WHG","Cohort 2012 male","Sex","2012","Yes","47.9551109002139","0.270820444119665","-1.85449805936164","male"
"WHG","Cohort 2013 female","Sex","2013","Yes","52.0010540980162","0.358710109457378","-1.20052256456633","female"
"WHG","Cohort 2013 male","Sex","2013","Yes","43.4927699031844","0.344507838608876","-1.65874421909191","male"
"WHG","Cohort 2014 female","Sex","2014","Yes","46.3241592557397","0.411769674832614","-1.22678502571206","female"
"WHG","Cohort 2014 male","Sex","2014","Yes","37.2358895394242","0.490092722073938","-1.34154006518355","male"
"WHG","Cohort 2015 female","Sex","2015","Yes","48.8885320134515","0.353100699386544","-1.30901289110164","female"
"WHG","Cohort 2015 male","Sex","2015","Yes","37.9621425378813","0.444884656501854","-1.45112249936462","male"
"WHG","Cohort 2016 female","Sex","2016","Yes","50.3549788469501","0.327216702024349","-1.27458780567763","female"
"WHG","Cohort 2016 male","Sex","2016","Yes","39.8608694727579","0.414861403026715","-1.39691432793111","male"
"WHG","Cohort 2017 female","Sex","2017","Yes","52.4582992243178","0.338428912491437","-1.21487822993688","female"
"WHG","Cohort 2017 male","Sex","2017","Yes","42.658658633738","0.377346713468585","-1.50249894748579","male"
"WHG","Cohort 2018 female","Sex","2018","Yes","47.9960430763405","0.394203267862084","-1.21520149504173","female"
"WHG","Cohort 2018 male","Sex","2018","Yes","41.8006354750301","0.362041514071138","-1.61731800463801","male"
"WHG","Cohort 2019 female","Sex","2019","Yes","44.7415637869201","0.433899451207861","-1.16274379575851","female"
"WHG","Cohort 2019 male","Sex","2019","Yes","37.8684893564714","0.456263498311131","-1.408326421888","male"
"WHG","Cohort 2020 female","Sex","2020","Yes","51.2910298840817","0.300828381666148","-1.44676322568517","female"
"WHG","Cohort 2020 male","Sex","2020","Yes","40.2346449256693","0.369350537257656","-1.66289434505201","male"
"WHG","Cohort 2021 female","Sex","2021","Yes","54.2723866829991","0.255274520835682","-1.61402416993457","female"
"WHG","Cohort 2021 male","Sex","2021","Yes","48.9091020706086","0.217404939519908","-2.22521516147677","male"
"WHG","Cohort 2022 female","Sex","2022","Yes","43.4218588025025","0.449689871639646","-1.0857398999012","female"
"WHG","Cohort 2022 male","Sex","2022","Yes","34.7992253292532","0.619877806494243","-1.13605816329612","male"
"WHG","Cohort 2023 female","Sex","2023","Yes","41.2764231677154","0.509890848847184","-1.17616664502673","female"
"WHG","Cohort 2023 male","Sex","2023","Yes","37.0698764661857","0.491321587403278","-1.36670891407255","male"
"WHG","Cohort 2024 female","Sex","2024","Yes",NA,NA,NA,"female"
"WHG","Cohort 2024 male","Sex","2024","Yes",NA,NA,NA,"male"
"WHG","Cohort 2025 female","Sex","2025","Yes",NA,NA,NA,"female"
"WHG","Cohort 2025 male","Sex","2025","Yes",NA,NA,NA,"male"
"COD","Cohort 2003 GOV 3647 Groundgear A","Gear","2003","Yes",NA,NA,NA,"GOV 3647 Groundgear A"
"COD","Cohort 2003 GOV 3647 Groundgear D","Gear","2003","Yes","105.731310591","0.296297634046187","-0.581882253102466","GOV 3647 Groundgear D"
"COD","Cohort 2004 GOV 3647 Groundgear A","Gear","2004","Yes","181.146419565403","0.169381525107693","-0.554363068217071","GOV 3647 Groundgear A"
"COD","Cohort 2004 GOV 3647 Groundgear D","Gear","2004","Yes",NA,NA,NA,"GOV 3647 Groundgear D"
"COD","Cohort 2005 GOV 3647 Groundgear A","Gear","2005","Yes",NA,NA,NA,"GOV 3647 Groundgear A"
"COD","Cohort 2005 GOV 3647 Groundgear D","Gear","2005","Yes","91.7659918265349","0.333218198961694","-0.684134115410559","GOV 3647 Groundgear D"
"COD","Cohort 2006 GOV 3647 Groundgear A","Gear","2006","Yes","132.102478131138","0.275661790887461","-0.317592689855332","GOV 3647 Groundgear A"
"COD","Cohort 2006 GOV 3647 Groundgear D","Gear","2006","Yes","96.3583389802434","0.361788243615869","-0.40391254218329","GOV 3647 Groundgear D"
"COD","Cohort 2007 GOV 3647 Groundgear A","Gear","2007","Yes","314.032135701883","0.0585641142084534","-1.58994386393206","GOV 3647 Groundgear A"
"COD","Cohort 2007 GOV 3647 Groundgear D","Gear","2007","Yes","-40.9837573385514","-0.166699034064727","-2.98508944563216","GOV 3647 Groundgear D"
"COD","Cohort 2008 GOV 3647 Groundgear A","Gear","2008","Yes","97.8243472068053","0.437859970772589","-0.29369958380645","GOV 3647 Groundgear A"
"COD","Cohort 2008 GOV 3647 Groundgear D","Gear","2008","Yes","220.80230049166","0.106726254014667","-0.764473060514472","GOV 3647 Groundgear D"
"COD","Cohort 2009 GOV 3647 Groundgear A","Gear","2009","Yes","122.792024341778","0.309186407210148","-0.203093338944863","GOV 3647 Groundgear A"
"COD","Cohort 2009 GOV 3647 Groundgear D","Gear","2009","Yes","145.848965972485","0.154565610691368","-0.896035401380826","GOV 3647 Groundgear D"
"COD","Cohort 2010 GOV 3647 Groundgear A","Gear","2010","Yes","184.197237702281","0.141435542321947","-0.775729041251865","GOV 3647 Groundgear A"
"COD","Cohort 2010 GOV 3647 Groundgear D","Gear","2010","Yes",NA,NA,NA,"GOV 3647 Groundgear D"
"COD","Cohort 2011 GOV 3647 Groundgear A","Gear","2011","Yes","110.07516967664","0.407417334084598","-0.286864015652186","GOV 3647 Groundgear A"
"COD","Cohort 2011 GOV 3647 Groundgear D","Gear","2011","Yes","128.866904443991","0.190915529630299","-0.916217993397243","GOV 3647 Groundgear D"
"COD","Cohort 2012 GOV 3647 Groundgear A","Gear","2012","Yes","106.254247719648","0.55049636998574","0.0969714741837917","GOV 3647 Groundgear A"
"COD","Cohort 2012 GOV 3647 Groundgear D","Gear","2012","Yes","129.879681552126","0.204555923981612","-0.624517938482309","GOV 3647 Groundgear D"
"COD","Cohort 2013 GOV 3647 Groundgear A","Gear","2013","Yes","138.190365732982","0.265653213315757","-0.297878194950458","GOV 3647 Groundgear A"
"COD","Cohort 2013 GOV 3647 Groundgear D","Gear","2013","Yes","120.109525544175","0.218515257134605","-0.632698878023637","GOV 3647 Groundgear D"
"COD","Cohort 2014 GOV 3647 Groundgear A","Gear","2014","Yes","123.71556898508","0.325875225376308","-0.213206434957718","GOV 3647 Groundgear A"
"COD","Cohort 2014 GOV 3647 Groundgear D","Gear","2014","Yes","92.917151667753","0.358309798086303","-0.415649678994539","GOV 3647 Groundgear D"
"COD","Cohort 2015 GOV 3647 Groundgear A","Gear","2015","Yes","111.745370763957","0.398770379200662","-0.181870011827715","GOV 3647 Groundgear A"
"COD","Cohort 2015 GOV 3647 Groundgear D","Gear","2015","Yes","85.5667836462871","0.390497003822104","-0.462306872852964","GOV 3647 Groundgear D"
"COD","Cohort 2016 GOV 3647 Groundgear A","Gear","2016","Yes",NA,NA,NA,"GOV 3647 Groundgear A"
"COD","Cohort 2016 GOV 3647 Groundgear D","Gear","2016","Yes","-725.499999999976","-0.0253178079842907","-0.860944652251914","GOV 3647 Groundgear D"
"COD","Cohort 2017 GOV 3647 Groundgear A","Gear","2017","Yes",NA,NA,NA,"GOV 3647 Groundgear A"
"COD","Cohort 2017 GOV 3647 Groundgear D","Gear","2017","Yes","60.4779735682819","1.06731528194619","-0.0929818234294433","GOV 3647 Groundgear D"
"COD","Cohort 2018 GOV 3647 Groundgear A","Gear","2018","Yes","198.140042061964","0.144389118135345","-0.533079385823759","GOV 3647 Groundgear A"
"COD","Cohort 2018 GOV 3647 Groundgear D","Gear","2018","Yes","84.5656730010257","0.390244817303936","-0.599874355011913","GOV 3647 Groundgear D"
"COD","Cohort 2019 GOV 3647 Groundgear A","Gear","2019","Yes","105.119810671684","0.536686492099406","0.213668348888457","GOV 3647 Groundgear A"
"COD","Cohort 2019 GOV 3647 Groundgear D","Gear","2019","Yes",NA,NA,NA,"GOV 3647 Groundgear D"
"COD","Cohort 2020 GOV 3647 Groundgear A","Gear","2020","Yes",NA,NA,NA,"GOV 3647 Groundgear A"
"COD","Cohort 2020 GOV 3647 Groundgear D","Gear","2020","Yes","697.162337662341","0.034540325252176","-0.65094533518129","GOV 3647 Groundgear D"
"COD","Cohort 2021 GOV 3647 Groundgear A","Gear","2021","Yes","388.85285390171","0.0552292243309316","-0.98973056148224","GOV 3647 Groundgear A"
"COD","Cohort 2021 GOV 3647 Groundgear D","Gear","2021","Yes",NA,NA,NA,"GOV 3647 Groundgear D"
"COD","Cohort 2022 GOV 3647 Groundgear A","Gear","2022","Yes",NA,NA,NA,"GOV 3647 Groundgear A"
"COD","Cohort 2023 GOV 3647 Groundgear A","Gear","2023","Yes",NA,NA,NA,"GOV 3647 Groundgear A"
"COD","Cohort 2023 GOV 3647 Groundgear D","Gear","2023","Yes",NA,NA,NA,"GOV 3647 Groundgear D"
"COD","Cohort 2024 GOV 3647 Groundgear A","Gear","2024","Yes",NA,NA,NA,"GOV 3647 Groundgear A"
"COD","Cohort 2024 GOV 3647 Groundgear D","Gear","2024","Yes",NA,NA,NA,"GOV 3647 Groundgear D"
"HAD","Cohort 2003 GOV 3647 Groundgear A","Gear","2003","Yes","46.4707942313312","0.386759954680537","-1.06415794008041","GOV 3647 Groundgear A"
"HAD","Cohort 2003 GOV 3647 Groundgear D","Gear","2003","Yes","44.5613266048838","0.374210875080744","-1.24373126455207","GOV 3647 Groundgear D"
"HAD","Cohort 2004 GOV 3647 Groundgear A","Gear","2004","Yes","52.0799466628837","0.320706961448592","-1.22368820861704","GOV 3647 Groundgear A"
"HAD","Cohort 2004 GOV 3647 Groundgear D","Gear","2004","Yes","47.4729009766187","0.342024545078546","-1.18910188308737","GOV 3647 Groundgear D"
"HAD","Cohort 2005 GOV 3647 Groundgear A","Gear","2005","Yes","52.2733101439371","0.378186827074721","-1.0596226281072","GOV 3647 Groundgear A"
"HAD","Cohort 2005 GOV 3647 Groundgear D","Gear","2005","Yes","48.4813520710733","0.288598948066092","-1.67799762603836","GOV 3647 Groundgear D"
"HAD","Cohort 2006 GOV 3647 Groundgear A","Gear","2006","Yes","58.1345410186136","0.321352475778177","-1.13341477864194","GOV 3647 Groundgear A"
"HAD","Cohort 2006 GOV 3647 Groundgear D","Gear","2006","Yes","47.6065178533138","0.31544643459798","-1.69594012616788","GOV 3647 Groundgear D"
"HAD","Cohort 2007 GOV 3647 Groundgear A","Gear","2007","Yes","56.0402038487723","0.304514341949271","-1.3612093518593","GOV 3647 Groundgear A"
"HAD","Cohort 2007 GOV 3647 Groundgear D","Gear","2007","Yes","49.8456896642383","0.296427112520854","-1.4632542749692","GOV 3647 Groundgear D"
"HAD","Cohort 2008 GOV 3647 Groundgear A","Gear","2008","Yes","54.3172080460552","0.331142045002275","-1.24442742987061","GOV 3647 Groundgear A"
"HAD","Cohort 2008 GOV 3647 Groundgear D","Gear","2008","Yes","45.7196830290244","0.504975284643223","-0.749378179346445","GOV 3647 Groundgear D"
"HAD","Cohort 2009 GOV 3647 Groundgear A","Gear","2009","Yes","74.9330084888129","0.148244427868624","-1.87675892454922","GOV 3647 Groundgear A"
"HAD","Cohort 2009 GOV 3647 Groundgear D","Gear","2009","Yes","51.0371316687328","0.232938026086205","-2.19486996265015","GOV 3647 Groundgear D"
"HAD","Cohort 2010 GOV 3647 Groundgear A","Gear","2010","Yes","54.137600164071","0.296650952794698","-1.28393136841565","GOV 3647 Groundgear A"
"HAD","Cohort 2010 GOV 3647 Groundgear D","Gear","2010","Yes","46.85953206039","0.359249886127964","-1.28260531775886","GOV 3647 Groundgear D"
"HAD","Cohort 2011 GOV 3647 Groundgear A","Gear","2011","Yes","55.662865450958","0.313279214140387","-1.23618945459829","GOV 3647 Groundgear A"
"HAD","Cohort 2011 GOV 3647 Groundgear D","Gear","2011","Yes","46.6859961619186","0.365823195509882","-1.39854530946969","GOV 3647 Groundgear D"
"HAD","Cohort 2012 GOV 3647 Groundgear A","Gear","2012","Yes","54.5393867286323","0.422491583603841","-0.946381259610328","GOV 3647 Groundgear A"
"HAD","Cohort 2012 GOV 3647 Groundgear D","Gear","2012","Yes","43.0773168421685","0.594015525075398","-0.706756258872033","GOV 3647 Groundgear D"
"HAD","Cohort 2013 GOV 3647 Groundgear A","Gear","2013","Yes","55.7423477010788","0.423048373324691","-0.863982145031465","GOV 3647 Groundgear A"
"HAD","Cohort 2013 GOV 3647 Groundgear D","Gear","2013","Yes","48.6034299358389","0.417384864444297","-0.903548659154066","GOV 3647 Groundgear D"
"HAD","Cohort 2014 GOV 3647 Groundgear A","Gear","2014","Yes","45.5420563530237","0.518577020042255","-0.934521430590457","GOV 3647 Groundgear A"
"HAD","Cohort 2014 GOV 3647 Groundgear D","Gear","2014","Yes","41.7967333604626","0.472455864164953","-1.107462221207","GOV 3647 Groundgear D"
"HAD","Cohort 2015 GOV 3647 Groundgear A","Gear","2015","Yes","53.0372763639179","0.365844009014127","-1.13797984825624","GOV 3647 Groundgear A"
"HAD","Cohort 2015 GOV 3647 Groundgear D","Gear","2015","Yes","38.6218814875592","0.59209189544244","-0.887350316162256","GOV 3647 Groundgear D"
"HAD","Cohort 2016 GOV 3647 Groundgear A","Gear","2016","Yes","56.7623233190195","0.316430137838258","-1.17226725744946","GOV 3647 Groundgear A"
"HAD","Cohort 2016 GOV 3647 Groundgear D","Gear","2016","Yes","41.9991181274721","0.395894996288843","-1.25367776290475","GOV 3647 Groundgear D"
"HAD","Cohort 2017 GOV 3647 Groundgear A","Gear","2017","Yes","56.112151108232","0.361089112099429","-1.05377567189209","GOV 3647 Groundgear A"
"HAD","Cohort 2017 GOV 3647 Groundgear D","Gear","2017","Yes","45.0878842813538","0.407551184571406","-1.02532402142036","GOV 3647 Groundgear D"
"HAD","Cohort 2018 GOV 3647 Groundgear A","Gear","2018","Yes","53.2941463064703","0.318733318771797","-1.28433515273939","GOV 3647 Groundgear A"
"HAD","Cohort 2018 GOV 3647 Groundgear D","Gear","2018","Yes","43.7181121760762","0.377795370854478","-1.40082085174981","GOV 3647 Groundgear D"
"HAD","Cohort 2019 GOV 3647 Groundgear A","Gear","2019","Yes","50.8745963912855","0.328196114187044","-1.26216604735896","GOV 3647 Groundgear A"
"HAD","Cohort 2019 GOV 3647 Groundgear D","Gear","2019","Yes","44.1652426054841","0.33954696281378","-1.39950802848686","GOV 3647 Groundgear D"
"HAD","Cohort 2020 GOV 3647 Groundgear A","Gear","2020","Yes","52.1926083495799","0.33498084003979","-1.17647728014382","GOV 3647 Groundgear A"
"HAD","Cohort 2020 GOV 3647 Groundgear D","Gear","2020","Yes","48.0371275469259","0.234137030770142","-2.10712786448447","GOV 3647 Groundgear D"
"HAD","Cohort 2021 GOV 3647 Groundgear A","Gear","2021","Yes","46.6682765672438","0.347334817635182","-1.42601847812203","GOV 3647 Groundgear A"
"HAD","Cohort 2021 GOV 3647 Groundgear D","Gear","2021","Yes","57.9660446711577","0.167077306687315","-2.122072268232","GOV 3647 Groundgear D"
"HAD","Cohort 2022 GOV 3647 Groundgear A","Gear","2022","Yes","37.3361981652037","0.721590000957332","-0.834223628457913","GOV 3647 Groundgear A"
"HAD","Cohort 2022 GOV 3647 Groundgear D","Gear","2022","Yes","38.2028877169987","0.49491442361752","-1.06374909705232","GOV 3647 Groundgear D"
"HAD","Cohort 2023 GOV 3647 Groundgear A","Gear","2023","Yes","41.8699532957384","0.473758201968427","-1.1164631845308","GOV 3647 Groundgear A"
"HAD","Cohort 2023 GOV 3647 Groundgear D","Gear","2023","Yes","43.2111111111111","0.405465108108164","-1.15068825062837","GOV 3647 Groundgear D"
"HAD","Cohort 2024 GOV 3647 Groundgear A","Gear","2024","Yes",NA,NA,NA,"GOV 3647 Groundgear A"
"HAD","Cohort 2024 GOV 3647 Groundgear D","Gear","2024","Yes",NA,NA,NA,"GOV 3647 Groundgear D"
"HAD","Cohort 2025 GOV 3647 Groundgear A","Gear","2025","Yes",NA,NA,NA,"GOV 3647 Groundgear A"
"HAD","Cohort 2025 GOV 3647 Groundgear D","Gear","2025","Yes",NA,NA,NA,"GOV 3647 Groundgear D"
"HER","Cohort 2003 GOV 3647 Groundgear A","Gear","2003","Yes","29.2068257733648","0.563455819239152","-1.37538833542678","GOV 3647 Groundgear A"
"HER","Cohort 2003 GOV 3647 Groundgear D","Gear","2003","Yes","31.7859091519797","0.314528579430477","-2.80689892943939","GOV 3647 Groundgear D"
"HER","Cohort 2004 GOV 3647 Groundgear A","Gear","2004","Yes","29.505522192998","0.494847273872619","-1.34235508162214","GOV 3647 Groundgear A"
"HER","Cohort 2004 GOV 3647 Groundgear D","Gear","2004","Yes","30.4290440176454","0.566951507881202","-1.02027606732202","GOV 3647 Groundgear D"
"HER","Cohort 2005 GOV 3647 Groundgear A","Gear","2005","Yes","28.7842605478269","0.632739900160908","-1.17713300860592","GOV 3647 Groundgear A"
"HER","Cohort 2005 GOV 3647 Groundgear D","Gear","2005","Yes","31.0708118840926","0.44678431188319","-1.60465450246246","GOV 3647 Groundgear D"
"HER","Cohort 2006 GOV 3647 Groundgear A","Gear","2006","Yes","28.127814161184","0.695072236467154","-1.04969184963692","GOV 3647 Groundgear A"
"HER","Cohort 2006 GOV 3647 Groundgear D","Gear","2006","Yes","30.8541370513504","0.503756658428198","-1.35293630296967","GOV 3647 Groundgear D"
"HER","Cohort 2007 GOV 3647 Groundgear A","Gear","2007","Yes","28.4072910286651","0.548853339546214","-1.58998320485266","GOV 3647 Groundgear A"
"HER","Cohort 2007 GOV 3647 Groundgear D","Gear","2007","Yes","30.2278148503857","0.546877923179729","-1.46275519758858","GOV 3647 Groundgear D"
"HER","Cohort 2008 GOV 3647 Groundgear A","Gear","2008","Yes","27.1486050008079","0.855414814879318","-0.671572453194379","GOV 3647 Groundgear A"
"HER","Cohort 2008 GOV 3647 Groundgear D","Gear","2008","Yes","30.2286021291158","0.547606056048424","-1.33445248689176","GOV 3647 Groundgear D"
"HER","Cohort 2009 GOV 3647 Groundgear A","Gear","2009","Yes","28.38763955691","0.57148542692298","-1.36363943452682","GOV 3647 Groundgear A"
"HER","Cohort 2009 GOV 3647 Groundgear D","Gear","2009","Yes","29.3027025362434","0.733343868593709","-0.867246064010278","GOV 3647 Groundgear D"
"HER","Cohort 2010 GOV 3647 Groundgear A","Gear","2010","Yes","28.150994702958","0.512814293996875","-1.5378338981914","GOV 3647 Groundgear A"
"HER","Cohort 2010 GOV 3647 Groundgear D","Gear","2010","Yes","30.4203646270549","0.322546140550369","-3.38624769435668","GOV 3647 Groundgear D"
"HER","Cohort 2011 GOV 3647 Groundgear A","Gear","2011","Yes","27.4107418667253","0.649153667587291","-1.26889212162211","GOV 3647 Groundgear A"
"HER","Cohort 2011 GOV 3647 Groundgear D","Gear","2011","Yes","29.2722981135717","0.525779586310444","-1.6416384729627","GOV 3647 Groundgear D"
"HER","Cohort 2012 GOV 3647 Groundgear A","Gear","2012","Yes","28.5616911626157","0.511530322331406","-1.37920866398991","GOV 3647 Groundgear A"
"HER","Cohort 2012 GOV 3647 Groundgear D","Gear","2012","Yes","29.00408926846","0.555167789874641","-1.22493410283157","GOV 3647 Groundgear D"
"HER","Cohort 2013 GOV 3647 Groundgear A","Gear","2013","Yes","27.4627259852057","0.642741456221807","-1.07865662282154","GOV 3647 Groundgear A"
"HER","Cohort 2013 GOV 3647 Groundgear D","Gear","2013","Yes","28.0042823258612","0.698686731641049","-0.921401981773589","GOV 3647 Groundgear D"
"HER","Cohort 2014 GOV 3647 Groundgear A","Gear","2014","Yes","28.0501737386728","0.542091757359419","-1.23503212711279","GOV 3647 Groundgear A"
"HER","Cohort 2014 GOV 3647 Groundgear D","Gear","2014","Yes","28.6987488887134","0.542676701560138","-1.29919348287586","GOV 3647 Groundgear D"
"HER","Cohort 2015 GOV 3647 Groundgear A","Gear","2015","Yes","28.9613596646334","0.48573451364318","-1.29185734678802","GOV 3647 Groundgear A"
"HER","Cohort 2015 GOV 3647 Groundgear D","Gear","2015","Yes","28.5920988170195","0.525238972109458","-1.21051458033531","GOV 3647 Groundgear D"
"HER","Cohort 2016 GOV 3647 Groundgear A","Gear","2016","Yes","27.0888358173759","0.631093023064998","-1.19883109519016","GOV 3647 Groundgear A"
"HER","Cohort 2016 GOV 3647 Groundgear D","Gear","2016","Yes","29.1631841632374","0.522870242931995","-0.980547359397067","GOV 3647 Groundgear D"
"HER","Cohort 2017 GOV 3647 Groundgear A","Gear","2017","Yes","27.5365083476929","0.493158025862646","-1.44015057101481","GOV 3647 Groundgear A"
"HER","Cohort 2017 GOV 3647 Groundgear D","Gear","2017","Yes","28.2340075217537","0.648861501384007","-0.934268703337566","GOV 3647 Groundgear D"
"HER","Cohort 2018 GOV 3647 Groundgear A","Gear","2018","Yes","27.0542745194515","0.61807862578721","-1.0652295965562","GOV 3647 Groundgear A"
"HER","Cohort 2018 GOV 3647 Groundgear D","Gear","2018","Yes","28.3264995706582","0.561731117549549","-1.21049926622404","GOV 3647 Groundgear D"
"HER","Cohort 2019 GOV 3647 Groundgear A","Gear","2019","Yes","27.0811732861063","0.524554235160491","-1.40480058340381","GOV 3647 Groundgear A"
"HER","Cohort 2019 GOV 3647 Groundgear D","Gear","2019","Yes","28.8252998391289","0.519792455461184","-1.31528827504989","GOV 3647 Groundgear D"
"HER","Cohort 2020 GOV 3647 Groundgear A","Gear","2020","Yes","30.728110799399","0.384734711414112","-1.60071438553969","GOV 3647 Groundgear A"
"HER","Cohort 2020 GOV 3647 Groundgear D","Gear","2020","Yes","28.1563757268713","0.653259513095396","-0.768687241986565","GOV 3647 Groundgear D"
"HER","Cohort 2021 GOV 3647 Groundgear A","Gear","2021","Yes","26.6749534552932","0.583640804177955","-1.29312203869699","GOV 3647 Groundgear A"
"HER","Cohort 2021 GOV 3647 Groundgear D","Gear","2021","Yes","26.9646590656823","0.787471772472737","-0.849780595154406","GOV 3647 Groundgear D"
"HER","Cohort 2022 GOV 3647 Groundgear A","Gear","2022","Yes","38.1519916142558","0.280030925716261","-1.55552143039475","GOV 3647 Groundgear A"
"HER","Cohort 2022 GOV 3647 Groundgear D","Gear","2022","Yes","30.6904389917835","0.44229104172902","-1.50664755686539","GOV 3647 Groundgear D"
"HER","Cohort 2023 GOV 3647 Groundgear A","Gear","2023","Yes","25.1959553695955","0.944827039139089","-0.856011890770435","GOV 3647 Groundgear A"
"HER","Cohort 2023 GOV 3647 Groundgear D","Gear","2023","Yes","27.1368181818182","0.748279251254661","-0.907406493086133","GOV 3647 Groundgear D"
"HER","Cohort 2024 GOV 3647 Groundgear A","Gear","2024","Yes",NA,NA,NA,"GOV 3647 Groundgear A"
"HER","Cohort 2024 GOV 3647 Groundgear D","Gear","2024","Yes",NA,NA,NA,"GOV 3647 Groundgear D"
"HER","Cohort 2025 GOV 3647 Groundgear A","Gear","2025","Yes",NA,NA,NA,"GOV 3647 Groundgear A"
"HER","Cohort 2025 GOV 3647 Groundgear D","Gear","2025","Yes",NA,NA,NA,"GOV 3647 Groundgear D"
"HOM","Cohort 2003 GOV 3647 Groundgear A","Gear","2003","Yes","37.5763268673708","0.195389113056513","-1.72516919238553","GOV 3647 Groundgear A"
"HOM","Cohort 2003 GOV 3647 Groundgear D","Gear","2003","Yes","35.9499349401301","0.197450245912125","-1.935093722212","GOV 3647 Groundgear D"
"HOM","Cohort 2004 GOV 3647 Groundgear A","Gear","2004","Yes","38.6560616777815","0.205803468360727","-1.26990223864998","GOV 3647 Groundgear A"
"HOM","Cohort 2004 GOV 3647 Groundgear D","Gear","2004","Yes","36.0888491876003","0.237750549385361","-1.10036499632453","GOV 3647 Groundgear D"
"HOM","Cohort 2005 GOV 3647 Groundgear A","Gear","2005","Yes","38.3714955296171","0.240752110052079","-1.18483647847469","GOV 3647 Groundgear A"
"HOM","Cohort 2005 GOV 3647 Groundgear D","Gear","2005","Yes","35.9201295334225","0.258365164792539","-1.11270800309724","GOV 3647 Groundgear D"
"HOM","Cohort 2006 GOV 3647 Groundgear A","Gear","2006","Yes","37.7907946064873","0.268232575684293","-1.11074275700308","GOV 3647 Groundgear A"
"HOM","Cohort 2006 GOV 3647 Groundgear D","Gear","2006","Yes","34.7432319731022","0.315437519389213","-0.882402511327763","GOV 3647 Groundgear D"
"HOM","Cohort 2007 GOV 3647 Groundgear A","Gear","2007","Yes","38.4857158120408","0.224126382233956","-1.34311753212114","GOV 3647 Groundgear A"
"HOM","Cohort 2007 GOV 3647 Groundgear D","Gear","2007","Yes","34.0993177436018","0.320207788722322","-1.09011771277992","GOV 3647 Groundgear D"
"HOM","Cohort 2008 GOV 3647 Groundgear A","Gear","2008","Yes","38.7141118385386","0.194299920357636","-1.99437652236384","GOV 3647 Groundgear A"
"HOM","Cohort 2008 GOV 3647 Groundgear D","Gear","2008","Yes","33.8482401733787","0.303366377490495","-1.24112253002763","GOV 3647 Groundgear D"
"HOM","Cohort 2009 GOV 3647 Groundgear A","Gear","2009","Yes","38.7589097800462","0.216815937549405","-1.50392412038948","GOV 3647 Groundgear A"
"HOM","Cohort 2009 GOV 3647 Groundgear D","Gear","2009","Yes","35.1609832270799","0.274653372693352","-1.17732514169553","GOV 3647 Groundgear D"
"HOM","Cohort 2010 GOV 3647 Groundgear A","Gear","2010","Yes","37.8690839070025","0.24509140675855","-1.18210490117881","GOV 3647 Groundgear A"
"HOM","Cohort 2010 GOV 3647 Groundgear D","Gear","2010","Yes","35.7224476456234","0.286568238583297","-0.878478676695328","GOV 3647 Groundgear D"
"HOM","Cohort 2011 GOV 3647 Groundgear A","Gear","2011","Yes","37.1941711062328","0.287263468895349","-0.920027088920938","GOV 3647 Groundgear A"
"HOM","Cohort 2011 GOV 3647 Groundgear D","Gear","2011","Yes","35.3173516836633","0.315193039543971","-0.941199915584836","GOV 3647 Groundgear D"
"HOM","Cohort 2012 GOV 3647 Groundgear A","Gear","2012","Yes","36.312801194589","0.327884949302877","-0.932476090729614","GOV 3647 Groundgear A"
"HOM","Cohort 2012 GOV 3647 Groundgear D","Gear","2012","Yes","33.9771549714358","0.380791005940811","-0.754961219921345","GOV 3647 Groundgear D"
"HOM","Cohort 2013 GOV 3647 Groundgear A","Gear","2013","Yes","34.6985986665815","0.358240428180789","-1.09107919330998","GOV 3647 Groundgear A"
"HOM","Cohort 2013 GOV 3647 Groundgear D","Gear","2013","Yes","34.2517730620454","0.332480038355361","-0.997305316122874","GOV 3647 Groundgear D"
"HOM","Cohort 2014 GOV 3647 Groundgear A","Gear","2014","Yes","36.8964230699272","0.229431612227188","-1.58034064243645","GOV 3647 Groundgear A"
"HOM","Cohort 2014 GOV 3647 Groundgear D","Gear","2014","Yes","33.9356086722931","0.298816093820553","-1.10599220118678","GOV 3647 Groundgear D"
"HOM","Cohort 2015 GOV 3647 Groundgear A","Gear","2015","Yes","36.3952261922979","0.257141667336977","-1.38848236267053","GOV 3647 Groundgear A"
"HOM","Cohort 2015 GOV 3647 Groundgear D","Gear","2015","Yes","34.036724233606","0.276205836006687","-1.44777333398306","GOV 3647 Groundgear D"
"HOM","Cohort 2016 GOV 3647 Groundgear A","Gear","2016","Yes","35.4606816985316","0.290380284177137","-1.28417977950429","GOV 3647 Groundgear A"
"HOM","Cohort 2016 GOV 3647 Groundgear D","Gear","2016","Yes","35.45329884314","0.291946849741865","-1.13919608501794","GOV 3647 Groundgear D"
"HOM","Cohort 2017 GOV 3647 Groundgear A","Gear","2017","Yes","34.7787362665344","0.284000137091979","-1.32323149907097","GOV 3647 Groundgear A"
"HOM","Cohort 2017 GOV 3647 Groundgear D","Gear","2017","Yes","34.0865205058976","0.295218570748868","-1.27313007148339","GOV 3647 Groundgear D"
"HOM","Cohort 2018 GOV 3647 Groundgear A","Gear","2018","Yes","34.2388568244282","0.295199929499817","-1.33386320320546","GOV 3647 Groundgear A"
"HOM","Cohort 2018 GOV 3647 Groundgear D","Gear","2018","Yes","32.7489921884387","0.32664688307282","-1.29930214279213","GOV 3647 Groundgear D"
"HOM","Cohort 2019 GOV 3647 Groundgear A","Gear","2019","Yes","33.7928197864024","0.336934072796608","-1.06304625209657","GOV 3647 Groundgear A"
"HOM","Cohort 2019 GOV 3647 Groundgear D","Gear","2019","Yes","31.2617350745556","0.397899476568516","-1.07670822345148","GOV 3647 Groundgear D"
"HOM","Cohort 2020 GOV 3647 Groundgear A","Gear","2020","Yes","32.895363499762","0.36365964471546","-0.949714833994257","GOV 3647 Groundgear A"
"HOM","Cohort 2020 GOV 3647 Groundgear D","Gear","2020","Yes","37.6073439210058","0.266772632028537","-1.05419876833148","GOV 3647 Groundgear D"
"HOM","Cohort 2021 GOV 3647 Groundgear A","Gear","2021","Yes","32.1964735372527","0.402477238787289","-0.995238209129799","GOV 3647 Groundgear A"
"HOM","Cohort 2021 GOV 3647 Groundgear D","Gear","2021","Yes","31.691847836096","0.47006765423257","-0.808498197884197","GOV 3647 Groundgear D"
"HOM","Cohort 2022 GOV 3647 Groundgear A","Gear","2022","Yes","52.2468025232332","0.150814944638213","-1.58870354454592","GOV 3647 Groundgear A"
"HOM","Cohort 2022 GOV 3647 Groundgear D","Gear","2022","Yes","39.3732433650935","0.274172707505609","-1.1033342190625","GOV 3647 Groundgear D"
"HOM","Cohort 2023 GOV 3647 Groundgear A","Gear","2023","Yes",NA,NA,NA,"GOV 3647 Groundgear A"
"HOM","Cohort 2023 GOV 3647 Groundgear D","Gear","2023","Yes",NA,NA,NA,"GOV 3647 Groundgear D"
"HOM","Cohort 2024 GOV 3647 Groundgear A","Gear","2024","Yes",NA,NA,NA,"GOV 3647 Groundgear A"
"HOM","Cohort 2024 GOV 3647 Groundgear D","Gear","2024","Yes",NA,NA,NA,"GOV 3647 Groundgear D"
"HOM","Cohort 2025 GOV 3647 Groundgear A","Gear","2025","Yes",NA,NA,NA,"GOV 3647 Groundgear A"
"HOM","Cohort 2025 GOV 3647 Groundgear D","Gear","2025","Yes",NA,NA,NA,"GOV 3647 Groundgear D"
"MAC","Cohort 2003 GOV 3647 Groundgear A","Gear","2003","Yes","34.3019918174433","0.587930100362214","-1.65467568569459","GOV 3647 Groundgear A"
"MAC","Cohort 2003 GOV 3647 Groundgear D","Gear","2003","Yes","35.9834138943404","0.475270658747029","-1.7464149453383","GOV 3647 Groundgear D"
"MAC","Cohort 2004 GOV 3647 Groundgear A","Gear","2004","Yes","34.9214160567788","0.456560799702245","-1.86958113777203","GOV 3647 Groundgear A"
"MAC","Cohort 2004 GOV 3647 Groundgear D","Gear","2004","Yes","35.4453820775899","0.501480853231454","-1.70502487133601","GOV 3647 Groundgear D"
"MAC","Cohort 2005 GOV 3647 Groundgear A","Gear","2005","Yes","35.3268580046797","0.458025576269555","-1.69151369605004","GOV 3647 Groundgear A"
"MAC","Cohort 2005 GOV 3647 Groundgear D","Gear","2005","Yes","35.2683193127137","0.604452435088167","-1.04616406466826","GOV 3647 Groundgear D"
"MAC","Cohort 2006 GOV 3647 Groundgear A","Gear","2006","Yes","34.5791835872569","0.523462925771197","-1.54419103869392","GOV 3647 Groundgear A"
"MAC","Cohort 2006 GOV 3647 Groundgear D","Gear","2006","Yes","36.6478017808383","0.417414721558112","-1.70663798383564","GOV 3647 Groundgear D"
"MAC","Cohort 2007 GOV 3647 Groundgear A","Gear","2007","Yes","33.6559581445203","0.585066439128894","-1.54097723051914","GOV 3647 Groundgear A"
"MAC","Cohort 2007 GOV 3647 Groundgear D","Gear","2007","Yes","36.1825645977786","0.43298109107446","-1.81426030138312","GOV 3647 Groundgear D"
"MAC","Cohort 2008 GOV 3647 Groundgear A","Gear","2008","Yes","34.9338631704606","0.469029939369318","-1.85021346185685","GOV 3647 Groundgear A"
"MAC","Cohort 2008 GOV 3647 Groundgear D","Gear","2008","Yes","35.7121106719545","0.435040956605061","-1.97766176644784","GOV 3647 Groundgear D"
"MAC","Cohort 2009 GOV 3647 Groundgear A","Gear","2009","Yes","35.7810254883103","0.403451867861597","-2.30199113700352","GOV 3647 Groundgear A"
"MAC","Cohort 2009 GOV 3647 Groundgear D","Gear","2009","Yes","37.7755162397041","0.329049581675562","-2.58714231680038","GOV 3647 Groundgear D"
"MAC","Cohort 2010 GOV 3647 Groundgear A","Gear","2010","Yes","37.4718009779988","0.33546642307005","-2.36659736357277","GOV 3647 Groundgear A"
"MAC","Cohort 2010 GOV 3647 Groundgear D","Gear","2010","Yes","36.7593045905571","0.37386962822791","-2.06841168124175","GOV 3647 Groundgear D"
"MAC","Cohort 2011 GOV 3647 Groundgear A","Gear","2011","Yes","35.1905207191988","0.478059642194196","-1.43402386227024","GOV 3647 Groundgear A"
"MAC","Cohort 2011 GOV 3647 Groundgear D","Gear","2011","Yes","38.0353227846663","0.378456020357565","-1.7028936983397","GOV 3647 Groundgear D"
"MAC","Cohort 2012 GOV 3647 Groundgear A","Gear","2012","Yes","35.6308818074126","0.516196811903391","-1.49617331606203","GOV 3647 Groundgear A"
"MAC","Cohort 2012 GOV 3647 Groundgear D","Gear","2012","Yes","35.8636754464538","0.4858609885219","-1.50651076979402","GOV 3647 Groundgear D"
"MAC","Cohort 2013 GOV 3647 Groundgear A","Gear","2013","Yes","32.8103049198251","0.911501639637003","-0.975857087272145","GOV 3647 Groundgear A"
"MAC","Cohort 2013 GOV 3647 Groundgear D","Gear","2013","Yes","34.5227338758522","0.663166368036909","-1.34576677511573","GOV 3647 Groundgear D"
"MAC","Cohort 2014 GOV 3647 Groundgear A","Gear","2014","Yes","36.9251932388037","0.42477401779171","-1.9965020783519","GOV 3647 Groundgear A"
"MAC","Cohort 2014 GOV 3647 Groundgear D","Gear","2014","Yes","40.4391611927263","0.293736991529483","-2.46761637966426","GOV 3647 Groundgear D"
"MAC","Cohort 2015 GOV 3647 Groundgear A","Gear","2015","Yes","32.6562287036844","0.91495104413159","-0.890915019881376","GOV 3647 Groundgear A"
"MAC","Cohort 2015 GOV 3647 Groundgear D","Gear","2015","Yes","35.0957418218743","0.694544784483218","-0.949684932914169","GOV 3647 Groundgear D"
"MAC","Cohort 2016 GOV 3647 Groundgear A","Gear","2016","Yes","34.252283487819","0.772728180437004","-0.988721712022829","GOV 3647 Groundgear A"
"MAC","Cohort 2016 GOV 3647 Groundgear D","Gear","2016","Yes","37.0632675081183","0.495432157839249","-1.53870072797952","GOV 3647 Groundgear D"
"MAC","Cohort 2017 GOV 3647 Groundgear A","Gear","2017","Yes","31.8623209574919","1.2587170367242","-0.734161098983944","GOV 3647 Groundgear A"
"MAC","Cohort 2017 GOV 3647 Groundgear D","Gear","2017","Yes","35.5204461695075","0.693625655632083","-1.08720187342551","GOV 3647 Groundgear D"
"MAC","Cohort 2018 GOV 3647 Groundgear A","Gear","2018","Yes","33.1872830837556","0.781761525185375","-1.2111806200126","GOV 3647 Groundgear A"
"MAC","Cohort 2018 GOV 3647 Groundgear D","Gear","2018","Yes","35.652938616652","0.562003859690445","-1.51936867978334","GOV 3647 Groundgear D"
"MAC","Cohort 2019 GOV 3647 Groundgear A","Gear","2019","Yes","37.7052581179075","0.457776822696231","-1.71233098517894","GOV 3647 Groundgear A"
"MAC","Cohort 2019 GOV 3647 Groundgear D","Gear","2019","Yes","36.9689878797721","0.554820513128343","-1.34009986479671","GOV 3647 Groundgear D"
"MAC","Cohort 2020 GOV 3647 Groundgear A","Gear","2020","Yes","32.7645995820146","1.09503632651387","-0.909295329829674","GOV 3647 Groundgear A"
"MAC","Cohort 2020 GOV 3647 Groundgear D","Gear","2020","Yes","36.7378105950834","0.508243497935005","-1.62569307367924","GOV 3647 Groundgear D"
"MAC","Cohort 2021 GOV 3647 Groundgear A","Gear","2021","Yes","36.1106380882837","0.578987977672942","-1.41877153699383","GOV 3647 Groundgear A"
"MAC","Cohort 2021 GOV 3647 Groundgear D","Gear","2021","Yes","38.5401700541831","0.536761446747148","-1.18848761380016","GOV 3647 Groundgear D"
"MAC","Cohort 2022 GOV 3647 Groundgear A","Gear","2022","Yes","32.6019206294358","1.11029762110178","-0.9518091994515","GOV 3647 Groundgear A"
"MAC","Cohort 2022 GOV 3647 Groundgear D","Gear","2022","Yes","35.9343149026823","0.547506063575101","-1.64980764620793","GOV 3647 Groundgear D"
"MAC","Cohort 2023 GOV 3647 Groundgear A","Gear","2023","Yes","34.8582444844661","0.800911379111987","-1.12279501238346","GOV 3647 Groundgear A"
"MAC","Cohort 2023 GOV 3647 Groundgear D","Gear","2023","Yes","35.3841854093942","0.582259306813751","-1.54774600051724","GOV 3647 Groundgear D"
"MAC","Cohort 2024 GOV 3647 Groundgear A","Gear","2024","Yes",NA,NA,NA,"GOV 3647 Groundgear A"
"MAC","Cohort 2024 GOV 3647 Groundgear D","Gear","2024","Yes",NA,NA,NA,"GOV 3647 Groundgear D"
"MAC","Cohort 2025 GOV 3647 Groundgear A","Gear","2025","Yes",NA,NA,NA,"GOV 3647 Groundgear A"
"MAC","Cohort 2025 GOV 3647 Groundgear D","Gear","2025","Yes",NA,NA,NA,"GOV 3647 Groundgear D"
"MEG","Cohort 2003 GOV 3647 Groundgear A","Gear","2003","Yes","57.9527099918279","0.103457875188712","-2.40171253435186","GOV 3647 Groundgear A"
"MEG","Cohort 2003 GOV 3647 Groundgear D","Gear","2003","Yes","58.0154897454278","0.097973555586359","-2.60598522306372","GOV 3647 Groundgear D"
"MEG","Cohort 2004 GOV 3647 Groundgear A","Gear","2004","Yes","53.6779948135237","0.119505725921428","-2.28450739159456","GOV 3647 Groundgear A"
"MEG","Cohort 2004 GOV 3647 Groundgear D","Gear","2004","Yes","67.2742906916876","0.0684936296689593","-3.52502405681598","GOV 3647 Groundgear D"
"MEG","Cohort 2005 GOV 3647 Groundgear A","Gear","2005","Yes","53.1704569016254","0.11668849462515","-2.35024314333677","GOV 3647 Groundgear A"
"MEG","Cohort 2005 GOV 3647 Groundgear D","Gear","2005","Yes","64.5508348564943","0.0745349088166679","-3.21103531809903","GOV 3647 Groundgear D"
"MEG","Cohort 2006 GOV 3647 Groundgear A","Gear","2006","Yes","55.7183972161473","0.106992651772104","-2.44110972845194","GOV 3647 Groundgear A"
"MEG","Cohort 2006 GOV 3647 Groundgear D","Gear","2006","Yes","55.6431278891032","0.102004979790558","-2.88793016982091","GOV 3647 Groundgear D"
"MEG","Cohort 2007 GOV 3647 Groundgear A","Gear","2007","Yes","53.9723604364802","0.117825133065254","-1.88145421559136","GOV 3647 Groundgear A"
"MEG","Cohort 2007 GOV 3647 Groundgear D","Gear","2007","Yes",NA,NA,NA,"GOV 3647 Groundgear D"
"MEG","Cohort 2008 GOV 3647 Groundgear A","Gear","2008","Yes","43.2356905265824","0.241806092427051","-0.42746739754231","GOV 3647 Groundgear A"
"MEG","Cohort 2008 GOV 3647 Groundgear D","Gear","2008","Yes","42.4294093251281","0.30869836979702","-0.0638286836309704","GOV 3647 Groundgear D"
"MEG","Cohort 2009 GOV 3647 Groundgear A","Gear","2009","Yes","45.2499497907503","0.183947681814652","-1.30280762788849","GOV 3647 Groundgear A"
"MEG","Cohort 2009 GOV 3647 Groundgear D","Gear","2009","Yes","44.0238525313161","0.195884059659725","-1.67319041831205","GOV 3647 Groundgear D"
"MEG","Cohort 2010 GOV 3647 Groundgear A","Gear","2010","Yes","41.6376518004169","0.206433348185741","-1.85798870215281","GOV 3647 Groundgear A"
"MEG","Cohort 2010 GOV 3647 Groundgear D","Gear","2010","Yes","45.6963175738996","0.127082000963096","-4.01977313228857","GOV 3647 Groundgear D"
"MEG","Cohort 2011 GOV 3647 Groundgear A","Gear","2011","Yes","49.7710008039682","0.114795118834971","-3.59372895762783","GOV 3647 Groundgear A"
"MEG","Cohort 2011 GOV 3647 Groundgear D","Gear","2011","Yes","41.0218409472874","0.2584626227966","-1.48478767860943","GOV 3647 Groundgear D"
"MEG","Cohort 2012 GOV 3647 Groundgear A","Gear","2012","Yes","40.9237976362557","0.215226699032219","-1.94208983512292","GOV 3647 Groundgear A"
"MEG","Cohort 2012 GOV 3647 Groundgear D","Gear","2012","Yes","40.8795568555406","0.267274225105104","-1.27284947285846","GOV 3647 Groundgear D"
"MEG","Cohort 2013 GOV 3647 Groundgear A","Gear","2013","Yes","38.0319234061819","0.306371797219035","-1.10798340917797","GOV 3647 Groundgear A"
"MEG","Cohort 2013 GOV 3647 Groundgear D","Gear","2013","Yes","43.1289717898433","0.221478014843988","-1.9110660885365","GOV 3647 Groundgear D"
"MEG","Cohort 2014 GOV 3647 Groundgear A","Gear","2014","Yes","38.3178256355544","0.300358447688969","-0.829305283678923","GOV 3647 Groundgear A"
"MEG","Cohort 2014 GOV 3647 Groundgear D","Gear","2014","Yes","37.0952593166418","0.369625248208722","-0.742347038331028","GOV 3647 Groundgear D"
"MEG","Cohort 2015 GOV 3647 Groundgear A","Gear","2015","Yes","37.4020574932522","0.317215643490622","-0.879448609836217","GOV 3647 Groundgear A"
"MEG","Cohort 2015 GOV 3647 Groundgear D","Gear","2015","Yes","33.6552135649269","0.545855495061572","-0.436493965864091","GOV 3647 Groundgear D"
"MEG","Cohort 2016 GOV 3647 Groundgear A","Gear","2016","Yes","38.2592228104892","0.284056795473165","-0.883195599266411","GOV 3647 Groundgear A"
"MEG","Cohort 2016 GOV 3647 Groundgear D","Gear","2016","Yes","40.1049076330203","0.264405388077583","-1.11935220714332","GOV 3647 Groundgear D"
"MEG","Cohort 2017 GOV 3647 Groundgear A","Gear","2017","Yes","36.8650682155842","0.295480788609629","-0.925123611270953","GOV 3647 Groundgear A"
"MEG","Cohort 2017 GOV 3647 Groundgear D","Gear","2017","Yes","35.7948066549375","0.360060217755324","-0.848289967231844","GOV 3647 Groundgear D"
"MEG","Cohort 2018 GOV 3647 Groundgear A","Gear","2018","Yes","31.9242323355065","0.462117646667689","-0.461600435662991","GOV 3647 Groundgear A"
"MEG","Cohort 2018 GOV 3647 Groundgear D","Gear","2018","Yes","35.8702532752204","0.388194153951658","-0.249779572498148","GOV 3647 Groundgear D"
"MEG","Cohort 2019 GOV 3647 Groundgear A","Gear","2019","Yes","30.3235807999205","0.495857758421606","-0.630072279102","GOV 3647 Groundgear A"
"MEG","Cohort 2019 GOV 3647 Groundgear D","Gear","2019","Yes","32.8971456363237","0.373260120209523","-0.722072533456863","GOV 3647 Groundgear D"
"MEG","Cohort 2020 GOV 3647 Groundgear A","Gear","2020","Yes","28.8719965794617","0.369431810104362","-1.31201541109672","GOV 3647 Groundgear A"
"MEG","Cohort 2020 GOV 3647 Groundgear D","Gear","2020","Yes","26.724813148269","0.512481641000786","-1.08096133635238","GOV 3647 Groundgear D"
"MEG","Cohort 2021 GOV 3647 Groundgear A","Gear","2021","Yes",NA,NA,NA,"GOV 3647 Groundgear A"
"MEG","Cohort 2021 GOV 3647 Groundgear D","Gear","2021","Yes",NA,NA,NA,"GOV 3647 Groundgear D"
"MEG","Cohort 2022 GOV 3647 Groundgear A","Gear","2022","Yes","52.5051006931082","0.102533802401739","-2.26784883862771","GOV 3647 Groundgear A"
"MEG","Cohort 2022 GOV 3647 Groundgear D","Gear","2022","Yes","35.0267857142857","0.189756535281474","-2.07934546057152","GOV 3647 Groundgear D"
"MEG","Cohort 2023 GOV 3647 Groundgear A","Gear","2023","Yes","-42.1147425327111","-0.0978342718264616","-1.7776732567541","GOV 3647 Groundgear A"
"MEG","Cohort 2023 GOV 3647 Groundgear D","Gear","2023","Yes",NA,NA,NA,"GOV 3647 Groundgear D"
"MEG","Cohort 2024 GOV 3647 Groundgear A","Gear","2024","Yes",NA,NA,NA,"GOV 3647 Groundgear A"
"MEG","Cohort 2024 GOV 3647 Groundgear D","Gear","2024","Yes",NA,NA,NA,"GOV 3647 Groundgear D"
"MEG","Cohort 2025 GOV 3647 Groundgear A","Gear","2025","Yes",NA,NA,NA,"GOV 3647 Groundgear A"
"MEG","Cohort 2025 GOV 3647 Groundgear D","Gear","2025","Yes",NA,NA,NA,"GOV 3647 Groundgear D"
"PLE","Cohort 2003 GOV 3647 Groundgear A","Gear","2003","Yes","38.6592027605229","0.250847796553245","-1.75070626560221","GOV 3647 Groundgear A"
"PLE","Cohort 2003 GOV 3647 Groundgear D","Gear","2003","Yes","31.2605323941813","0.552043046572184","-0.302478496271106","GOV 3647 Groundgear D"
"PLE","Cohort 2004 GOV 3647 Groundgear A","Gear","2004","Yes","40.254329225243","0.226962408108823","-1.96472423195011","GOV 3647 Groundgear A"
"PLE","Cohort 2004 GOV 3647 Groundgear D","Gear","2004","Yes","37.0459444347906","0.202571001815742","-2.70282830438942","GOV 3647 Groundgear D"
"PLE","Cohort 2005 GOV 3647 Groundgear A","Gear","2005","Yes","35.5686667332513","0.363319655600027","-1.16308527927212","GOV 3647 Groundgear A"
"PLE","Cohort 2005 GOV 3647 Groundgear D","Gear","2005","Yes","34.4638177740361","0.243788110875111","-2.17600278939182","GOV 3647 Groundgear D"
"PLE","Cohort 2006 GOV 3647 Groundgear A","Gear","2006","Yes","46.2153955632272","0.136497548010465","-3.45610823354839","GOV 3647 Groundgear A"
"PLE","Cohort 2006 GOV 3647 Groundgear D","Gear","2006","Yes","31.9554798446363","0.414172500639002","-0.744401145832559","GOV 3647 Groundgear D"
"PLE","Cohort 2007 GOV 3647 Groundgear A","Gear","2007","Yes","42.7455410501746","0.160197222354224","-3.15701683431603","GOV 3647 Groundgear A"
"PLE","Cohort 2007 GOV 3647 Groundgear D","Gear","2007","Yes","34.4819488822221","0.241143825410513","-2.46744948720915","GOV 3647 Groundgear D"
"PLE","Cohort 2008 GOV 3647 Groundgear A","Gear","2008","Yes","38.706758581067","0.27491267832447","-1.50256996558267","GOV 3647 Groundgear A"
"PLE","Cohort 2008 GOV 3647 Groundgear D","Gear","2008","Yes","34.4965365140113","0.269551719247744","-1.76156537880609","GOV 3647 Groundgear D"
"PLE","Cohort 2009 GOV 3647 Groundgear A","Gear","2009","Yes","39.0283305038024","0.257169958314958","-1.70745468982053","GOV 3647 Groundgear A"
"PLE","Cohort 2009 GOV 3647 Groundgear D","Gear","2009","Yes","31.1132588243607","0.472108871945239","-0.715714543226223","GOV 3647 Groundgear D"
"PLE","Cohort 2010 GOV 3647 Groundgear A","Gear","2010","Yes","36.3182513915823","0.334976419203808","-1.33193418730765","GOV 3647 Groundgear A"
"PLE","Cohort 2010 GOV 3647 Groundgear D","Gear","2010","Yes","32.5837556874235","0.321407284993657","-1.77484555696521","GOV 3647 Groundgear D"
"PLE","Cohort 2011 GOV 3647 Groundgear A","Gear","2011","Yes","34.565260946323","0.423812509432001","-0.84980393541108","GOV 3647 Groundgear A"
"PLE","Cohort 2011 GOV 3647 Groundgear D","Gear","2011","Yes","30.3710394854017","0.473018052625612","-0.87255379957952","GOV 3647 Groundgear D"
"PLE","Cohort 2012 GOV 3647 Groundgear A","Gear","2012","Yes","37.4539010851512","0.253626786522967","-2.28423781115561","GOV 3647 Groundgear A"
"PLE","Cohort 2012 GOV 3647 Groundgear D","Gear","2012","Yes","32.8605381390254","0.29471409195509","-2.19225861071301","GOV 3647 Groundgear D"
"PLE","Cohort 2013 GOV 3647 Groundgear A","Gear","2013","Yes","53.4220566375721","0.0899797500266714","-4.7033235598624","GOV 3647 Groundgear A"
"PLE","Cohort 2013 GOV 3647 Groundgear D","Gear","2013","Yes","30.3238853430095","0.479397289122064","-0.681137982283706","GOV 3647 Groundgear D"
"PLE","Cohort 2014 GOV 3647 Groundgear A","Gear","2014","Yes","34.5930920732099","0.270946646197359","-2.32968426426352","GOV 3647 Groundgear A"
"PLE","Cohort 2014 GOV 3647 Groundgear D","Gear","2014","Yes","33.3329361676527","0.258848401288644","-2.24338517733093","GOV 3647 Groundgear D"
"PLE","Cohort 2015 GOV 3647 Groundgear A","Gear","2015","Yes","43.7204865383494","0.138605294856037","-3.63948772646648","GOV 3647 Groundgear A"
"PLE","Cohort 2015 GOV 3647 Groundgear D","Gear","2015","Yes","33.0155667731091","0.288096787713464","-1.90033454914617","GOV 3647 Groundgear D"
"PLE","Cohort 2016 GOV 3647 Groundgear A","Gear","2016","Yes","32.4093325784693","0.454190389963703","-0.807601685934495","GOV 3647 Groundgear A"
"PLE","Cohort 2016 GOV 3647 Groundgear D","Gear","2016","Yes","29.8989871657351","0.390892167771307","-1.80430704619716","GOV 3647 Groundgear D"
"PLE","Cohort 2017 GOV 3647 Groundgear A","Gear","2017","Yes","34.5864212586325","0.256916345197627","-2.54623977057706","GOV 3647 Groundgear A"
"PLE","Cohort 2017 GOV 3647 Groundgear D","Gear","2017","Yes","29.4591113387089","0.432743057828186","-1.43743189396855","GOV 3647 Groundgear D"
"PLE","Cohort 2018 GOV 3647 Groundgear A","Gear","2018","Yes","36.2594185529704","0.264602620084662","-2.01138193105632","GOV 3647 Groundgear A"
"PLE","Cohort 2018 GOV 3647 Groundgear D","Gear","2018","Yes",NA,NA,NA,"GOV 3647 Groundgear D"
"PLE","Cohort 2019 GOV 3647 Groundgear A","Gear","2019","Yes","33.9214286627965","0.280194861914041","-2.38947038190236","GOV 3647 Groundgear A"
"PLE","Cohort 2019 GOV 3647 Groundgear D","Gear","2019","Yes","28.9608479823234","0.377472612256915","-1.94766089009286","GOV 3647 Groundgear D"
"PLE","Cohort 2020 GOV 3647 Groundgear A","Gear","2020","Yes","36.8244642165876","0.229771935071854","-2.37780858364125","GOV 3647 Groundgear A"
"PLE","Cohort 2020 GOV 3647 Groundgear D","Gear","2020","Yes","30.2030555373452","0.430095352258442","-1.1090597142202","GOV 3647 Groundgear D"
"PLE","Cohort 2021 GOV 3647 Groundgear A","Gear","2021","Yes",NA,NA,NA,"GOV 3647 Groundgear A"
"PLE","Cohort 2021 GOV 3647 Groundgear D","Gear","2021","Yes","25.5893227962825","0.989218133178674","-0.00481360713808398","GOV 3647 Groundgear D"
"PLE","Cohort 2022 GOV 3647 Groundgear A","Gear","2022","Yes","27.2504689358057","0.58530910729392","-1.20749644331281","GOV 3647 Groundgear A"
"PLE","Cohort 2022 GOV 3647 Groundgear D","Gear","2022","Yes","24.9513651416921","0.929758008142127","-0.0827275018596842","GOV 3647 Groundgear D"
"PLE","Cohort 2023 GOV 3647 Groundgear A","Gear","2023","Yes",NA,NA,NA,"GOV 3647 Groundgear A"
"PLE","Cohort 2023 GOV 3647 Groundgear D","Gear","2023","Yes",NA,NA,NA,"GOV 3647 Groundgear D"
"PLE","Cohort 2024 GOV 3647 Groundgear A","Gear","2024","Yes",NA,NA,NA,"GOV 3647 Groundgear A"
"PLE","Cohort 2024 GOV 3647 Groundgear D","Gear","2024","Yes",NA,NA,NA,"GOV 3647 Groundgear D"
"POK","Cohort 2003 GOV 3647 Groundgear D","Gear","2003","Yes",NA,NA,NA,"GOV 3647 Groundgear D"
"POK","Cohort 2004 GOV 3647 Groundgear D","Gear","2004","Yes",NA,NA,NA,"GOV 3647 Groundgear D"
"POK","Cohort 2005 GOV 3647 Groundgear A","Gear","2005","Yes",NA,NA,NA,"GOV 3647 Groundgear A"
"POK","Cohort 2005 GOV 3647 Groundgear D","Gear","2005","Yes",NA,NA,NA,"GOV 3647 Groundgear D"
"POK","Cohort 2006 GOV 3647 Groundgear D","Gear","2006","Yes",NA,NA,NA,"GOV 3647 Groundgear D"
"POK","Cohort 2009 GOV 3647 Groundgear A","Gear","2009","Yes",NA,NA,NA,"GOV 3647 Groundgear A"
"POK","Cohort 2010 GOV 3647 Groundgear A","Gear","2010","Yes",NA,NA,NA,"GOV 3647 Groundgear A"
"POK","Cohort 2011 GOV 3647 Groundgear D","Gear","2011","Yes",NA,NA,NA,"GOV 3647 Groundgear D"
"POK","Cohort 2012 GOV 3647 Groundgear D","Gear","2012","Yes",NA,NA,NA,"GOV 3647 Groundgear D"
"POK","Cohort 2013 GOV 3647 Groundgear D","Gear","2013","Yes",NA,NA,NA,"GOV 3647 Groundgear D"
"POK","Cohort 2014 GOV 3647 Groundgear A","Gear","2014","Yes",NA,NA,NA,"GOV 3647 Groundgear A"
"POK","Cohort 2014 GOV 3647 Groundgear D","Gear","2014","Yes",NA,NA,NA,"GOV 3647 Groundgear D"
"POK","Cohort 2015 GOV 3647 Groundgear A","Gear","2015","Yes",NA,NA,NA,"GOV 3647 Groundgear A"
"POK","Cohort 2015 GOV 3647 Groundgear D","Gear","2015","Yes","61.8133253544765","0.318903646577158","-0.995246385361618","GOV 3647 Groundgear D"
"POK","Cohort 2016 GOV 3647 Groundgear A","Gear","2016","Yes",NA,NA,NA,"GOV 3647 Groundgear A"
"POK","Cohort 2016 GOV 3647 Groundgear D","Gear","2016","Yes",NA,NA,NA,"GOV 3647 Groundgear D"
"POK","Cohort 2017 GOV 3647 Groundgear D","Gear","2017","Yes",NA,NA,NA,"GOV 3647 Groundgear D"
"POK","Cohort 2018 GOV 3647 Groundgear D","Gear","2018","Yes",NA,NA,NA,"GOV 3647 Groundgear D"
"POK","Cohort 2019 GOV 3647 Groundgear A","Gear","2019","Yes",NA,NA,NA,"GOV 3647 Groundgear A"
"POK","Cohort 2019 GOV 3647 Groundgear D","Gear","2019","Yes",NA,NA,NA,"GOV 3647 Groundgear D"
"POK","Cohort 2020 GOV 3647 Groundgear A","Gear","2020","Yes",NA,NA,NA,"GOV 3647 Groundgear A"
"POK","Cohort 2020 GOV 3647 Groundgear D","Gear","2020","Yes",NA,NA,NA,"GOV 3647 Groundgear D"
"POK","Cohort 2021 GOV 3647 Groundgear D","Gear","2021","Yes",NA,NA,NA,"GOV 3647 Groundgear D"
"POK","Cohort 2022 GOV 3647 Groundgear A","Gear","2022","Yes",NA,NA,NA,"GOV 3647 Groundgear A"
"POK","Cohort 2022 GOV 3647 Groundgear D","Gear","2022","Yes",NA,NA,NA,"GOV 3647 Groundgear D"
"POL","Cohort 2007 GOV 3647 Groundgear A","Gear","2007","Yes",NA,NA,NA,"GOV 3647 Groundgear A"
"POL","Cohort 2008 GOV 3647 Groundgear A","Gear","2008","Yes",NA,NA,NA,"GOV 3647 Groundgear A"
"POL","Cohort 2009 GOV 3647 Groundgear A","Gear","2009","Yes",NA,NA,NA,"GOV 3647 Groundgear A"
"POL","Cohort 2010 GOV 3647 Groundgear A","Gear","2010","Yes",NA,NA,NA,"GOV 3647 Groundgear A"
"POL","Cohort 2011 GOV 3647 Groundgear A","Gear","2011","Yes",NA,NA,NA,"GOV 3647 Groundgear A"
"POL","Cohort 2011 GOV 3647 Groundgear D","Gear","2011","Yes",NA,NA,NA,"GOV 3647 Groundgear D"
"POL","Cohort 2012 GOV 3647 Groundgear A","Gear","2012","Yes",NA,NA,NA,"GOV 3647 Groundgear A"
"POL","Cohort 2012 GOV 3647 Groundgear D","Gear","2012","Yes",NA,NA,NA,"GOV 3647 Groundgear D"
"POL","Cohort 2013 GOV 3647 Groundgear A","Gear","2013","Yes",NA,NA,NA,"GOV 3647 Groundgear A"
"POL","Cohort 2013 GOV 3647 Groundgear D","Gear","2013","Yes",NA,NA,NA,"GOV 3647 Groundgear D"
"POL","Cohort 2014 GOV 3647 Groundgear A","Gear","2014","Yes",NA,NA,NA,"GOV 3647 Groundgear A"
"POL","Cohort 2014 GOV 3647 Groundgear D","Gear","2014","Yes",NA,NA,NA,"GOV 3647 Groundgear D"
"POL","Cohort 2015 GOV 3647 Groundgear A","Gear","2015","Yes","80.61310482929","0.264035976966854","-1.17583867442899","GOV 3647 Groundgear A"
"POL","Cohort 2015 GOV 3647 Groundgear D","Gear","2015","Yes",NA,NA,NA,"GOV 3647 Groundgear D"
"POL","Cohort 2016 GOV 3647 Groundgear A","Gear","2016","Yes",NA,NA,NA,"GOV 3647 Groundgear A"
"POL","Cohort 2016 GOV 3647 Groundgear D","Gear","2016","Yes",NA,NA,NA,"GOV 3647 Groundgear D"
"POL","Cohort 2017 GOV 3647 Groundgear A","Gear","2017","Yes",NA,NA,NA,"GOV 3647 Groundgear A"
"POL","Cohort 2017 GOV 3647 Groundgear D","Gear","2017","Yes",NA,NA,NA,"GOV 3647 Groundgear D"
"POL","Cohort 2018 GOV 3647 Groundgear A","Gear","2018","Yes",NA,NA,NA,"GOV 3647 Groundgear A"
"POL","Cohort 2018 GOV 3647 Groundgear D","Gear","2018","Yes",NA,NA,NA,"GOV 3647 Groundgear D"
"POL","Cohort 2019 GOV 3647 Groundgear D","Gear","2019","Yes",NA,NA,NA,"GOV 3647 Groundgear D"
"POL","Cohort 2020 GOV 3647 Groundgear A","Gear","2020","Yes","65.7926020378561","0.423048743895457","-0.78041484678323","GOV 3647 Groundgear A"
"POL","Cohort 2020 GOV 3647 Groundgear D","Gear","2020","Yes",NA,NA,NA,"GOV 3647 Groundgear D"
"POL","Cohort 2021 GOV 3647 Groundgear A","Gear","2021","Yes",NA,NA,NA,"GOV 3647 Groundgear A"
"POL","Cohort 2022 GOV 3647 Groundgear A","Gear","2022","Yes",NA,NA,NA,"GOV 3647 Groundgear A"
"POL","Cohort 2023 GOV 3647 Groundgear A","Gear","2023","Yes",NA,NA,NA,"GOV 3647 Groundgear A"
"SOL","Cohort 2003 GOV 3647 Groundgear A","Gear","2003","Yes","32.9862938361323","0.501616525500416","-0.85349234654341","GOV 3647 Groundgear A"
"SOL","Cohort 2003 GOV 3647 Groundgear D","Gear","2003","Yes","41.8695665560515","0.0304815111673462","-31.1796705749001","GOV 3647 Groundgear D"
"SOL","Cohort 2004 GOV 3647 Groundgear A","Gear","2004","Yes","35.4996993349236","0.233520385691491","-2.26039205412659","GOV 3647 Groundgear A"
"SOL","Cohort 2004 GOV 3647 Groundgear D","Gear","2004","Yes","34.976281330433","0.169430642266041","-4.70606341087101","GOV 3647 Groundgear D"
"SOL","Cohort 2005 GOV 3647 Groundgear A","Gear","2005","Yes","42.9303104374414","0.0799557849839858","-9.53947537130847","GOV 3647 Groundgear A"
"SOL","Cohort 2005 GOV 3647 Groundgear D","Gear","2005","Yes",NA,NA,NA,"GOV 3647 Groundgear D"
"SOL","Cohort 2006 GOV 3647 Groundgear A","Gear","2006","Yes",NA,NA,NA,"GOV 3647 Groundgear A"
"SOL","Cohort 2006 GOV 3647 Groundgear D","Gear","2006","Yes","30.6759263780932","0.450719999542504","-1.11008368609309","GOV 3647 Groundgear D"
"SOL","Cohort 2007 GOV 3647 Groundgear A","Gear","2007","Yes","35.2830852319469","0.162260853424117","-5.47329099443061","GOV 3647 Groundgear A"
"SOL","Cohort 2007 GOV 3647 Groundgear D","Gear","2007","Yes","31.0514710429697","0.565202385329854","-0.117521738878128","GOV 3647 Groundgear D"
"SOL","Cohort 2008 GOV 3647 Groundgear A","Gear","2008","Yes","33.2656930462112","0.269234585344453","-2.5075802518261","GOV 3647 Groundgear A"
"SOL","Cohort 2008 GOV 3647 Groundgear D","Gear","2008","Yes","31.4318499857612","0.706412433816906","0.586199514120405","GOV 3647 Groundgear D"
"SOL","Cohort 2009 GOV 3647 Groundgear A","Gear","2009","Yes",NA,NA,NA,"GOV 3647 Groundgear A"
"SOL","Cohort 2009 GOV 3647 Groundgear D","Gear","2009","Yes","31.2566990854291","0.242428740726338","-3.34603266317884","GOV 3647 Groundgear D"
"SOL","Cohort 2010 GOV 3647 Groundgear A","Gear","2010","Yes","36.8715143375853","0.163408993289923","-4.50708840066737","GOV 3647 Groundgear A"
"SOL","Cohort 2010 GOV 3647 Groundgear D","Gear","2010","Yes","28.6063924114408","2.05597334446336","1.51810624323655","GOV 3647 Groundgear D"
"SOL","Cohort 2011 GOV 3647 Groundgear A","Gear","2011","Yes","31.63334014464","0.59143839431351","-0.0948013696288908","GOV 3647 Groundgear A"
"SOL","Cohort 2011 GOV 3647 Groundgear D","Gear","2011","Yes",NA,NA,NA,"GOV 3647 Groundgear D"
"SOL","Cohort 2012 GOV 3647 Groundgear A","Gear","2012","Yes",NA,NA,NA,"GOV 3647 Groundgear A"
"SOL","Cohort 2012 GOV 3647 Groundgear D","Gear","2012","Yes",NA,NA,NA,"GOV 3647 Groundgear D"
"SOL","Cohort 2013 GOV 3647 Groundgear A","Gear","2013","Yes","32.1484242004684","0.513657192187267","-1.09406526217248","GOV 3647 Groundgear A"
"SOL","Cohort 2013 GOV 3647 Groundgear D","Gear","2013","Yes",NA,NA,NA,"GOV 3647 Groundgear D"
"SOL","Cohort 2014 GOV 3647 Groundgear A","Gear","2014","Yes","31.7689126040512","0.453125521489871","-1.70491406949365","GOV 3647 Groundgear A"
"SOL","Cohort 2014 GOV 3647 Groundgear D","Gear","2014","Yes",NA,NA,NA,"GOV 3647 Groundgear D"
"SOL","Cohort 2015 GOV 3647 Groundgear A","Gear","2015","Yes","50.5594057369902","0.0708495666399249","-6.57831850606874","GOV 3647 Groundgear A"
"SOL","Cohort 2015 GOV 3647 Groundgear D","Gear","2015","Yes","29.0885862686071","0.385098098455637","-1.32979981159462","GOV 3647 Groundgear D"
"SOL","Cohort 2016 GOV 3647 Groundgear A","Gear","2016","Yes","34.7238678591413","0.291331209492167","-1.67191270650263","GOV 3647 Groundgear A"
"SOL","Cohort 2016 GOV 3647 Groundgear D","Gear","2016","Yes",NA,NA,NA,"GOV 3647 Groundgear D"
"SOL","Cohort 2017 GOV 3647 Groundgear A","Gear","2017","Yes","38.2427904889151","0.202472467554191","-2.54634441959411","GOV 3647 Groundgear A"
"SOL","Cohort 2017 GOV 3647 Groundgear D","Gear","2017","Yes",NA,NA,NA,"GOV 3647 Groundgear D"
"SOL","Cohort 2018 GOV 3647 Groundgear A","Gear","2018","Yes","77.4695687931251","0.0404585395461263","-7.05640212658892","GOV 3647 Groundgear A"
"SOL","Cohort 2018 GOV 3647 Groundgear D","Gear","2018","Yes",NA,NA,NA,"GOV 3647 Groundgear D"
"SOL","Cohort 2019 GOV 3647 Groundgear A","Gear","2019","Yes",NA,NA,NA,"GOV 3647 Groundgear A"
"SOL","Cohort 2019 GOV 3647 Groundgear D","Gear","2019","Yes","29.4052683569671","0.409456056859914","-1.26804824973617","GOV 3647 Groundgear D"
"SOL","Cohort 2020 GOV 3647 Groundgear A","Gear","2020","Yes","-17.3176453636819","-0.0633797405480887","-11.2758947868341","GOV 3647 Groundgear A"
"SOL","Cohort 2020 GOV 3647 Groundgear D","Gear","2020","Yes",NA,NA,NA,"GOV 3647 Groundgear D"
"SOL","Cohort 2021 GOV 3647 Groundgear A","Gear","2021","Yes","34.8151453422606","0.341338469252139","-1.51410133611694","GOV 3647 Groundgear A"
"SOL","Cohort 2021 GOV 3647 Groundgear D","Gear","2021","Yes","32.8237384477469","0.331512091051755","-1.08469348065607","GOV 3647 Groundgear D"
"SOL","Cohort 2022 GOV 3647 Groundgear A","Gear","2022","Yes",NA,NA,NA,"GOV 3647 Groundgear A"
"SOL","Cohort 2022 GOV 3647 Groundgear D","Gear","2022","Yes",NA,NA,NA,"GOV 3647 Groundgear D"
"SOL","Cohort 2023 GOV 3647 Groundgear A","Gear","2023","Yes",NA,NA,NA,"GOV 3647 Groundgear A"
"SOL","Cohort 2023 GOV 3647 Groundgear D","Gear","2023","Yes",NA,NA,NA,"GOV 3647 Groundgear D"
"SOL","Cohort 2024 GOV 3647 Groundgear A","Gear","2024","Yes",NA,NA,NA,"GOV 3647 Groundgear A"
"SOL","Cohort 2024 GOV 3647 Groundgear D","Gear","2024","Yes",NA,NA,NA,"GOV 3647 Groundgear D"
"SOL","Cohort 2025 GOV 3647 Groundgear A","Gear","2025","Yes",NA,NA,NA,"GOV 3647 Groundgear A"
"WHB","Cohort 2003 GOV 3647 Groundgear A","Gear","2003","Yes","37.5829467678761","0.216631086733748","-2.75387001068404","GOV 3647 Groundgear A"
"WHB","Cohort 2003 GOV 3647 Groundgear D","Gear","2003","Yes","35.535087596308","0.351058925390181","-1.90750603040791","GOV 3647 Groundgear D"
"WHB","Cohort 2004 GOV 3647 Groundgear A","Gear","2004","Yes","36.9240643327019","0.221525016240298","-3.14771380533913","GOV 3647 Groundgear A"
"WHB","Cohort 2004 GOV 3647 Groundgear D","Gear","2004","Yes","39.8085259713784","0.194921123817225","-3.65560543084926","GOV 3647 Groundgear D"
"WHB","Cohort 2005 GOV 3647 Groundgear A","Gear","2005","Yes","35.3255764636116","0.316505757258001","-2.08496273605492","GOV 3647 Groundgear A"
"WHB","Cohort 2005 GOV 3647 Groundgear D","Gear","2005","Yes","44.8891821825903","0.160354742152325","-3.26582370223023","GOV 3647 Groundgear D"
"WHB","Cohort 2006 GOV 3647 Groundgear A","Gear","2006","Yes","35.5883902605482","0.351960405399474","-1.71468400756292","GOV 3647 Groundgear A"
"WHB","Cohort 2006 GOV 3647 Groundgear D","Gear","2006","Yes","33.5363968575552","0.458956375281149","-1.52827244949421","GOV 3647 Groundgear D"
"WHB","Cohort 2007 GOV 3647 Groundgear A","Gear","2007","Yes","34.7024736167685","0.363957437894583","-1.94677077813192","GOV 3647 Groundgear A"
"WHB","Cohort 2007 GOV 3647 Groundgear D","Gear","2007","Yes","37.0419997621952","0.336335407744128","-2.00411256835189","GOV 3647 Groundgear D"
"WHB","Cohort 2008 GOV 3647 Groundgear A","Gear","2008","Yes","31.1142262785109","0.55820508329349","-1.49364878250553","GOV 3647 Groundgear A"
"WHB","Cohort 2008 GOV 3647 Groundgear D","Gear","2008","Yes","32.5516150669527","0.573144799814948","-1.26226288829827","GOV 3647 Groundgear D"
"WHB","Cohort 2009 GOV 3647 Groundgear A","Gear","2009","Yes","42.568510942856","0.165187642718856","-3.31482517529304","GOV 3647 Groundgear A"
"WHB","Cohort 2009 GOV 3647 Groundgear D","Gear","2009","Yes","34.0256476633616","0.370087157806631","-2.21121989515627","GOV 3647 Groundgear D"
"WHB","Cohort 2010 GOV 3647 Groundgear A","Gear","2010","Yes","32.491783980959","0.420373631236638","-1.84339251314204","GOV 3647 Groundgear A"
"WHB","Cohort 2010 GOV 3647 Groundgear D","Gear","2010","Yes","31.4218838927567","0.492415137184635","-1.72848429891542","GOV 3647 Groundgear D"
"WHB","Cohort 2011 GOV 3647 Groundgear A","Gear","2011","Yes","33.3842798036749","0.291061783366798","-2.57933349556204","GOV 3647 Groundgear A"
"WHB","Cohort 2011 GOV 3647 Groundgear D","Gear","2011","Yes","30.698243938914","0.452900021979476","-1.88225087525915","GOV 3647 Groundgear D"
"WHB","Cohort 2012 GOV 3647 Groundgear A","Gear","2012","Yes","35.4003491322929","0.270095594810969","-2.6222930505277","GOV 3647 Groundgear A"
"WHB","Cohort 2012 GOV 3647 Groundgear D","Gear","2012","Yes","34.0424305926942","0.305209181544961","-2.54986888281247","GOV 3647 Groundgear D"
"WHB","Cohort 2013 GOV 3647 Groundgear A","Gear","2013","Yes","30.1600917253073","0.497391424305686","-1.93305449804464","GOV 3647 Groundgear A"
"WHB","Cohort 2013 GOV 3647 Groundgear D","Gear","2013","Yes","31.2739117578535","0.385401427810985","-2.22445204855237","GOV 3647 Groundgear D"
"WHB","Cohort 2014 GOV 3647 Groundgear A","Gear","2014","Yes","32.0223318658154","0.296141248874018","-2.77807773160199","GOV 3647 Groundgear A"
"WHB","Cohort 2014 GOV 3647 Groundgear D","Gear","2014","Yes","31.9927036096273","0.381066089719099","-2.1049570553399","GOV 3647 Groundgear D"
"WHB","Cohort 2015 GOV 3647 Groundgear A","Gear","2015","Yes","30.3914030682858","0.503427299428685","-1.83923301847827","GOV 3647 Groundgear A"
"WHB","Cohort 2015 GOV 3647 Groundgear D","Gear","2015","Yes","30.2651615467834","0.51445851100537","-1.69298294400403","GOV 3647 Groundgear D"
"WHB","Cohort 2016 GOV 3647 Groundgear A","Gear","2016","Yes","36.0268599425724","0.253829518207552","-3.03800437817757","GOV 3647 Groundgear A"
"WHB","Cohort 2016 GOV 3647 Groundgear D","Gear","2016","Yes","33.2638381366154","0.453299810909389","-1.70673312144845","GOV 3647 Groundgear D"
"WHB","Cohort 2017 GOV 3647 Groundgear A","Gear","2017","Yes","35.2179854551025","0.302113934938623","-2.695892387973","GOV 3647 Groundgear A"
"WHB","Cohort 2017 GOV 3647 Groundgear D","Gear","2017","Yes","34.9522015863829","0.355150633522561","-2.05349644942509","GOV 3647 Groundgear D"
"WHB","Cohort 2018 GOV 3647 Groundgear A","Gear","2018","Yes","31.7378371642341","0.546483583615103","-1.57610321796536","GOV 3647 Groundgear A"
"WHB","Cohort 2018 GOV 3647 Groundgear D","Gear","2018","Yes","34.2175653960376","0.372860145728768","-2.1549096865705","GOV 3647 Groundgear D"
"WHB","Cohort 2019 GOV 3647 Groundgear A","Gear","2019","Yes","32.3776408522202","0.44775938933059","-2.09439628446476","GOV 3647 Groundgear A"
"WHB","Cohort 2019 GOV 3647 Groundgear D","Gear","2019","Yes","31.3739193188479","0.42903442271723","-2.22709123040473","GOV 3647 Groundgear D"
"WHB","Cohort 2020 GOV 3647 Groundgear A","Gear","2020","Yes","29.2978213091822","0.512603637965914","-1.80598338406712","GOV 3647 Groundgear A"
"WHB","Cohort 2020 GOV 3647 Groundgear D","Gear","2020","Yes","29.2116990668185","0.510125804876518","-1.81481481920127","GOV 3647 Groundgear D"
"WHB","Cohort 2021 GOV 3647 Groundgear A","Gear","2021","Yes","29.1192203507171","0.46203709962448","-1.95055622519266","GOV 3647 Groundgear A"
"WHB","Cohort 2021 GOV 3647 Groundgear D","Gear","2021","Yes","29.5981075291446","0.571533406562727","-1.5474231761543","GOV 3647 Groundgear D"
"WHB","Cohort 2022 GOV 3647 Groundgear A","Gear","2022","Yes","30.1951311003584","0.44921029543323","-2.19434398585152","GOV 3647 Groundgear A"
"WHB","Cohort 2022 GOV 3647 Groundgear D","Gear","2022","Yes","33.242126134668","0.374132578481558","-2.33749731417006","GOV 3647 Groundgear D"
"WHB","Cohort 2023 GOV 3647 Groundgear A","Gear","2023","Yes","31.2395307395307","0.373927224593564","-2.49550989338379","GOV 3647 Groundgear A"
"WHB","Cohort 2023 GOV 3647 Groundgear D","Gear","2023","Yes","51.262398223538","0.17777494628436","-2.56671509949361","GOV 3647 Groundgear D"
"WHB","Cohort 2024 GOV 3647 Groundgear A","Gear","2024","Yes",NA,NA,NA,"GOV 3647 Groundgear A"
"WHB","Cohort 2024 GOV 3647 Groundgear D","Gear","2024","Yes",NA,NA,NA,"GOV 3647 Groundgear D"
"WHB","Cohort 2025 GOV 3647 Groundgear A","Gear","2025","Yes",NA,NA,NA,"GOV 3647 Groundgear A"
"WHB","Cohort 2025 GOV 3647 Groundgear D","Gear","2025","Yes",NA,NA,NA,"GOV 3647 Groundgear D"
"WHG","Cohort 2003 GOV 3647 Groundgear A","Gear","2003","Yes","40.1537395274093","0.666155677309626","-0.694952821316244","GOV 3647 Groundgear A"
"WHG","Cohort 2003 GOV 3647 Groundgear D","Gear","2003","Yes","38.9881173484722","0.529159125834843","-0.924571994220074","GOV 3647 Groundgear D"
"WHG","Cohort 2004 GOV 3647 Groundgear A","Gear","2004","Yes","48.2247374269162","0.356631451024277","-1.27496005462594","GOV 3647 Groundgear A"
"WHG","Cohort 2004 GOV 3647 Groundgear D","Gear","2004","Yes","38.1489331664912","0.623716440334063","-0.835640042482123","GOV 3647 Groundgear D"
"WHG","Cohort 2005 GOV 3647 Groundgear A","Gear","2005","Yes","53.6665456263922","0.281259192500883","-1.47915008688059","GOV 3647 Groundgear A"
"WHG","Cohort 2005 GOV 3647 Groundgear D","Gear","2005","Yes","42.1635532597701","0.42093639207942","-1.32401385163292","GOV 3647 Groundgear D"
"WHG","Cohort 2006 GOV 3647 Groundgear A","Gear","2006","Yes","70.9393736511242","0.174430855032843","-1.72305048799587","GOV 3647 Groundgear A"
"WHG","Cohort 2006 GOV 3647 Groundgear D","Gear","2006","Yes","39.5107911646941","0.650826724396008","-0.813290774906446","GOV 3647 Groundgear D"
"WHG","Cohort 2007 GOV 3647 Groundgear A","Gear","2007","Yes","56.135702099214","0.280620318494233","-1.42278015124466","GOV 3647 Groundgear A"
"WHG","Cohort 2007 GOV 3647 Groundgear D","Gear","2007","Yes","39.9448249453707","0.625492795843499","-0.751308281268578","GOV 3647 Groundgear D"
"WHG","Cohort 2008 GOV 3647 Groundgear A","Gear","2008","Yes","50.0258749369338","0.379674656036113","-1.15343267848665","GOV 3647 Groundgear A"
"WHG","Cohort 2008 GOV 3647 Groundgear D","Gear","2008","Yes","37.2621972782123","0.91258388734852","-0.514618069556701","GOV 3647 Groundgear D"
"WHG","Cohort 2009 GOV 3647 Groundgear A","Gear","2009","Yes","50.7753689890926","0.350697514509741","-1.33639407717841","GOV 3647 Groundgear A"
"WHG","Cohort 2009 GOV 3647 Groundgear D","Gear","2009","Yes","39.8393270467339","0.449773619976318","-1.26148891248148","GOV 3647 Groundgear D"
"WHG","Cohort 2010 GOV 3647 Groundgear A","Gear","2010","Yes","49.9862381544716","0.36865880427001","-1.12298373814677","GOV 3647 Groundgear A"
"WHG","Cohort 2010 GOV 3647 Groundgear D","Gear","2010","Yes","43.3932683030477","0.312737119940755","-1.64167017967952","GOV 3647 Groundgear D"
"WHG","Cohort 2011 GOV 3647 Groundgear A","Gear","2011","Yes","58.3736727603725","0.25700784953543","-1.48736587000519","GOV 3647 Groundgear A"
"WHG","Cohort 2011 GOV 3647 Groundgear D","Gear","2011","Yes","41.5971058976131","0.403073999219113","-1.29857681303587","GOV 3647 Groundgear D"
"WHG","Cohort 2012 GOV 3647 Groundgear A","Gear","2012","Yes","57.7419171116261","0.271959895109575","-1.37378920211092","GOV 3647 Groundgear A"
"WHG","Cohort 2012 GOV 3647 Groundgear D","Gear","2012","Yes","41.8526681615947","0.456329166339801","-0.979770003655244","GOV 3647 Groundgear D"
"WHG","Cohort 2013 GOV 3647 Groundgear A","Gear","2013","Yes","53.9425871353939","0.317567850195427","-1.26774038395013","GOV 3647 Groundgear A"
"WHG","Cohort 2013 GOV 3647 Groundgear D","Gear","2013","Yes","39.1415649926017","0.661321286417653","-0.62681350050162","GOV 3647 Groundgear D"
"WHG","Cohort 2014 GOV 3647 Groundgear A","Gear","2014","Yes","51.6438747767345","0.325265940177583","-1.25265835259085","GOV 3647 Groundgear A"
"WHG","Cohort 2014 GOV 3647 Groundgear D","Gear","2014","Yes","37.1143349788449","0.641468556175008","-0.855840725863711","GOV 3647 Groundgear D"
"WHG","Cohort 2015 GOV 3647 Groundgear A","Gear","2015","Yes","61.5267596893252","0.21587485403894","-1.59133783583214","GOV 3647 Groundgear A"
"WHG","Cohort 2015 GOV 3647 Groundgear D","Gear","2015","Yes","38.0537334298571","0.541134472429017","-0.941110493469055","GOV 3647 Groundgear D"
"WHG","Cohort 2016 GOV 3647 Groundgear A","Gear","2016","Yes","54.9087070359769","0.290889483187302","-1.22124266745764","GOV 3647 Groundgear A"
"WHG","Cohort 2016 GOV 3647 Groundgear D","Gear","2016","Yes","41.0619707092961","0.494639070307446","-0.81560755639165","GOV 3647 Groundgear D"
"WHG","Cohort 2017 GOV 3647 Groundgear A","Gear","2017","Yes","55.1321541581748","0.303060153837654","-1.2614603441467","GOV 3647 Groundgear A"
"WHG","Cohort 2017 GOV 3647 Groundgear D","Gear","2017","Yes","44.2462952250388","0.40154613261169","-1.08446080856703","GOV 3647 Groundgear D"
"WHG","Cohort 2018 GOV 3647 Groundgear A","Gear","2018","Yes","48.1078667890434","0.36867370815519","-1.25815462309157","GOV 3647 Groundgear A"
"WHG","Cohort 2018 GOV 3647 Groundgear D","Gear","2018","Yes","40.9920232062193","0.513260830380236","-1.02469598026551","GOV 3647 Groundgear D"
"WHG","Cohort 2019 GOV 3647 Groundgear A","Gear","2019","Yes","45.4072505881876","0.395131482519175","-1.22390841570234","GOV 3647 Groundgear A"
"WHG","Cohort 2019 GOV 3647 Groundgear D","Gear","2019","Yes","38.2925422528665","0.516527276106388","-1.11655067542992","GOV 3647 Groundgear D"
"WHG","Cohort 2020 GOV 3647 Groundgear A","Gear","2020","Yes","50.7877059834717","0.294020553231164","-1.41777948704753","GOV 3647 Groundgear A"
"WHG","Cohort 2020 GOV 3647 Groundgear D","Gear","2020","Yes","40.6063347390227","0.421700604455559","-1.32306475759379","GOV 3647 Groundgear D"
"WHG","Cohort 2021 GOV 3647 Groundgear A","Gear","2021","Yes","51.2954226032145","0.272571000400509","-1.55452635282967","GOV 3647 Groundgear A"
"WHG","Cohort 2021 GOV 3647 Groundgear D","Gear","2021","Yes","47.1852942621737","0.284708723783763","-1.6229694197563","GOV 3647 Groundgear D"
"WHG","Cohort 2022 GOV 3647 Groundgear A","Gear","2022","Yes","39.6827526548324","0.537095560939145","-0.999668658963589","GOV 3647 Groundgear A"
"WHG","Cohort 2022 GOV 3647 Groundgear D","Gear","2022","Yes","36.7831203931378","0.677774518752303","-0.773554526046798","GOV 3647 Groundgear D"
"WHG","Cohort 2023 GOV 3647 Groundgear A","Gear","2023","Yes","39.6125623621177","0.558239294968591","-1.07394105755492","GOV 3647 Groundgear A"
"WHG","Cohort 2023 GOV 3647 Groundgear D","Gear","2023","Yes","40.5499607260788","0.445807127285485","-1.29153610019114","GOV 3647 Groundgear D"
"WHG","Cohort 2024 GOV 3647 Groundgear A","Gear","2024","Yes",NA,NA,NA,"GOV 3647 Groundgear A"
"WHG","Cohort 2024 GOV 3647 Groundgear D","Gear","2024","Yes",NA,NA,NA,"GOV 3647 Groundgear D"
"WHG","Cohort 2025 GOV 3647 Groundgear A","Gear","2025","Yes",NA,NA,NA,"GOV 3647 Groundgear A"
"WHG","Cohort 2025 GOV 3647 Groundgear D","Gear","2025","Yes",NA,NA,NA,"GOV 3647 Groundgear D"
"COD","Cohort 2003 VIa","Division","2003","Yes","105.731310591","0.296297634046187","-0.581882253102466","VIa"
"COD","Cohort 2003 VIIb","Division","2003","Yes",NA,NA,NA,"VIIb"
"COD","Cohort 2003 VIIg","Division","2003","Yes",NA,NA,NA,"VIIg"
"COD","Cohort 2003 VIIj","Division","2003","Yes",NA,NA,NA,"VIIj"
"COD","Cohort 2004 VIa","Division","2004","Yes",NA,NA,NA,"VIa"
"COD","Cohort 2004 VIIb","Division","2004","Yes",NA,NA,NA,"VIIb"
"COD","Cohort 2004 VIIg","Division","2004","Yes","172.868156738785","0.18044424536581","-0.55517064120473","VIIg"
"COD","Cohort 2004 VIIj","Division","2004","Yes",NA,NA,NA,"VIIj"
"COD","Cohort 2005 VIa","Division","2005","Yes","91.7659918265349","0.333218198961694","-0.684134115410559","VIa"
"COD","Cohort 2005 VIIb","Division","2005","Yes","85.8628833576445","0.448948533883892","-0.578146236998356","VIIb"
"COD","Cohort 2005 VIIg","Division","2005","Yes",NA,NA,NA,"VIIg"
"COD","Cohort 2005 VIIj","Division","2005","Yes","107.991228070176","0.380772495517791","-0.408747091656476","VIIj"
"COD","Cohort 2005 VIIk","Division","2005","Yes",NA,NA,NA,"VIIk"
"COD","Cohort 2006 VIa","Division","2006","Yes","96.3583389802434","0.361788243615869","-0.40391254218329","VIa"
"COD","Cohort 2006 VIIb","Division","2006","Yes",NA,NA,NA,"VIIb"
"COD","Cohort 2006 VIIg","Division","2006","Yes","144.110454036142","0.239146513272189","-0.341396200999195","VIIg"
"COD","Cohort 2006 VIIj","Division","2006","Yes","94.0108568011937","0.676240302240411","0.0517892896499545","VIIj"
"COD","Cohort 2007 VIa","Division","2007","Yes","-40.9837573385514","-0.166699034064727","-2.98508944563216","VIa"
"COD","Cohort 2007 VIIb","Division","2007","Yes",NA,NA,NA,"VIIb"
"COD","Cohort 2007 VIIg","Division","2007","Yes",NA,NA,NA,"VIIg"
"COD","Cohort 2007 VIIj","Division","2007","Yes",NA,NA,NA,"VIIj"
"COD","Cohort 2008 VIa","Division","2008","Yes","220.80230049166","0.106726254014667","-0.764473060514472","VIa"
"COD","Cohort 2008 VIIb","Division","2008","Yes",NA,NA,NA,"VIIb"
"COD","Cohort 2008 VIIg","Division","2008","Yes","98.6479870517993","0.431972708356102","-0.300594713233717","VIIg"
"COD","Cohort 2008 VIIj","Division","2008","Yes","80.2482860636644","1.01152991792261","0.329338684155304","VIIj"
"COD","Cohort 2009 VIa","Division","2009","Yes","145.848965972485","0.154565610691368","-0.896035401380826","VIa"
"COD","Cohort 2009 VIIb","Division","2009","Yes","124.585333479514","0.248827003382224","-0.729506822484561","VIIb"
"COD","Cohort 2009 VIIg","Division","2009","Yes","121.955490227192","0.315190910953639","-0.153730907960671","VIIg"
"COD","Cohort 2009 VIIj","Division","2009","Yes","114.624421170257","0.370067246635331","-0.198349279625832","VIIj"
"COD","Cohort 2010 VIa","Division","2010","Yes",NA,NA,NA,"VIa"
"COD","Cohort 2010 VIIb","Division","2010","Yes","170.065819633685","0.15804305481121","-0.96385473037443","VIIb"
"COD","Cohort 2010 VIIg","Division","2010","Yes","157.2391640266","0.181708813601865","-0.624110958765318","VIIg"
"COD","Cohort 2010 VIIj","Division","2010","Yes","168.730856601637","0.174146310900549","-0.778099317349502","VIIj"
"COD","Cohort 2011 VIa","Division","2011","Yes","128.866904443991","0.190915529630299","-0.916217993397243","VIa"
"COD","Cohort 2011 VIIg","Division","2011","Yes","109.422254557496","0.396303756521242","-0.327074892917178","VIIg"
"COD","Cohort 2011 VIIj","Division","2011","Yes",NA,NA,NA,"VIIj"
"COD","Cohort 2012 VIa","Division","2012","Yes","129.879681552126","0.204555923981612","-0.624517938482309","VIa"
"COD","Cohort 2012 VIIb","Division","2012","Yes",NA,NA,NA,"VIIb"
"COD","Cohort 2012 VIIg","Division","2012","Yes","110.907488133953","0.494913994676629","0.0892566160808774","VIIg"
"COD","Cohort 2012 VIIj","Division","2012","Yes","109.257226503736","0.680555056119722","0.113348972312252","VIIj"
"COD","Cohort 2013 VIa","Division","2013","Yes","120.109525544175","0.218515257134605","-0.632698878023637","VIa"
"COD","Cohort 2013 VIIb","Division","2013","Yes",NA,NA,NA,"VIIb"
"COD","Cohort 2013 VIIc","Division","2013","Yes",NA,NA,NA,"VIIc"
"COD","Cohort 2013 VIIg","Division","2013","Yes","143.715006275656","0.248118979194163","-0.306982313746738","VIIg"
"COD","Cohort 2013 VIIj","Division","2013","Yes","116.27831274386","0.393423456616361","-0.112637273540569","VIIj"
"COD","Cohort 2014 VIa","Division","2014","Yes","92.917151667753","0.358309798086303","-0.415649678994539","VIa"
"COD","Cohort 2014 VIIb","Division","2014","Yes",NA,NA,NA,"VIIb"
"COD","Cohort 2014 VIIc","Division","2014","Yes",NA,NA,NA,"VIIc"
"COD","Cohort 2014 VIIg","Division","2014","Yes","114.179789718568","0.460933645875765","0.0983098447408575","VIIg"
"COD","Cohort 2014 VIIj","Division","2014","Yes",NA,NA,NA,"VIIj"
"COD","Cohort 2015 VIa","Division","2015","Yes","85.5667836462871","0.390497003822104","-0.462306872852964","VIa"
"COD","Cohort 2015 VIIb","Division","2015","Yes","69.5309278350515","1.76644166124377","0.615934597038192","VIIb"
"COD","Cohort 2015 VIIg","Division","2015","Yes","111.504180823976","0.417220684077838","-0.102217689593607","VIIg"
"COD","Cohort 2015 VIIj","Division","2015","Yes","-28.7366158113729","-0.214377291688191","-3.51867449288762","VIIj"
"COD","Cohort 2016 VIa","Division","2016","Yes","-725.499999999976","-0.0253178079842907","-0.860944652251914","VIa"
"COD","Cohort 2016 VIIb","Division","2016","Yes",NA,NA,NA,"VIIb"
"COD","Cohort 2016 VIIg","Division","2016","Yes",NA,NA,NA,"VIIg"
"COD","Cohort 2016 VIIj","Division","2016","Yes",NA,NA,NA,"VIIj"
"COD","Cohort 2017 VIa","Division","2017","Yes","60.4779735682819","1.06731528194619","-0.0929818234294433","VIa"
"COD","Cohort 2017 VIIb","Division","2017","Yes",NA,NA,NA,"VIIb"
"COD","Cohort 2017 VIIg","Division","2017","Yes","-2061.37907945208","-0.00874569784797074","-1.4187774341851","VIIg"
"COD","Cohort 2017 VIIj","Division","2017","Yes",NA,NA,NA,"VIIj"
"COD","Cohort 2018 VIa","Division","2018","Yes","84.5656730010257","0.390244817303936","-0.599874355011913","VIa"
"COD","Cohort 2018 VIIb","Division","2018","Yes","117.995142672165","0.257359264380912","-0.6908805651504","VIIb"
"COD","Cohort 2018 VIIc","Division","2018","Yes",NA,NA,NA,"VIIc"
"COD","Cohort 2018 VIIg","Division","2018","Yes","184.401624814882","0.167341621553854","-0.389161359072732","VIIg"
"COD","Cohort 2018 VIIj","Division","2018","Yes","-31.0253521126767","-0.158993304303045","-4.93336155748094","VIIj"
"COD","Cohort 2019 VIa","Division","2019","Yes",NA,NA,NA,"VIa"
"COD","Cohort 2019 VIIc","Division","2019","Yes",NA,NA,NA,"VIIc"
"COD","Cohort 2019 VIIg","Division","2019","Yes","104.715673157778","0.560234202329464","0.257791794489955","VIIg"
"COD","Cohort 2019 VIIj","Division","2019","Yes","141.428571428572","0.242561637171311","-0.404549691115424","VIIj"
"COD","Cohort 2020 VIa","Division","2020","Yes","697.162337662341","0.034540325252176","-0.65094533518129","VIa"
"COD","Cohort 2020 VIIb","Division","2020","Yes",NA,NA,NA,"VIIb"
"COD","Cohort 2020 VIIg","Division","2020","Yes","-111.547619047617","-0.115831815525123","-1.82416812750014","VIIg"
"COD","Cohort 2020 VIIj","Division","2020","Yes",NA,NA,NA,"VIIj"
"COD","Cohort 2021 VIa","Division","2021","Yes",NA,NA,NA,"VIa"
"COD","Cohort 2021 VIIb","Division","2021","Yes","53.8470483005367","0.771108722029657","-0.583097416788805","VIIb"
"COD","Cohort 2021 VIIg","Division","2021","Yes","141.794092006804","0.232909789438815","-0.43984070002258","VIIg"
"COD","Cohort 2021 VIIj","Division","2021","Yes","-62.1041666666662","-0.18805223150294","-1.82936132147733","VIIj"
"COD","Cohort 2022 VIIb","Division","2022","Yes",NA,NA,NA,"VIIb"
"COD","Cohort 2022 VIIg","Division","2022","Yes",NA,NA,NA,"VIIg"
"COD","Cohort 2023 VIa","Division","2023","Yes",NA,NA,NA,"VIa"
"COD","Cohort 2023 VIIb","Division","2023","Yes",NA,NA,NA,"VIIb"
"COD","Cohort 2023 VIIg","Division","2023","Yes",NA,NA,NA,"VIIg"
"COD","Cohort 2024 VIa","Division","2024","Yes",NA,NA,NA,"VIa"
"COD","Cohort 2024 VIIg","Division","2024","Yes",NA,NA,NA,"VIIg"
"COD","Cohort 2024 VIIj","Division","2024","Yes",NA,NA,NA,"VIIj"
"HAD","Cohort 2003 VIa","Division","2003","Yes","44.4907903570141","0.378247135868348","-1.22034766961078","VIa"
"HAD","Cohort 2003 VIIb","Division","2003","Yes","48.4483320617086","0.276942122784192","-1.33512965540813","VIIb"
"HAD","Cohort 2003 VIIc","Division","2003","Yes",NA,NA,NA,"VIIc"
"HAD","Cohort 2003 VIIg","Division","2003","Yes","89.58087906691","0.13854603442171","-1.4880515511896","VIIg"
"HAD","Cohort 2003 VIIj","Division","2003","Yes","61.4756672157057","0.256074580956308","-1.07888029252915","VIIj"
"HAD","Cohort 2004 VIa","Division","2004","Yes","47.4729009766187","0.342024545078546","-1.18910188308737","VIa"
"HAD","Cohort 2004 VIIb","Division","2004","Yes","52.1694357255102","0.245155634011641","-1.51706451344863","VIIb"
"HAD","Cohort 2004 VIIc","Division","2004","Yes",NA,NA,NA,"VIIc"
"HAD","Cohort 2004 VIIg","Division","2004","Yes","98.7615067405714","0.130605990198314","-1.51091803069716","VIIg"
"HAD","Cohort 2004 VIIj","Division","2004","Yes","83.0603914423383","0.154059179268997","-1.56379304120912","VIIj"
"HAD","Cohort 2005 VIa","Division","2005","Yes","48.4813520710733","0.288598948066092","-1.67799762603836","VIa"
"HAD","Cohort 2005 VIIb","Division","2005","Yes","56.797449680897","0.217108861498573","-1.60867175480389","VIIb"
"HAD","Cohort 2005 VIIc","Division","2005","Yes",NA,NA,NA,"VIIc"
"HAD","Cohort 2005 VIIg","Division","2005","Yes","81.3468267907856","0.184704676004534","-1.39694988312766","VIIg"
"HAD","Cohort 2005 VIIj","Division","2005","Yes","69.2028808480675","0.262163540121787","-1.0954949381862","VIIj"
"HAD","Cohort 2006 VIa","Division","2006","Yes","47.6065178533138","0.31544643459798","-1.69594012616788","VIa"
"HAD","Cohort 2006 VIIb","Division","2006","Yes","56.4574566423803","0.262054194170702","-1.35501191904892","VIIb"
"HAD","Cohort 2006 VIIc","Division","2006","Yes",NA,NA,NA,"VIIc"
"HAD","Cohort 2006 VIIg","Division","2006","Yes","64.8884271528014","0.293575993351041","-1.11563787180852","VIIg"
"HAD","Cohort 2006 VIIj","Division","2006","Yes","64.7907890920899","0.296553814776445","-1.11613375963505","VIIj"
"HAD","Cohort 2007 VIa","Division","2007","Yes","49.8456896642383","0.296427112520854","-1.4632542749692","VIa"
"HAD","Cohort 2007 VIIb","Division","2007","Yes","61.5774950937574","0.183356179173951","-1.91536254369121","VIIb"
"HAD","Cohort 2007 VIIc","Division","2007","Yes",NA,NA,NA,"VIIc"
"HAD","Cohort 2007 VIIg","Division","2007","Yes","62.2968693043215","0.294757509782491","-1.27934546221631","VIIg"
"HAD","Cohort 2007 VIIj","Division","2007","Yes","62.6238057622634","0.276320957370494","-1.39162289062539","VIIj"
"HAD","Cohort 2008 VIa","Division","2008","Yes","45.7196830290244","0.504975284643223","-0.749378179346445","VIa"
"HAD","Cohort 2008 VIIb","Division","2008","Yes","50.5357839260111","0.316502455614214","-1.16060491419646","VIIb"
"HAD","Cohort 2008 VIIc","Division","2008","Yes","54.3771809117961","0.417485180484737","-0.933865792021231","VIIc"
"HAD","Cohort 2008 VIIg","Division","2008","Yes","61.1737977248407","0.299739715901917","-1.24787664866422","VIIg"
"HAD","Cohort 2008 VIIj","Division","2008","Yes","73.2667608715565","0.171786581294858","-1.84386106975832","VIIj"
"HAD","Cohort 2008 VIIk","Division","2008","Yes",NA,NA,NA,"VIIk"
"HAD","Cohort 2009 VIa","Division","2009","Yes","51.0371316687328","0.232938026086205","-2.19486996265015","VIa"
"HAD","Cohort 2009 VIIb","Division","2009","Yes","60.2937026608742","0.192110941334937","-1.73737477406744","VIIb"
"HAD","Cohort 2009 VIIc","Division","2009","Yes","80.8816275462807","0.113431072499495","-2.87984328991378","VIIc"
"HAD","Cohort 2009 VIIg","Division","2009","Yes","78.335419517633","0.143379001954405","-1.91079808626331","VIIg"
"HAD","Cohort 2009 VIIj","Division","2009","Yes","92.8648174070613","0.112868046936342","-1.84956149882926","VIIj"
"HAD","Cohort 2010 VIa","Division","2010","Yes","46.85953206039","0.359249886127964","-1.28260531775886","VIa"
"HAD","Cohort 2010 VIIb","Division","2010","Yes","48.9732300945901","0.310425327001551","-1.39358115422914","VIIb"
"HAD","Cohort 2010 VIIc","Division","2010","Yes",NA,NA,NA,"VIIc"
"HAD","Cohort 2010 VIIg","Division","2010","Yes","69.5753059207386","0.19181466372793","-1.50600039300877","VIIg"
"HAD","Cohort 2010 VIIj","Division","2010","Yes","79.50357033328","0.175439803399653","-1.37967608559303","VIIj"
"HAD","Cohort 2011 VIa","Division","2011","Yes","46.6859961619186","0.365823195509882","-1.39854530946969","VIa"
"HAD","Cohort 2011 VIIb","Division","2011","Yes","53.7107033615316","0.306129679917407","-1.2306591685498","VIIb"
"HAD","Cohort 2011 VIIc","Division","2011","Yes","55.4503904301498","0.399606399575201","-0.909167199265811","VIIc"
"HAD","Cohort 2011 VIIg","Division","2011","Yes","76.0071421884698","0.198481666425654","-1.40589721523704","VIIg"
"HAD","Cohort 2011 VIIj","Division","2011","Yes","65.510067324873","0.262929772968999","-1.26601316517536","VIIj"
"HAD","Cohort 2012 VIa","Division","2012","Yes","43.0773168421685","0.594015525075398","-0.706756258872033","VIa"
"HAD","Cohort 2012 VIIb","Division","2012","Yes","48.9254075959458","0.406387853297833","-1.07190984786091","VIIb"
"HAD","Cohort 2012 VIIc","Division","2012","Yes",NA,NA,NA,"VIIc"
"HAD","Cohort 2012 VIIg","Division","2012","Yes","67.4502536482287","0.30885443472235","-1.01641768629336","VIIg"
"HAD","Cohort 2012 VIIj","Division","2012","Yes","69.1875957945123","0.258496620340089","-1.23741619998741","VIIj"
"HAD","Cohort 2013 VIa","Division","2013","Yes","48.6034299358389","0.417384864444297","-0.903548659154066","VIa"
"HAD","Cohort 2013 VIIb","Division","2013","Yes","47.7704963094969","0.399911611631268","-1.17372215491636","VIIb"
"HAD","Cohort 2013 VIIc","Division","2013","Yes","47.474456733369","0.709022612146352","-0.773392941142556","VIIc"
"HAD","Cohort 2013 VIIg","Division","2013","Yes","63.1457975387764","0.318775538006624","-1.05048072342695","VIIg"
"HAD","Cohort 2013 VIIj","Division","2013","Yes","65.3844611288072","0.327175592352342","-0.920366828540472","VIIj"
"HAD","Cohort 2014 VIa","Division","2014","Yes","41.7967333604626","0.472455864164953","-1.107462221207","VIa"
"HAD","Cohort 2014 VIIb","Division","2014","Yes","43.0721268856392","0.429466890547017","-1.23485973265269","VIIb"
"HAD","Cohort 2014 VIIc","Division","2014","Yes",NA,NA,NA,"VIIc"
"HAD","Cohort 2014 VIIg","Division","2014","Yes","66.5195231346957","0.261947098375997","-1.21335142309702","VIIg"
"HAD","Cohort 2014 VIIj","Division","2014","Yes","62.4657894734815","0.291882693505685","-1.14616192789824","VIIj"
"HAD","Cohort 2015 VIa","Division","2015","Yes","38.6218814875592","0.59209189544244","-0.887350316162256","VIa"
"HAD","Cohort 2015 VIIb","Division","2015","Yes","44.8778769072056","0.353733610620751","-1.36540963075085","VIIb"
"HAD","Cohort 2015 VIIc","Division","2015","Yes","50.0483683457424","0.28061382341126","-2.26183514253286","VIIc"
"HAD","Cohort 2015 VIIg","Division","2015","Yes","56.1627380289197","0.322481348060616","-1.24069479241609","VIIg"
"HAD","Cohort 2015 VIIj","Division","2015","Yes","70.4434635921752","0.25775669802262","-1.14888530038949","VIIj"
"HAD","Cohort 2016 VIa","Division","2016","Yes","41.9991181274721","0.395894996288843","-1.25367776290475","VIa"
"HAD","Cohort 2016 VIIb","Division","2016","Yes","44.22831268494","0.404123791157922","-1.18315713079566","VIIb"
"HAD","Cohort 2016 VIIg","Division","2016","Yes","70.4673973248973","0.200373741355891","-1.48598517431324","VIIg"
"HAD","Cohort 2016 VIIj","Division","2016","Yes","72.8025361367577","0.27721476804169","-1.01271529769632","VIIj"
"HAD","Cohort 2017 VIa","Division","2017","Yes","45.0878842813538","0.407551184571406","-1.02532402142036","VIa"
"HAD","Cohort 2017 VIIb","Division","2017","Yes","49.9217860642449","0.353548655062416","-1.23370387164393","VIIb"
"HAD","Cohort 2017 VIIc","Division","2017","Yes",NA,NA,NA,"VIIc"
"HAD","Cohort 2017 VIIg","Division","2017","Yes","58.8945974054259","0.323469504834987","-1.14002763616744","VIIg"
"HAD","Cohort 2017 VIIj","Division","2017","Yes","64.9724731377734","0.306800439890626","-1.02563334474295","VIIj"
"HAD","Cohort 2018 VIa","Division","2018","Yes","43.7181121760762","0.377795370854478","-1.40082085174981","VIa"
"HAD","Cohort 2018 VIIb","Division","2018","Yes","52.0264227261596","0.252256404502217","-1.66193456431214","VIIb"
"HAD","Cohort 2018 VIIc","Division","2018","Yes","142.911586249498","0.0591944812027637","-2.81563085640489","VIIc"
"HAD","Cohort 2018 VIIg","Division","2018","Yes","51.7878052736655","0.350917026424259","-1.2154628186804","VIIg"
"HAD","Cohort 2018 VIIj","Division","2018","Yes","72.7735409503169","0.187868201146883","-1.53785010614795","VIIj"
"HAD","Cohort 2019 VIa","Division","2019","Yes","44.1652426054841","0.33954696281378","-1.39950802848686","VIa"
"HAD","Cohort 2019 VIIb","Division","2019","Yes","48.3294045961718","0.288796928531958","-1.39650150343016","VIIb"
"HAD","Cohort 2019 VIIc","Division","2019","Yes",NA,NA,NA,"VIIc"
"HAD","Cohort 2019 VIIg","Division","2019","Yes","53.8373093851786","0.293422302743615","-1.34827631963002","VIIg"
"HAD","Cohort 2019 VIIj","Division","2019","Yes","70.6343989784294","0.210928774130394","-1.30963363554032","VIIj"
"HAD","Cohort 2020 VIa","Division","2020","Yes","48.0371275469259","0.234137030770142","-2.10712786448447","VIa"
"HAD","Cohort 2020 VIIb","Division","2020","Yes","50.1494559975798","0.268153390449276","-1.51968958152916","VIIb"
"HAD","Cohort 2020 VIIc","Division","2020","Yes","49.7544174592297","0.783196490722956","0.0238701370585945","VIIc"
"HAD","Cohort 2020 VIIg","Division","2020","Yes","55.0294548730917","0.337590399959571","-1.09278920891943","VIIg"
"HAD","Cohort 2020 VIIj","Division","2020","Yes","65.6736909879228","0.223524814399096","-1.39781029226953","VIIj"
"HAD","Cohort 2021 VIa","Division","2021","Yes","57.9660446711577","0.167077306687315","-2.122072268232","VIa"
"HAD","Cohort 2021 VIIb","Division","2021","Yes","54.873063630211","0.219116521139202","-1.7428798348775","VIIb"
"HAD","Cohort 2021 VIIc","Division","2021","Yes",NA,NA,NA,"VIIc"
"HAD","Cohort 2021 VIIg","Division","2021","Yes","44.8362055912941","0.367226531263655","-1.49472680879241","VIIg"
"HAD","Cohort 2021 VIIj","Division","2021","Yes","53.0778660864386","0.341117272446062","-1.15749501150591","VIIj"
"HAD","Cohort 2022 VIa","Division","2022","Yes","38.2028877169987","0.49491442361752","-1.06374909705232","VIa"
"HAD","Cohort 2022 VIIb","Division","2022","Yes","37.1962960642885","0.668316644093669","-0.780842538887429","VIIb"
"HAD","Cohort 2022 VIIg","Division","2022","Yes","40.9148482311318","0.49699788181863","-1.07523681831572","VIIg"
"HAD","Cohort 2022 VIIj","Division","2022","Yes","44.4425207798261","0.513132604790992","-0.945037532291759","VIIj"
"HAD","Cohort 2023 VIa","Division","2023","Yes","43.2111111111111","0.405465108108164","-1.15068825062837","VIa"
"HAD","Cohort 2023 VIIb","Division","2023","Yes","37.7558889825077","0.602185884149959","-0.857468004439719","VIIb"
"HAD","Cohort 2023 VIIc","Division","2023","Yes",NA,NA,NA,"VIIc"
"HAD","Cohort 2023 VIIg","Division","2023","Yes","42.4682942579219","0.461947340415914","-1.12544400401258","VIIg"
"HAD","Cohort 2023 VIIj","Division","2023","Yes","42.3891495601173","0.592252717248444","-0.933307798433131","VIIj"
"HAD","Cohort 2024 VIa","Division","2024","Yes",NA,NA,NA,"VIa"
"HAD","Cohort 2024 VIIb","Division","2024","Yes",NA,NA,NA,"VIIb"
"HAD","Cohort 2024 VIIc","Division","2024","Yes",NA,NA,NA,"VIIc"
"HAD","Cohort 2024 VIIg","Division","2024","Yes",NA,NA,NA,"VIIg"
"HAD","Cohort 2024 VIIj","Division","2024","Yes",NA,NA,NA,"VIIj"
"HAD","Cohort 2025 VIa","Division","2025","Yes",NA,NA,NA,"VIa"
"HAD","Cohort 2025 VIIb","Division","2025","Yes",NA,NA,NA,"VIIb"
"HAD","Cohort 2025 VIIg","Division","2025","Yes",NA,NA,NA,"VIIg"
"HAD","Cohort 2025 VIIj","Division","2025","Yes",NA,NA,NA,"VIIj"
"HER","Cohort 2003 VIa","Division","2003","Yes","31.4418179541279","0.353122791765544","-2.41814522566244","VIa"
"HER","Cohort 2003 VIIb","Division","2003","Yes","30.0873683345883","0.574884110377483","-1.20431006730389","VIIb"
"HER","Cohort 2003 VIIg","Division","2003","Yes","28.5251938443864","0.522258179956854","-1.3955386037064","VIIg"
"HER","Cohort 2003 VIIj","Division","2003","Yes",NA,NA,NA,"VIIj"
"HER","Cohort 2004 VIa","Division","2004","Yes","30.4290440176454","0.566951507881202","-1.02027606732202","VIa"
"HER","Cohort 2004 VIIb","Division","2004","Yes","30.5993605933276","0.546906497970254","-1.00491630342621","VIIb"
"HER","Cohort 2004 VIIg","Division","2004","Yes","28.5493938125858","0.480803466362126","-1.59937550261811","VIIg"
"HER","Cohort 2004 VIIj","Division","2004","Yes",NA,NA,NA,"VIIj"
"HER","Cohort 2005 VIa","Division","2005","Yes","31.0708118840926","0.44678431188319","-1.60465450246246","VIa"
"HER","Cohort 2005 VIIb","Division","2005","Yes","28.8835805871397","0.752899968425954","-0.923682736743053","VIIb"
"HER","Cohort 2005 VIIg","Division","2005","Yes","29.5157113598337","0.390354683887517","-2.1150641523394","VIIg"
"HER","Cohort 2005 VIIj","Division","2005","Yes","27.2775008218917","0.848324413905032","-1.21029296794654","VIIj"
"HER","Cohort 2006 VIa","Division","2006","Yes","30.8541370513504","0.503756658428198","-1.35293630296967","VIa"
"HER","Cohort 2006 VIIb","Division","2006","Yes","29.6083909619799","0.796160829953518","-0.830893629789776","VIIb"
"HER","Cohort 2006 VIIg","Division","2006","Yes","27.925900837904","0.613276959982573","-1.22150058456581","VIIg"
"HER","Cohort 2006 VIIj","Division","2006","Yes","28.1284836811469","0.755737763286713","-0.973481464592405","VIIj"
"HER","Cohort 2007 VIa","Division","2007","Yes","30.2278148503857","0.546877923179729","-1.46275519758858","VIa"
"HER","Cohort 2007 VIIb","Division","2007","Yes","28.8528841068916","0.746748350363399","-1.24396753363075","VIIb"
"HER","Cohort 2007 VIIg","Division","2007","Yes","28.0378211360715","0.534289262027406","-1.53039866238076","VIIg"
"HER","Cohort 2007 VIIj","Division","2007","Yes","27.1588464607436","0.923387216004653","-1.02752769570033","VIIj"
"HER","Cohort 2008 VIa","Division","2008","Yes","30.2286021291158","0.547606056048424","-1.33445248689176","VIa"
"HER","Cohort 2008 VIIb","Division","2008","Yes","31.8263857999947","0.250928110326354","-4.24609698866339","VIIb"
"HER","Cohort 2008 VIIg","Division","2008","Yes","26.6947181446057","0.895773220285383","-0.648474259876552","VIIg"
"HER","Cohort 2008 VIIj","Division","2008","Yes",NA,NA,NA,"VIIj"
"HER","Cohort 2009 VIa","Division","2009","Yes","29.3027025362434","0.733343868593709","-0.867246064010278","VIa"
"HER","Cohort 2009 VIIb","Division","2009","Yes","28.8237463850365","0.709667697883275","-1.03432077052919","VIIb"
"HER","Cohort 2009 VIIg","Division","2009","Yes","27.3809205820498","0.599064038155726","-1.34108534601704","VIIg"
"HER","Cohort 2009 VIIj","Division","2009","Yes","29.3535677726503","0.484386358784941","-1.69736584120604","VIIj"
"HER","Cohort 2010 VIa","Division","2010","Yes","30.4203646270549","0.322546140550369","-3.38624769435668","VIa"
"HER","Cohort 2010 VIIb","Division","2010","Yes","29.5231460970318","0.537311310330535","-1.42371555321323","VIIb"
"HER","Cohort 2010 VIIg","Division","2010","Yes","27.3286012318866","0.546378037531812","-1.4712436872989","VIIg"
"HER","Cohort 2010 VIIj","Division","2010","Yes","34.4639928485276","0.233545999505412","-2.73528422848484","VIIj"
"HER","Cohort 2011 VIa","Division","2011","Yes","29.2722981135717","0.525779586310444","-1.6416384729627","VIa"
"HER","Cohort 2011 VIIb","Division","2011","Yes","29.2438901539933","0.626394506648463","-1.21659109799633","VIIb"
"HER","Cohort 2011 VIIg","Division","2011","Yes","27.3651676696384","0.605893308759759","-1.27614535712579","VIIg"
"HER","Cohort 2011 VIIj","Division","2011","Yes","26.6097567928047","0.826688255216142","-1.20815048245996","VIIj"
"HER","Cohort 2012 VIa","Division","2012","Yes","29.00408926846","0.555167789874641","-1.22493410283157","VIa"
"HER","Cohort 2012 VIIb","Division","2012","Yes","28.3004251636051","0.775290447757981","-0.919670546019177","VIIb"
"HER","Cohort 2012 VIIg","Division","2012","Yes","27.3701242056521","0.636156005827989","-1.07568929038232","VIIg"
"HER","Cohort 2012 VIIj","Division","2012","Yes","39.4047618660533","0.175328435737113","-2.82689142173896","VIIj"
"HER","Cohort 2013 VIa","Division","2013","Yes","28.0042823258612","0.698686731641049","-0.921401981773589","VIa"
"HER","Cohort 2013 VIIb","Division","2013","Yes","28.9103804393497","0.568478487652467","-1.09023051437131","VIIb"
"HER","Cohort 2013 VIIg","Division","2013","Yes","26.2027290035313","0.75692502427287","-1.02224281641873","VIIg"
"HER","Cohort 2013 VIIj","Division","2013","Yes","29.3366040463705","0.520187757964735","-1.20423192221256","VIIj"
"HER","Cohort 2014 VIa","Division","2014","Yes","28.6987488887134","0.542676701560138","-1.29919348287586","VIa"
"HER","Cohort 2014 VIIb","Division","2014","Yes","27.8232430919959","0.751916621963799","-0.663934885821481","VIIb"
"HER","Cohort 2014 VIIg","Division","2014","Yes","27.6587002030978","0.549593412567453","-1.17206842662309","VIIg"
"HER","Cohort 2014 VIIj","Division","2014","Yes","27.7365450617631","0.604479827305828","-1.21586659369579","VIIj"
"HER","Cohort 2015 VIa","Division","2015","Yes","28.5920988170195","0.525238972109458","-1.21051458033531","VIa"
"HER","Cohort 2015 VIIb","Division","2015","Yes","28.7459360923497","0.564594278794519","-1.19712166605579","VIIb"
"HER","Cohort 2015 VIIg","Division","2015","Yes","28.114125702556","0.537794573561828","-1.11533702006819","VIIg"
"HER","Cohort 2015 VIIj","Division","2015","Yes","30.702380952381","0.411507422564125","-1.52345660939945","VIIj"
"HER","Cohort 2016 VIa","Division","2016","Yes","29.1631841632374","0.522870242931995","-0.980547359397067","VIa"
"HER","Cohort 2016 VIIb","Division","2016","Yes","25.6988486624951","0.863581202023485","-1.05642842313984","VIIb"
"HER","Cohort 2016 VIIg","Division","2016","Yes","31.803644908391","0.285728433499898","-1.95949975903957","VIIg"
"HER","Cohort 2016 VIIj","Division","2016","Yes","25.6496183065362","0.925902217072599","-0.860115307932035","VIIj"
"HER","Cohort 2017 VIa","Division","2017","Yes","28.2340075217537","0.648861501384007","-0.934268703337566","VIa"
"HER","Cohort 2017 VIIb","Division","2017","Yes","88.2213810630327","0.064025768905481","-2.55640134085026","VIIb"
"HER","Cohort 2017 VIIg","Division","2017","Yes","26.1892434335874","0.743836091627804","-0.943596626931165","VIIg"
"HER","Cohort 2017 VIIj","Division","2017","Yes",NA,NA,NA,"VIIj"
"HER","Cohort 2018 VIa","Division","2018","Yes","28.3264995706582","0.561731117549549","-1.21049926622404","VIa"
"HER","Cohort 2018 VIIb","Division","2018","Yes","29.9807071858488","0.441380731509398","-1.30377478287722","VIIb"
"HER","Cohort 2018 VIIg","Division","2018","Yes","26.5032570945612","0.687352703707381","-0.963490405130588","VIIg"
"HER","Cohort 2018 VIIj","Division","2018","Yes","26.7120624018079","0.703038177416858","-1.0347791288328","VIIj"
"HER","Cohort 2019 VIa","Division","2019","Yes","28.8252998391289","0.519792455461184","-1.31528827504989","VIa"
"HER","Cohort 2019 VIIb","Division","2019","Yes","35.5076760331822","0.274770720362677","-1.84007700172504","VIIb"
"HER","Cohort 2019 VIIg","Division","2019","Yes","26.3869867309296","0.574370977319565","-1.30951870431913","VIIg"
"HER","Cohort 2019 VIIj","Division","2019","Yes","24.9677002675952","1.02308660991515","-0.8877554225257","VIIj"
"HER","Cohort 2020 VIa","Division","2020","Yes","28.1563757268713","0.653259513095396","-0.768687241986565","VIa"
"HER","Cohort 2020 VIIb","Division","2020","Yes","33.8867796068026","0.257842270669433","-2.16601538170463","VIIb"
"HER","Cohort 2020 VIIg","Division","2020","Yes",NA,NA,NA,"VIIg"
"HER","Cohort 2020 VIIj","Division","2020","Yes",NA,NA,NA,"VIIj"
"HER","Cohort 2021 VIa","Division","2021","Yes","26.9646590656823","0.787471772472737","-0.849780595154406","VIa"
"HER","Cohort 2021 VIIb","Division","2021","Yes","29.2278957735608","0.477254590305508","-1.35231816173255","VIIb"
"HER","Cohort 2021 VIIg","Division","2021","Yes","26.0866425280825","0.585204213182247","-1.31474067412558","VIIg"
"HER","Cohort 2021 VIIj","Division","2021","Yes",NA,NA,NA,"VIIj"
"HER","Cohort 2022 VIa","Division","2022","Yes","30.6904389917835","0.44229104172902","-1.50664755686539","VIa"
"HER","Cohort 2022 VIIb","Division","2022","Yes",NA,NA,NA,"VIIb"
"HER","Cohort 2022 VIIg","Division","2022","Yes","26.0853658536585","0.705569700558501","-0.950940592310698","VIIg"
"HER","Cohort 2022 VIIj","Division","2022","Yes",NA,NA,NA,"VIIj"
"HER","Cohort 2023 VIa","Division","2023","Yes","27.1368181818182","0.748279251254661","-0.907406493086133","VIa"
"HER","Cohort 2023 VIIg","Division","2023","Yes","23.625","2.19722457733622","-0.385621874580712","VIIg"
"HER","Cohort 2023 VIIj","Division","2023","Yes",NA,NA,NA,"VIIj"
"HER","Cohort 2024 VIa","Division","2024","Yes",NA,NA,NA,"VIa"
"HER","Cohort 2024 VIIb","Division","2024","Yes",NA,NA,NA,"VIIb"
"HER","Cohort 2024 VIIg","Division","2024","Yes",NA,NA,NA,"VIIg"
"HER","Cohort 2024 VIIj","Division","2024","Yes",NA,NA,NA,"VIIj"
"HER","Cohort 2025 VIa","Division","2025","Yes",NA,NA,NA,"VIa"
"HER","Cohort 2025 VIIb","Division","2025","Yes",NA,NA,NA,"VIIb"
"HER","Cohort 2025 VIIg","Division","2025","Yes",NA,NA,NA,"VIIg"
"HER","Cohort 2025 VIIj","Division","2025","Yes",NA,NA,NA,"VIIj"
"HOM","Cohort 2003 VIa","Division","2003","Yes","35.7167760681419","0.205883861741258","-1.77397491855425","VIa"
"HOM","Cohort 2003 VIIb","Division","2003","Yes","36.8142132303878","0.195578200273461","-1.69456443779679","VIIb"
"HOM","Cohort 2003 VIIc","Division","2003","Yes",NA,NA,NA,"VIIc"
"HOM","Cohort 2003 VIIg","Division","2003","Yes","38.7285026857253","0.238865313062263","-1.38845816129553","VIIg"
"HOM","Cohort 2003 VIIj","Division","2003","Yes","36.3493220576014","0.226128728756142","-1.52112523235844","VIIj"
"HOM","Cohort 2003 VIIk","Division","2003","Yes",NA,NA,NA,"VIIk"
"HOM","Cohort 2004 VIa","Division","2004","Yes","36.0888491876003","0.237750549385361","-1.10036499632453","VIa"
"HOM","Cohort 2004 VIIb","Division","2004","Yes","36.6310959130149","0.235297781617535","-1.31426730304563","VIIb"
"HOM","Cohort 2004 VIIc","Division","2004","Yes",NA,NA,NA,"VIIc"
"HOM","Cohort 2004 VIIg","Division","2004","Yes","40.0581603357322","0.20933130807962","-1.24962060796845","VIIg"
"HOM","Cohort 2004 VIIj","Division","2004","Yes","37.8377191313551","0.217277863266235","-1.11763052499416","VIIj"
"HOM","Cohort 2005 VIa","Division","2005","Yes","35.9201295334225","0.258365164792539","-1.11270800309724","VIa"
"HOM","Cohort 2005 VIIb","Division","2005","Yes","36.61250508756","0.26002514911711","-1.05912849837322","VIIb"
"HOM","Cohort 2005 VIIc","Division","2005","Yes",NA,NA,NA,"VIIc"
"HOM","Cohort 2005 VIIg","Division","2005","Yes","38.5062930880836","0.370377196586526","-0.721353735304994","VIIg"
"HOM","Cohort 2005 VIIj","Division","2005","Yes","37.7621326292717","0.246971640259287","-1.01252074998746","VIIj"
"HOM","Cohort 2006 VIa","Division","2006","Yes","34.7432319731022","0.315437519389213","-0.882402511327763","VIa"
"HOM","Cohort 2006 VIIb","Division","2006","Yes","35.8395947526063","0.295902052864598","-1.08488601234399","VIIb"
"HOM","Cohort 2006 VIIc","Division","2006","Yes",NA,NA,NA,"VIIc"
"HOM","Cohort 2006 VIIg","Division","2006","Yes","39.38108086087","0.236089789362754","-1.19926905111502","VIIg"
"HOM","Cohort 2006 VIIj","Division","2006","Yes","34.7986770537204","0.394053439641862","-0.703381648997299","VIIj"
"HOM","Cohort 2007 VIa","Division","2007","Yes","34.0993177436018","0.320207788722322","-1.09011771277992","VIa"
"HOM","Cohort 2007 VIIb","Division","2007","Yes","36.301666163072","0.259752184012718","-1.35689106159284","VIIb"
"HOM","Cohort 2007 VIIc","Division","2007","Yes",NA,NA,NA,"VIIc"
"HOM","Cohort 2007 VIIg","Division","2007","Yes","40.2969989342071","0.197499364987668","-1.33324633841542","VIIg"
"HOM","Cohort 2007 VIIj","Division","2007","Yes","36.5559464182819","0.296380237334666","-0.985170901773352","VIIj"
"HOM","Cohort 2008 VIa","Division","2008","Yes","33.8482401733787","0.303366377490495","-1.24112253002763","VIa"
"HOM","Cohort 2008 VIIb","Division","2008","Yes","37.74591530449","0.191465094192032","-2.36058986140607","VIIb"
"HOM","Cohort 2008 VIIc","Division","2008","Yes","39.8331613769142","0.169221226872881","-2.17218019889633","VIIc"
"HOM","Cohort 2008 VIIg","Division","2008","Yes","39.8423486736925","0.191170889629448","-1.83946126887191","VIIg"
"HOM","Cohort 2008 VIIj","Division","2008","Yes","36.9811269845876","0.254915061193981","-1.33857652474284","VIIj"
"HOM","Cohort 2008 VIIk","Division","2008","Yes",NA,NA,NA,"VIIk"
"HOM","Cohort 2009 VIa","Division","2009","Yes","35.1609832270799","0.274653372693352","-1.17732514169553","VIa"
"HOM","Cohort 2009 VIIb","Division","2009","Yes","36.6460962017021","0.249088141927062","-1.33692208858191","VIIb"
"HOM","Cohort 2009 VIIc","Division","2009","Yes",NA,NA,NA,"VIIc"
"HOM","Cohort 2009 VIIg","Division","2009","Yes","40.057275649984","0.204026587590665","-1.61380371297962","VIIg"
"HOM","Cohort 2009 VIIj","Division","2009","Yes","37.6000191124318","0.241650772859206","-1.32482215556429","VIIj"
"HOM","Cohort 2010 VIa","Division","2010","Yes","35.7224476456234","0.286568238583297","-0.878478676695328","VIa"
"HOM","Cohort 2010 VIIb","Division","2010","Yes","39.3133562285365","0.213543442202251","-1.43109038163329","VIIb"
"HOM","Cohort 2010 VIIc","Division","2010","Yes",NA,NA,NA,"VIIc"
"HOM","Cohort 2010 VIIg","Division","2010","Yes","36.9664824255095","0.270732755472118","-1.15643226833323","VIIg"
"HOM","Cohort 2010 VIIj","Division","2010","Yes","38.273061254913","0.238066761562012","-0.972645439209103","VIIj"
"HOM","Cohort 2011 VIa","Division","2011","Yes","35.3173516836633","0.315193039543971","-0.941199915584836","VIa"
"HOM","Cohort 2011 VIIb","Division","2011","Yes","36.7322477248282","0.298567654620077","-0.989971092022087","VIIb"
"HOM","Cohort 2011 VIIc","Division","2011","Yes",NA,NA,NA,"VIIc"
"HOM","Cohort 2011 VIIg","Division","2011","Yes","39.2764472989807","0.228032504225127","-1.06157983443598","VIIg"
"HOM","Cohort 2011 VIIj","Division","2011","Yes","35.8449497787976","0.348352531411204","-0.777119998218626","VIIj"
"HOM","Cohort 2012 VIa","Division","2012","Yes","33.9771549714358","0.380791005940811","-0.754961219921345","VIa"
"HOM","Cohort 2012 VIIb","Division","2012","Yes","34.5654328578306","0.375092461989477","-0.86124994278663","VIIb"
"HOM","Cohort 2012 VIIc","Division","2012","Yes","34.6606388787768","0.321277389417586","-0.871965903141511","VIIc"
"HOM","Cohort 2012 VIIg","Division","2012","Yes","38.4441839458627","0.286746749712531","-1.07025470431538","VIIg"
"HOM","Cohort 2012 VIIj","Division","2012","Yes","35.0762762830517","0.383500848939784","-0.708669145268657","VIIj"
"HOM","Cohort 2013 VIa","Division","2013","Yes","34.2517730620454","0.332480038355361","-0.997305316122874","VIa"
"HOM","Cohort 2013 VIIb","Division","2013","Yes","33.0208024696596","0.383485801126245","-1.02398621559122","VIIb"
"HOM","Cohort 2013 VIIc","Division","2013","Yes","36.8472574899954","0.210493952302371","-2.39759152362985","VIIc"
"HOM","Cohort 2013 VIIg","Division","2013","Yes","36.6212176580422","0.343589523259491","-1.07637367185408","VIIg"
"HOM","Cohort 2013 VIIj","Division","2013","Yes","33.6608862724149","0.397457130058312","-0.997541653518013","VIIj"
"HOM","Cohort 2014 VIa","Division","2014","Yes","33.9356086722931","0.298816093820553","-1.10599220118678","VIa"
"HOM","Cohort 2014 VIIb","Division","2014","Yes","34.9612720849024","0.26592806996071","-1.37010345334612","VIIb"
"HOM","Cohort 2014 VIIc","Division","2014","Yes","37.4459260681251","0.219247748310756","-1.74059672523518","VIIc"
"HOM","Cohort 2014 VIIg","Division","2014","Yes","38.8857043253966","0.205728573776244","-1.69887160739178","VIIg"
"HOM","Cohort 2014 VIIj","Division","2014","Yes","35.6505846320098","0.254703479543953","-1.43148420498237","VIIj"
"HOM","Cohort 2014 VIIk","Division","2014","Yes",NA,NA,NA,"VIIk"
"HOM","Cohort 2015 VIa","Division","2015","Yes","34.036724233606","0.276205836006687","-1.44777333398306","VIa"
"HOM","Cohort 2015 VIIb","Division","2015","Yes","36.5117287010427","0.246494765375463","-1.54782720629241","VIIb"
"HOM","Cohort 2015 VIIc","Division","2015","Yes",NA,NA,NA,"VIIc"
"HOM","Cohort 2015 VIIg","Division","2015","Yes","37.803622192391","0.244247565921283","-1.37127315449847","VIIg"
"HOM","Cohort 2015 VIIj","Division","2015","Yes","35.8326653262948","0.254724389531286","-1.43612651548335","VIIj"
"HOM","Cohort 2016 VIa","Division","2016","Yes","35.45329884314","0.291946849741865","-1.13919608501794","VIa"
"HOM","Cohort 2016 VIIb","Division","2016","Yes","34.7029621977887","0.297536236809187","-1.24897361441565","VIIb"
"HOM","Cohort 2016 VIIc","Division","2016","Yes",NA,NA,NA,"VIIc"
"HOM","Cohort 2016 VIIg","Division","2016","Yes","38.5173380148536","0.241152453851309","-1.43780491703293","VIIg"
"HOM","Cohort 2016 VIIj","Division","2016","Yes","32.8524544735314","0.399366807912951","-0.957990204321214","VIIj"
"HOM","Cohort 2017 VIa","Division","2017","Yes","34.0865205058976","0.295218570748868","-1.27313007148339","VIa"
"HOM","Cohort 2017 VIIb","Division","2017","Yes","35.1769288446172","0.246785262498847","-1.65695130099124","VIIb"
"HOM","Cohort 2017 VIIc","Division","2017","Yes",NA,NA,NA,"VIIc"
"HOM","Cohort 2017 VIIg","Division","2017","Yes","35.4614764765403","0.277999661377602","-1.33351181795204","VIIg"
"HOM","Cohort 2017 VIIj","Division","2017","Yes","34.2323930352527","0.315882976733217","-1.09256051564755","VIIj"
"HOM","Cohort 2017 VIIk","Division","2017","Yes",NA,NA,NA,"VIIk"
"HOM","Cohort 2018 VIa","Division","2018","Yes","32.7489921884387","0.32664688307282","-1.29930214279213","VIa"
"HOM","Cohort 2018 VIIb","Division","2018","Yes","32.3880293488854","0.350236802272002","-0.991511781254128","VIIb"
"HOM","Cohort 2018 VIIc","Division","2018","Yes",NA,NA,NA,"VIIc"
"HOM","Cohort 2018 VIIg","Division","2018","Yes","35.455166231951","0.263847490842443","-1.53464981146329","VIIg"
"HOM","Cohort 2018 VIIj","Division","2018","Yes","33.3668601254985","0.353586894403208","-1.01993825726688","VIIj"
"HOM","Cohort 2019 VIa","Division","2019","Yes","31.2617350745556","0.397899476568516","-1.07670822345148","VIa"
"HOM","Cohort 2019 VIIb","Division","2019","Yes","33.5624103742175","0.344686923742941","-0.906139593283704","VIIb"
"HOM","Cohort 2019 VIIc","Division","2019","Yes",NA,NA,NA,"VIIc"
"HOM","Cohort 2019 VIIg","Division","2019","Yes","35.3877156151807","0.285878968571812","-1.28807757105832","VIIg"
"HOM","Cohort 2019 VIIj","Division","2019","Yes","30.7517152376806","0.505708852569315","-0.778350317522411","VIIj"
"HOM","Cohort 2020 VIa","Division","2020","Yes","37.6073439210058","0.266772632028537","-1.05419876833148","VIa"
"HOM","Cohort 2020 VIIb","Division","2020","Yes","35.1477472144691","0.317423019891439","-0.938351276377097","VIIb"
"HOM","Cohort 2020 VIIg","Division","2020","Yes","32.0082460906282","0.376061167195521","-1.00020945064831","VIIg"
"HOM","Cohort 2020 VIIj","Division","2020","Yes","33.29324477623","0.358241945144397","-0.911141901633294","VIIj"
"HOM","Cohort 2021 VIa","Division","2021","Yes","31.691847836096","0.47006765423257","-0.808498197884197","VIa"
"HOM","Cohort 2021 VIIb","Division","2021","Yes","33.8719484701309","0.366805554503206","-0.968047343204514","VIIb"
"HOM","Cohort 2021 VIIg","Division","2021","Yes","30.6273281364115","0.441602759082533","-0.98960999545505","VIIg"
"HOM","Cohort 2021 VIIj","Division","2021","Yes","32.1658391589312","0.435417250973899","-0.880296286302186","VIIj"
"HOM","Cohort 2022 VIa","Division","2022","Yes","39.3732433650935","0.274172707505609","-1.1033342190625","VIa"
"HOM","Cohort 2022 VIIb","Division","2022","Yes","50.5530658307785","0.165129164317284","-1.44983645666805","VIIb"
"HOM","Cohort 2022 VIIc","Division","2022","Yes",NA,NA,NA,"VIIc"
"HOM","Cohort 2022 VIIg","Division","2022","Yes","64.7906228269969","0.106294040954456","-1.80184698622613","VIIg"
"HOM","Cohort 2022 VIIj","Division","2022","Yes","51.3523741113831","0.153162010639235","-1.637122644417","VIIj"
"HOM","Cohort 2023 VIa","Division","2023","Yes",NA,NA,NA,"VIa"
"HOM","Cohort 2023 VIIb","Division","2023","Yes",NA,NA,NA,"VIIb"
"HOM","Cohort 2023 VIIc","Division","2023","Yes",NA,NA,NA,"VIIc"
"HOM","Cohort 2023 VIIg","Division","2023","Yes",NA,NA,NA,"VIIg"
"HOM","Cohort 2023 VIIj","Division","2023","Yes",NA,NA,NA,"VIIj"
"HOM","Cohort 2024 VIa","Division","2024","Yes",NA,NA,NA,"VIa"
"HOM","Cohort 2024 VIIb","Division","2024","Yes",NA,NA,NA,"VIIb"
"HOM","Cohort 2024 VIIg","Division","2024","Yes",NA,NA,NA,"VIIg"
"HOM","Cohort 2024 VIIj","Division","2024","Yes",NA,NA,NA,"VIIj"
"HOM","Cohort 2025 VIa","Division","2025","Yes",NA,NA,NA,"VIa"
"HOM","Cohort 2025 VIIb","Division","2025","Yes",NA,NA,NA,"VIIb"
"HOM","Cohort 2025 VIIg","Division","2025","Yes",NA,NA,NA,"VIIg"
"HOM","Cohort 2025 VIIj","Division","2025","Yes",NA,NA,NA,"VIIj"
"MAC","Cohort 2003 VIa","Division","2003","Yes","36.011493512617","0.470754956800466","-1.77018344837482","VIa"
"MAC","Cohort 2003 VIIb","Division","2003","Yes","34.7421017051144","0.560749468701487","-1.70497932309955","VIIb"
"MAC","Cohort 2003 VIIg","Division","2003","Yes","33.3197235699136","0.768801723109038","-1.31114325337841","VIIg"
"MAC","Cohort 2003 VIIj","Division","2003","Yes","34.8095703497514","0.518238886231412","-1.79023963537835","VIIj"
"MAC","Cohort 2004 VIa","Division","2004","Yes","35.4453820775899","0.501480853231454","-1.70502487133601","VIa"
"MAC","Cohort 2004 VIIb","Division","2004","Yes","35.2841542798257","0.407697325292718","-2.23299305481906","VIIb"
"MAC","Cohort 2004 VIIc","Division","2004","Yes",NA,NA,NA,"VIIc"
"MAC","Cohort 2004 VIIg","Division","2004","Yes","34.9651376819091","0.465910807423717","-1.67500802354017","VIIg"
"MAC","Cohort 2004 VIIj","Division","2004","Yes","34.03689744579","0.550034340487529","-1.619758361796","VIIj"
"MAC","Cohort 2005 VIa","Division","2005","Yes","35.2683193127137","0.604452435088167","-1.04616406466826","VIa"
"MAC","Cohort 2005 VIIb","Division","2005","Yes","35.5656735609052","0.422644495769646","-1.82382446727477","VIIb"
"MAC","Cohort 2005 VIIc","Division","2005","Yes",NA,NA,NA,"VIIc"
"MAC","Cohort 2005 VIIg","Division","2005","Yes","36.1062492118035","0.400162150197735","-1.97312009274611","VIIg"
"MAC","Cohort 2005 VIIj","Division","2005","Yes","34.5540160635205","0.614024563188751","-1.22882869372419","VIIj"
"MAC","Cohort 2006 VIa","Division","2006","Yes","36.6478017808383","0.417414721558112","-1.70663798383564","VIa"
"MAC","Cohort 2006 VIIb","Division","2006","Yes","34.7048623717732","0.50265554373448","-1.53741973916145","VIIb"
"MAC","Cohort 2006 VIIc","Division","2006","Yes",NA,NA,NA,"VIIc"
"MAC","Cohort 2006 VIIg","Division","2006","Yes","36.8190847326655","0.383073191024106","-2.05269361979547","VIIg"
"MAC","Cohort 2006 VIIj","Division","2006","Yes","33.0688597285592","0.767647202573953","-1.10988344459647","VIIj"
"MAC","Cohort 2007 VIa","Division","2007","Yes","36.1825645977786","0.43298109107446","-1.81426030138312","VIa"
"MAC","Cohort 2007 VIIb","Division","2007","Yes","33.9244748134935","0.559097082485538","-1.57158443237838","VIIb"
"MAC","Cohort 2007 VIIc","Division","2007","Yes",NA,NA,NA,"VIIc"
"MAC","Cohort 2007 VIIg","Division","2007","Yes","31.784427773817","0.779834456154483","-1.30693151206766","VIIg"
"MAC","Cohort 2007 VIIj","Division","2007","Yes","34.2612527464808","0.590118027971597","-1.43464012311641","VIIj"
"MAC","Cohort 2008 VIa","Division","2008","Yes","35.7121106719545","0.435040956605061","-1.97766176644784","VIa"
"MAC","Cohort 2008 VIIb","Division","2008","Yes","33.6240345210146","0.550430565769465","-1.70429902646276","VIIb"
"MAC","Cohort 2008 VIIc","Division","2008","Yes",NA,NA,NA,"VIIc"
"MAC","Cohort 2008 VIIg","Division","2008","Yes","36.9446669666049","0.352072426967498","-2.19274241249249","VIIg"
"MAC","Cohort 2008 VIIj","Division","2008","Yes","35.3517512451335","0.447315971917385","-2.0474112479944","VIIj"
"MAC","Cohort 2009 VIa","Division","2009","Yes","37.7755162397041","0.329049581675562","-2.58714231680038","VIa"
"MAC","Cohort 2009 VIIb","Division","2009","Yes","35.9747816778583","0.375059068456397","-2.44182171331024","VIIb"
"MAC","Cohort 2009 VIIc","Division","2009","Yes",NA,NA,NA,"VIIc"
"MAC","Cohort 2009 VIIg","Division","2009","Yes","36.9110148617605","0.324968465422882","-2.84222210658349","VIIg"
"MAC","Cohort 2009 VIIj","Division","2009","Yes","34.6798602263412","0.703280763200768","-1.06005052817238","VIIj"
"MAC","Cohort 2010 VIa","Division","2010","Yes","36.7593045905571","0.37386962822791","-2.06841168124175","VIa"
"MAC","Cohort 2010 VIIb","Division","2010","Yes","34.1669956599876","0.570848312808594","-1.43902596187983","VIIb"
"MAC","Cohort 2010 VIIc","Division","2010","Yes",NA,NA,NA,"VIIc"
"MAC","Cohort 2010 VIIg","Division","2010","Yes","41.5922129660708","0.214282186963001","-3.28973356360352","VIIg"
"MAC","Cohort 2010 VIIj","Division","2010","Yes","37.8872078001811","0.343807109790373","-2.22629465644894","VIIj"
"MAC","Cohort 2011 VIa","Division","2011","Yes","38.0353227846663","0.378456020357565","-1.7028936983397","VIa"
"MAC","Cohort 2011 VIIb","Division","2011","Yes","38.2092940743755","0.336037801170516","-1.89078253412878","VIIb"
"MAC","Cohort 2011 VIIg","Division","2011","Yes","34.9221075113055","0.485826212787142","-1.5071592507944","VIIg"
"MAC","Cohort 2011 VIIj","Division","2011","Yes","33.1594710364952","0.65537431119813","-1.07866883288062","VIIj"
"MAC","Cohort 2012 VIa","Division","2012","Yes","35.8636754464538","0.4858609885219","-1.50651076979402","VIa"
"MAC","Cohort 2012 VIIb","Division","2012","Yes","34.3427712056944","0.531119750286952","-1.55890695788454","VIIb"
"MAC","Cohort 2012 VIIc","Division","2012","Yes",NA,NA,NA,"VIIc"
"MAC","Cohort 2012 VIIg","Division","2012","Yes","41.8383916838005","0.334052205028309","-1.87383813763436","VIIg"
"MAC","Cohort 2012 VIIj","Division","2012","Yes","36.6224169734943","0.504625696895913","-1.43355677966109","VIIj"
"MAC","Cohort 2013 VIa","Division","2013","Yes","34.5227338758522","0.663166368036909","-1.34576677511573","VIa"
"MAC","Cohort 2013 VIIb","Division","2013","Yes","34.3175259923301","0.669045339480771","-1.22102882418946","VIIb"
"MAC","Cohort 2013 VIIg","Division","2013","Yes","32.6617644884024","0.942463021557465","-1.00742080562753","VIIg"
"MAC","Cohort 2013 VIIj","Division","2013","Yes","31.9201248286116","1.34205989903012","-0.5593963483203","VIIj"
"MAC","Cohort 2014 VIa","Division","2014","Yes","40.4391611927263","0.293736991529483","-2.46761637966426","VIa"
"MAC","Cohort 2014 VIIb","Division","2014","Yes","38.7553192703094","0.357791681515178","-2.2426801326554","VIIb"
"MAC","Cohort 2014 VIIg","Division","2014","Yes","35.5424359657337","0.460340103418154","-1.96591364926393","VIIg"
"MAC","Cohort 2014 VIIj","Division","2014","Yes","34.7312540480175","0.588095387991602","-1.53725689309299","VIIj"
"MAC","Cohort 2015 VIa","Division","2015","Yes","35.0957418218743","0.694544784483218","-0.949684932914169","VIa"
"MAC","Cohort 2015 VIIb","Division","2015","Yes","33.5844549090439","0.900256956666744","-0.880460691628112","VIIb"
"MAC","Cohort 2015 VIIg","Division","2015","Yes","29.0450586691807","1.52941907006337","-0.65987566781323","VIIg"
"MAC","Cohort 2015 VIIj","Division","2015","Yes","37.2183532439101","0.682584786759633","-0.9407635446074","VIIj"
"MAC","Cohort 2016 VIa","Division","2016","Yes","37.0632675081183","0.495432157839249","-1.53870072797952","VIa"
"MAC","Cohort 2016 VIIb","Division","2016","Yes","35.0082592330165","0.677689065692501","-1.0965855330317","VIIb"
"MAC","Cohort 2016 VIIg","Division","2016","Yes","33.9511123484258","0.801082039302201","-0.988086386466811","VIIg"
"MAC","Cohort 2016 VIIj","Division","2016","Yes","33.8413873417061","0.868243040156101","-0.871077769497143","VIIj"
"MAC","Cohort 2017 VIa","Division","2017","Yes","35.5204461695075","0.693625655632083","-1.08720187342551","VIa"
"MAC","Cohort 2017 VIIb","Division","2017","Yes","31.6827237304257","1.00831139604237","-1.04346924265865","VIIb"
"MAC","Cohort 2017 VIIg","Division","2017","Yes","31.7626370580913","1.39629763155748","-0.639547535524787","VIIg"
"MAC","Cohort 2017 VIIj","Division","2017","Yes",NA,NA,NA,"VIIj"
"MAC","Cohort 2018 VIa","Division","2018","Yes","35.652938616652","0.562003859690445","-1.51936867978334","VIa"
"MAC","Cohort 2018 VIIb","Division","2018","Yes","44.3643678431913","0.222788952253122","-2.83062630396124","VIIb"
"MAC","Cohort 2018 VIIg","Division","2018","Yes","29.4994474279124","1.7134075240228","-0.68917209046207","VIIg"
"MAC","Cohort 2018 VIIj","Division","2018","Yes","33.6373389065297","0.927924960881132","-0.758811392901407","VIIj"
"MAC","Cohort 2019 VIa","Division","2019","Yes","36.9689878797721","0.554820513128343","-1.34009986479671","VIa"
"MAC","Cohort 2019 VIIb","Division","2019","Yes","37.5387609857533","0.462675648535338","-1.71626286300358","VIIb"
"MAC","Cohort 2019 VIIg","Division","2019","Yes","39.5093987811876","0.375257969040531","-1.99453426297573","VIIg"
"MAC","Cohort 2019 VIIj","Division","2019","Yes","35.6917385855142","0.636746383698459","-1.23828520113517","VIIj"
"MAC","Cohort 2020 VIa","Division","2020","Yes","36.7378105950834","0.508243497935005","-1.62569307367924","VIa"
"MAC","Cohort 2020 VIIb","Division","2020","Yes","35.6949259621364","0.639999224715452","-1.34713711881361","VIIb"
"MAC","Cohort 2020 VIIg","Division","2020","Yes","29.3789539347841","3.11155103060383","-0.396522949448889","VIIg"
"MAC","Cohort 2020 VIIj","Division","2020","Yes","33.9228641019336","1.0258345168111","-0.891155548443147","VIIj"
"MAC","Cohort 2021 VIa","Division","2021","Yes","38.5401700541831","0.536761446747148","-1.18848761380016","VIa"
"MAC","Cohort 2021 VIIb","Division","2021","Yes","34.4118220310048","0.794616022575291","-1.09725269373714","VIIb"
"MAC","Cohort 2021 VIIc","Division","2021","Yes",NA,NA,NA,"VIIc"
"MAC","Cohort 2021 VIIg","Division","2021","Yes","45.4859193766983","0.240627697434834","-2.51405169521427","VIIg"
"MAC","Cohort 2021 VIIj","Division","2021","Yes","34.8077563683979","0.771051805991469","-1.06544707679087","VIIj"
"MAC","Cohort 2022 VIa","Division","2022","Yes","35.9343149026823","0.547506063575101","-1.64980764620793","VIa"
"MAC","Cohort 2022 VIIb","Division","2022","Yes","32.5223989823374","1.10138820680223","-0.926138140569883","VIIb"
"MAC","Cohort 2022 VIIg","Division","2022","Yes","34.2032942238267","0.801275480990497","-1.2631903381318","VIIg"
"MAC","Cohort 2022 VIIj","Division","2022","Yes","31.604756234984","1.73105560268585","-0.649281315754263","VIIj"
"MAC","Cohort 2023 VIa","Division","2023","Yes","35.3841854093942","0.582259306813751","-1.54774600051724","VIa"
"MAC","Cohort 2023 VIIb","Division","2023","Yes","74.8422009569377","0.141212268952805","-2.23722054926153","VIIb"
"MAC","Cohort 2023 VIIg","Division","2023","Yes","31.4439205457464","1.36864989714018","-0.825004845169127","VIIg"
"MAC","Cohort 2023 VIIj","Division","2023","Yes","34.1227891156463","0.936341528919716","-0.966048747393775","VIIj"
"MAC","Cohort 2024 VIa","Division","2024","Yes",NA,NA,NA,"VIa"
"MAC","Cohort 2024 VIIb","Division","2024","Yes",NA,NA,NA,"VIIb"
"MAC","Cohort 2024 VIIg","Division","2024","Yes",NA,NA,NA,"VIIg"
"MAC","Cohort 2024 VIIj","Division","2024","Yes",NA,NA,NA,"VIIj"
"MAC","Cohort 2025 VIa","Division","2025","Yes",NA,NA,NA,"VIa"
"MAC","Cohort 2025 VIIb","Division","2025","Yes",NA,NA,NA,"VIIb"
"MAC","Cohort 2025 VIIc","Division","2025","Yes",NA,NA,NA,"VIIc"
"MAC","Cohort 2025 VIIg","Division","2025","Yes",NA,NA,NA,"VIIg"
"MAC","Cohort 2025 VIIj","Division","2025","Yes",NA,NA,NA,"VIIj"
"MEG","Cohort 2003 VIa","Division","2003","Yes","58.0154897454278","0.097973555586359","-2.60598522306372","VIa"
"MEG","Cohort 2003 VIIb","Division","2003","Yes","65.3492703914561","0.0758335860415868","-2.68810306406036","VIIb"
"MEG","Cohort 2003 VIIc","Division","2003","Yes","74.491668496485","0.0596255428137284","-3.01382043661977","VIIc"
"MEG","Cohort 2003 VIIg","Division","2003","Yes","48.3109736504709","0.215250952027059","-1.16040290258643","VIIg"
"MEG","Cohort 2003 VIIj","Division","2003","Yes","62.3359426444584","0.0820854518643715","-3.31412812328853","VIIj"
"MEG","Cohort 2003 VIIk","Division","2003","Yes",NA,NA,NA,"VIIk"
"MEG","Cohort 2004 VIa","Division","2004","Yes","67.2742906916876","0.0684936296689593","-3.52502405681598","VIa"
"MEG","Cohort 2004 VIIb","Division","2004","Yes","54.5260861491877","0.100440847671307","-2.52286013574658","VIIb"
"MEG","Cohort 2004 VIIc","Division","2004","Yes","309.472063680817","0.00966524751052056","-4.8591675777021","VIIc"
"MEG","Cohort 2004 VIIg","Division","2004","Yes","48.18686468356","0.181126875423918","-1.76428397226133","VIIg"
"MEG","Cohort 2004 VIIj","Division","2004","Yes","54.4129902767489","0.117319693689562","-2.37897276390514","VIIj"
"MEG","Cohort 2004 VIIk","Division","2004","Yes",NA,NA,NA,"VIIk"
"MEG","Cohort 2005 VIa","Division","2005","Yes","64.5508348564943","0.0745349088166679","-3.21103531809903","VIa"
"MEG","Cohort 2005 VIIb","Division","2005","Yes","56.5928638583032","0.100232001493675","-2.25538094443471","VIIb"
"MEG","Cohort 2005 VIIc","Division","2005","Yes","31.6321547498746","0.329173810777827","-0.84853628579536","VIIc"
"MEG","Cohort 2005 VIIg","Division","2005","Yes","49.1395681722797","0.157618358742041","-2.00255617934597","VIIg"
"MEG","Cohort 2005 VIIj","Division","2005","Yes","51.1923887830023","0.116713182623769","-2.94626488812424","VIIj"
"MEG","Cohort 2005 VIIk","Division","2005","Yes",NA,NA,NA,"VIIk"
"MEG","Cohort 2006 VIa","Division","2006","Yes","55.6431278891032","0.102004979790558","-2.88793016982091","VIa"
"MEG","Cohort 2006 VIIb","Division","2006","Yes","58.6228802781113","0.090499069575886","-2.50808663169573","VIIb"
"MEG","Cohort 2006 VIIc","Division","2006","Yes","50.0528562243133","0.13285230965962","-1.40082202097062","VIIc"
"MEG","Cohort 2006 VIIg","Division","2006","Yes","51.1221239728984","0.142635860069943","-2.26021799345852","VIIg"
"MEG","Cohort 2006 VIIj","Division","2006","Yes","51.7213629779937","0.121616188321588","-2.39792144897679","VIIj"
"MEG","Cohort 2006 VIIk","Division","2006","Yes",NA,NA,NA,"VIIk"
"MEG","Cohort 2007 VIa","Division","2007","Yes",NA,NA,NA,"VIa"
"MEG","Cohort 2007 VIIb","Division","2007","Yes","52.1602569404499","0.125352009353139","-1.47211307816372","VIIb"
"MEG","Cohort 2007 VIIc","Division","2007","Yes",NA,NA,NA,"VIIc"
"MEG","Cohort 2007 VIIg","Division","2007","Yes","48.8772085965156","0.164014527003429","-1.14000802885453","VIIg"
"MEG","Cohort 2007 VIIj","Division","2007","Yes","58.5489460648503","0.0958351580245365","-2.53089234037441","VIIj"
"MEG","Cohort 2007 VIIk","Division","2007","Yes",NA,NA,NA,"VIIk"
"MEG","Cohort 2008 VIa","Division","2008","Yes","42.4294093251281","0.30869836979702","-0.0638286836309704","VIa"
"MEG","Cohort 2008 VIIb","Division","2008","Yes","41.8802422693613","0.22881291459764","-0.552639139834683","VIIb"
"MEG","Cohort 2008 VIIc","Division","2008","Yes","64.5256202417676","0.0900118037360344","-1.62138189411249","VIIc"
"MEG","Cohort 2008 VIIg","Division","2008","Yes","41.4273236347493","0.391869697029206","0.542584322415774","VIIg"
"MEG","Cohort 2008 VIIj","Division","2008","Yes","42.5741818744716","0.233262874706347","-0.59743255857747","VIIj"
"MEG","Cohort 2009 VIa","Division","2009","Yes","44.0238525313161","0.195884059659725","-1.67319041831205","VIa"
"MEG","Cohort 2009 VIIb","Division","2009","Yes","45.572781235714","0.166569692939157","-1.55145784519182","VIIb"
"MEG","Cohort 2009 VIIc","Division","2009","Yes",NA,NA,NA,"VIIc"
"MEG","Cohort 2009 VIIg","Division","2009","Yes","52.4164440402391","0.117220307832333","-3.33809981127015","VIIg"
"MEG","Cohort 2009 VIIj","Division","2009","Yes",NA,NA,NA,"VIIj"
"MEG","Cohort 2010 VIa","Division","2010","Yes","45.6963175738996","0.127082000963096","-4.01977313228857","VIa"
"MEG","Cohort 2010 VIIb","Division","2010","Yes","48.8686128044797","0.110066376756274","-3.5103439595204","VIIb"
"MEG","Cohort 2010 VIIc","Division","2010","Yes","69.8762346272131","0.0794322509529595","-2.01203148651336","VIIc"
"MEG","Cohort 2010 VIIg","Division","2010","Yes","38.4519585200281","0.3792551265096","-0.692686289795499","VIIg"
"MEG","Cohort 2010 VIIj","Division","2010","Yes","40.8278327400582","0.229535977645213","-1.6130753259508","VIIj"
"MEG","Cohort 2011 VIa","Division","2011","Yes","41.0218409472874","0.2584626227966","-1.48478767860943","VIa"
"MEG","Cohort 2011 VIIb","Division","2011","Yes","75.6870669055359","0.0417091760426093","-7.03988618086494","VIIb"
"MEG","Cohort 2011 VIIc","Division","2011","Yes","30.6974536674615","0.348616505499796","-1.08138602769058","VIIc"
"MEG","Cohort 2011 VIIg","Division","2011","Yes","43.4228432084672","0.216711131054245","-2.20245749698621","VIIg"
"MEG","Cohort 2011 VIIj","Division","2011","Yes","39.490208199649","0.240307567153114","-1.76337172308092","VIIj"
"MEG","Cohort 2012 VIa","Division","2012","Yes","40.8795568555406","0.267274225105104","-1.27284947285846","VIa"
"MEG","Cohort 2012 VIIb","Division","2012","Yes","43.5633956113077","0.187853969520336","-1.50701645922894","VIIb"
"MEG","Cohort 2012 VIIc","Division","2012","Yes","52.813365442862","0.133862077762762","-1.46611915016325","VIIc"
"MEG","Cohort 2012 VIIg","Division","2012","Yes","38.803183120404","0.370936934056732","-0.938947432947519","VIIg"
"MEG","Cohort 2012 VIIj","Division","2012","Yes","37.8197525479727","0.247680039276608","-1.99445929037143","VIIj"
"MEG","Cohort 2013 VIa","Division","2013","Yes","43.1289717898433","0.221478014843988","-1.9110660885365","VIa"
"MEG","Cohort 2013 VIIb","Division","2013","Yes","39.8022449515485","0.27275745868706","-0.901245386790142","VIIb"
"MEG","Cohort 2013 VIIc","Division","2013","Yes",NA,NA,NA,"VIIc"
"MEG","Cohort 2013 VIIg","Division","2013","Yes","37.3328795640739","0.42072819175004","-0.90200135990298","VIIg"
"MEG","Cohort 2013 VIIj","Division","2013","Yes","35.3514460890013","0.356221491332466","-1.08386601592776","VIIj"
"MEG","Cohort 2014 VIa","Division","2014","Yes","37.0952593166418","0.369625248208722","-0.742347038331028","VIa"
"MEG","Cohort 2014 VIIb","Division","2014","Yes","40.1781930979022","0.252054431043925","-0.814490733877996","VIIb"
"MEG","Cohort 2014 VIIc","Division","2014","Yes","54.6219352868846","0.126463090222059","-0.886356917691382","VIIc"
"MEG","Cohort 2014 VIIg","Division","2014","Yes","37.76822201971","0.343101879466476","-1.56229314411901","VIIg"
"MEG","Cohort 2014 VIIj","Division","2014","Yes","34.6897001823006","0.391496601560067","-0.744249260007601","VIIj"
"MEG","Cohort 2015 VIa","Division","2015","Yes","33.6552135649269","0.545855495061572","-0.436493965864091","VIa"
"MEG","Cohort 2015 VIIb","Division","2015","Yes","40.2106514620115","0.246889985837343","-0.896747303743611","VIIb"
"MEG","Cohort 2015 VIIc","Division","2015","Yes","33.0837684441411","0.45830329640513","-0.0342679643616916","VIIc"
"MEG","Cohort 2015 VIIg","Division","2015","Yes","36.6141803458178","0.42989687522796","-0.734113837623382","VIIg"
"MEG","Cohort 2015 VIIj","Division","2015","Yes","33.8504668333211","0.350657988232613","-1.28345784782276","VIIj"
"MEG","Cohort 2016 VIa","Division","2016","Yes","40.1049076330203","0.264405388077583","-1.11935220714332","VIa"
"MEG","Cohort 2016 VIIb","Division","2016","Yes","37.9289279537965","0.26703276045165","-0.872572386208607","VIIb"
"MEG","Cohort 2016 VIIc","Division","2016","Yes","43.348849031683","0.165671796246513","-1.74043174610873","VIIc"
"MEG","Cohort 2016 VIIg","Division","2016","Yes","35.1109468502517","0.558260789747248","-0.214892630656673","VIIg"
"MEG","Cohort 2016 VIIj","Division","2016","Yes","42.0447360507765","0.196884675653704","-1.57877775411949","VIIj"
"MEG","Cohort 2017 VIa","Division","2017","Yes","35.7948066549375","0.360060217755324","-0.848289967231844","VIa"
"MEG","Cohort 2017 VIIb","Division","2017","Yes","37.6799005212901","0.240419848266889","-1.24406759472505","VIIb"
"MEG","Cohort 2017 VIIc","Division","2017","Yes","38.5080174122712","0.219170350771225","-1.34957930161534","VIIc"
"MEG","Cohort 2017 VIIg","Division","2017","Yes","37.1103256645126","0.405045871860626","-0.499120942818794","VIIg"
"MEG","Cohort 2017 VIIj","Division","2017","Yes","37.8104882913353","0.261942086003739","-1.12143428872611","VIIj"
"MEG","Cohort 2018 VIa","Division","2018","Yes","35.8702532752204","0.388194153951658","-0.249779572498148","VIa"
"MEG","Cohort 2018 VIIb","Division","2018","Yes","30.4336512550507","0.542588543157596","-0.278816027602604","VIIb"
"MEG","Cohort 2018 VIIc","Division","2018","Yes","27.4985937222115","0.484798178140651","-0.767141292213975","VIIc"
"MEG","Cohort 2018 VIIg","Division","2018","Yes","34.4588720168276","0.483976869575664","-0.398069108836923","VIIg"
"MEG","Cohort 2018 VIIj","Division","2018","Yes","31.4776122758946","0.44790085484178","-0.467707720260264","VIIj"
"MEG","Cohort 2019 VIa","Division","2019","Yes","32.8971456363237","0.373260120209523","-0.722072533456863","VIa"
"MEG","Cohort 2019 VIIb","Division","2019","Yes","30.5773405067627","0.395296105415209","-0.867824261045259","VIIb"
"MEG","Cohort 2019 VIIc","Division","2019","Yes","24.986177313583","0.499786077891018","-1.04419438510968","VIIc"
"MEG","Cohort 2019 VIIg","Division","2019","Yes","31.8699224101378","0.677176884820397","-0.486068807991849","VIIg"
"MEG","Cohort 2019 VIIj","Division","2019","Yes","28.707812903416","0.587413840435983","-0.443177328795919","VIIj"
"MEG","Cohort 2020 VIa","Division","2020","Yes","26.724813148269","0.512481641000786","-1.08096133635238","VIa"
"MEG","Cohort 2020 VIIb","Division","2020","Yes","27.5985146614393","0.390499902236585","-0.975969806981547","VIIb"
"MEG","Cohort 2020 VIIc","Division","2020","Yes",NA,NA,NA,"VIIc"
"MEG","Cohort 2020 VIIg","Division","2020","Yes",NA,NA,NA,"VIIg"
"MEG","Cohort 2020 VIIj","Division","2020","Yes","26.1522438318782","0.512685907293535","-1.11475605514153","VIIj"
"MEG","Cohort 2021 VIa","Division","2021","Yes",NA,NA,NA,"VIa"
"MEG","Cohort 2021 VIIb","Division","2021","Yes","33.3160256622077","0.186384895283027","-1.87826234041142","VIIb"
"MEG","Cohort 2021 VIIc","Division","2021","Yes",NA,NA,NA,"VIIc"
"MEG","Cohort 2021 VIIg","Division","2021","Yes","56.0336188702639","0.105435639890095","-2.6322405900643","VIIg"
"MEG","Cohort 2021 VIIj","Division","2021","Yes",NA,NA,NA,"VIIj"
"MEG","Cohort 2021 VIIk","Division","2021","Yes",NA,NA,NA,"VIIk"
"MEG","Cohort 2022 VIa","Division","2022","Yes","35.0267857142857","0.189756535281474","-2.07934546057152","VIa"
"MEG","Cohort 2022 VIIb","Division","2022","Yes","93.2632009028566","0.0449813211123846","-2.44469282021858","VIIb"
"MEG","Cohort 2022 VIIc","Division","2022","Yes",NA,NA,NA,"VIIc"
"MEG","Cohort 2022 VIIg","Division","2022","Yes","28.077202830549","0.60978711769279","-0.559993108890739","VIIg"
"MEG","Cohort 2022 VIIj","Division","2022","Yes",NA,NA,NA,"VIIj"
"MEG","Cohort 2023 VIa","Division","2023","Yes",NA,NA,NA,"VIa"
"MEG","Cohort 2023 VIIb","Division","2023","Yes","-3.40003388681804","-0.303570800426824","-4.03314458429934","VIIb"
"MEG","Cohort 2023 VIIc","Division","2023","Yes",NA,NA,NA,"VIIc"
"MEG","Cohort 2023 VIIg","Division","2023","Yes",NA,NA,NA,"VIIg"
"MEG","Cohort 2023 VIIj","Division","2023","Yes","26.4239589048871","0.497021947469468","-0.671685321721212","VIIj"
"MEG","Cohort 2023 VIIk","Division","2023","Yes",NA,NA,NA,"VIIk"
"MEG","Cohort 2024 VIa","Division","2024","Yes",NA,NA,NA,"VIa"
"MEG","Cohort 2024 VIIb","Division","2024","Yes",NA,NA,NA,"VIIb"
"MEG","Cohort 2024 VIIc","Division","2024","Yes",NA,NA,NA,"VIIc"
"MEG","Cohort 2024 VIIg","Division","2024","Yes",NA,NA,NA,"VIIg"
"MEG","Cohort 2024 VIIj","Division","2024","Yes",NA,NA,NA,"VIIj"
"MEG","Cohort 2025 VIa","Division","2025","Yes",NA,NA,NA,"VIa"
"MEG","Cohort 2025 VIIb","Division","2025","Yes",NA,NA,NA,"VIIb"
"MEG","Cohort 2025 VIIc","Division","2025","Yes",NA,NA,NA,"VIIc"
"MEG","Cohort 2025 VIIg","Division","2025","Yes",NA,NA,NA,"VIIg"
"MEG","Cohort 2025 VIIj","Division","2025","Yes",NA,NA,NA,"VIIj"
"PLE","Cohort 2003 VIa","Division","2003","Yes","31.2605323941813","0.552043046572184","-0.302478496271106","VIa"
"PLE","Cohort 2003 VIIb","Division","2003","Yes","35.5517042940593","0.289550880703652","-1.27865108772054","VIIb"
"PLE","Cohort 2003 VIIg","Division","2003","Yes","37.6260970768922","0.241018464619782","-3.21150622803101","VIIg"
"PLE","Cohort 2003 VIIj","Division","2003","Yes",NA,NA,NA,"VIIj"
"PLE","Cohort 2004 VIa","Division","2004","Yes","37.0459444347906","0.202571001815742","-2.70282830438942","VIa"
"PLE","Cohort 2004 VIIb","Division","2004","Yes","36.8925310620626","0.271931306603422","-1.15376173524166","VIIb"
"PLE","Cohort 2004 VIIg","Division","2004","Yes","40.0559873362225","0.248762974419792","-1.91651301006509","VIIg"
"PLE","Cohort 2004 VIIj","Division","2004","Yes",NA,NA,NA,"VIIj"
"PLE","Cohort 2005 VIa","Division","2005","Yes","34.4638177740361","0.243788110875111","-2.17600278939182","VIa"
"PLE","Cohort 2005 VIIb","Division","2005","Yes","31.7693536264766","0.510949724681848","-0.616875768443732","VIIb"
"PLE","Cohort 2005 VIIg","Division","2005","Yes","37.1855061010934","0.308867261176594","-1.70171164076798","VIIg"
"PLE","Cohort 2005 VIIj","Division","2005","Yes",NA,NA,NA,"VIIj"
"PLE","Cohort 2006 VIa","Division","2006","Yes","31.9554798446363","0.414172500639002","-0.744401145832559","VIa"
"PLE","Cohort 2006 VIIb","Division","2006","Yes","35.8529160755549","0.291736879640227","-1.66144513469376","VIIb"
"PLE","Cohort 2006 VIIg","Division","2006","Yes","77.9787810399816","0.040792481914721","-7.75207690335003","VIIg"
"PLE","Cohort 2006 VIIj","Division","2006","Yes","41.1603253591885","0.220046469161348","-2.13748425208791","VIIj"
"PLE","Cohort 2007 VIa","Division","2007","Yes","34.4819488822221","0.241143825410513","-2.46744948720915","VIa"
"PLE","Cohort 2007 VIIb","Division","2007","Yes","35.5129574915287","0.25838926245449","-2.28552100879541","VIIb"
"PLE","Cohort 2007 VIIg","Division","2007","Yes","62.3184429982923","0.0749143952839431","-4.59196036867371","VIIg"
"PLE","Cohort 2007 VIIj","Division","2007","Yes","35.5220123963907","0.342152507222741","-1.67407329190211","VIIj"
"PLE","Cohort 2008 VIa","Division","2008","Yes","34.4965365140113","0.269551719247744","-1.76156537880609","VIa"
"PLE","Cohort 2008 VIIb","Division","2008","Yes","34.2417197616245","0.362336030609022","-1.24139741984467","VIIb"
"PLE","Cohort 2008 VIIg","Division","2008","Yes","38.7165849713864","0.322607604833457","-0.841871734982843","VIIg"
"PLE","Cohort 2008 VIIj","Division","2008","Yes","57.5534823249725","0.11721837102774","-2.90133471362577","VIIj"
"PLE","Cohort 2009 VIa","Division","2009","Yes","31.1132588243607","0.472108871945239","-0.715714543226223","VIa"
"PLE","Cohort 2009 VIIb","Division","2009","Yes","32.3571692096244","0.43007984103785","-0.914752590820008","VIIb"
"PLE","Cohort 2009 VIIg","Division","2009","Yes","42.7371522138359","0.206984487129418","-1.99105981496751","VIIg"
"PLE","Cohort 2009 VIIj","Division","2009","Yes","42.7054837766367","0.242444276234812","-1.65640087051694","VIIj"
"PLE","Cohort 2010 VIa","Division","2010","Yes","32.5837556874235","0.321407284993657","-1.77484555696521","VIa"
"PLE","Cohort 2010 VIIb","Division","2010","Yes","30.6850040608322","0.49064133470829","-1.15352471893855","VIIb"
"PLE","Cohort 2010 VIIg","Division","2010","Yes","36.6320466557495","0.347691208712662","-1.21272222184626","VIIg"
"PLE","Cohort 2010 VIIj","Division","2010","Yes","43.613179158725","0.270895177688773","-1.10808010838661","VIIj"
"PLE","Cohort 2011 VIa","Division","2011","Yes","30.3710394854017","0.473018052625612","-0.87255379957952","VIa"
"PLE","Cohort 2011 VIIb","Division","2011","Yes","33.6784713949242","0.304891667604763","-1.98427194290652","VIIb"
"PLE","Cohort 2011 VIIg","Division","2011","Yes","34.5294447417555","0.475301797679749","-0.460645820241833","VIIg"
"PLE","Cohort 2011 VIIj","Division","2011","Yes","37.7832722406209","0.501161848827099","-0.271323391248258","VIIj"
"PLE","Cohort 2012 VIa","Division","2012","Yes","32.8605381390254","0.29471409195509","-2.19225861071301","VIa"
"PLE","Cohort 2012 VIIb","Division","2012","Yes","37.4437262919378","0.192136661521542","-3.01119126091881","VIIb"
"PLE","Cohort 2012 VIIg","Division","2012","Yes","39.5654882314789","0.182458883502851","-3.91860728195887","VIIg"
"PLE","Cohort 2012 VIIj","Division","2012","Yes",NA,NA,NA,"VIIj"
"PLE","Cohort 2013 VIa","Division","2013","Yes","30.3238853430095","0.479397289122064","-0.681137982283706","VIa"
"PLE","Cohort 2013 VIIb","Division","2013","Yes","81.4048449302801","0.0340105017243096","-7.7073005100068","VIIb"
"PLE","Cohort 2013 VIIc","Division","2013","Yes",NA,NA,NA,"VIIc"
"PLE","Cohort 2013 VIIg","Division","2013","Yes","77.8217551448806","0.0430585361378066","-6.93273196172279","VIIg"
"PLE","Cohort 2013 VIIj","Division","2013","Yes","42.6075144064726","0.26533668863138","-1.44355935748017","VIIj"
"PLE","Cohort 2014 VIa","Division","2014","Yes","33.3329361676527","0.258848401288644","-2.24338517733093","VIa"
"PLE","Cohort 2014 VIIb","Division","2014","Yes","30.7444671729876","0.377327121331807","-1.87908966960697","VIIb"
"PLE","Cohort 2014 VIIg","Division","2014","Yes","34.491603173821","0.303800679745887","-1.80124757286514","VIIg"
"PLE","Cohort 2014 VIIj","Division","2014","Yes",NA,NA,NA,"VIIj"
"PLE","Cohort 2015 VIa","Division","2015","Yes","33.0155667731091","0.288096787713464","-1.90033454914617","VIa"
"PLE","Cohort 2015 VIIb","Division","2015","Yes","48.9749423844419","0.103226902202843","-3.96801362723642","VIIb"
"PLE","Cohort 2015 VIIg","Division","2015","Yes","45.3947345442359","0.124354888472143","-3.93328361584452","VIIg"
"PLE","Cohort 2015 VIIj","Division","2015","Yes","38.6915397777624","0.30649739252814","-1.948440815167","VIIj"
"PLE","Cohort 2016 VIa","Division","2016","Yes","29.8989871657351","0.390892167771307","-1.80430704619716","VIa"
"PLE","Cohort 2016 VIIb","Division","2016","Yes","32.9379271701526","0.366792973887751","-1.19266914846217","VIIb"
"PLE","Cohort 2016 VIIg","Division","2016","Yes","33.5720055507661","0.352743385383538","-1.5462114822913","VIIg"
"PLE","Cohort 2016 VIIj","Division","2016","Yes","30.8226567325264","1.30786861455864","0.486582273929233","VIIj"
"PLE","Cohort 2017 VIa","Division","2017","Yes","29.4591113387089","0.432743057828186","-1.43743189396855","VIa"
"PLE","Cohort 2017 VIIb","Division","2017","Yes",NA,NA,NA,"VIIb"
"PLE","Cohort 2017 VIIg","Division","2017","Yes","33.6868424388086","0.316069187089026","-1.77632841672496","VIIg"
"PLE","Cohort 2017 VIIj","Division","2017","Yes","35.5967595780121","0.257313649930644","-2.8205712457447","VIIj"
"PLE","Cohort 2018 VIa","Division","2018","Yes",NA,NA,NA,"VIa"
"PLE","Cohort 2018 VIIb","Division","2018","Yes",NA,NA,NA,"VIIb"
"PLE","Cohort 2018 VIIc","Division","2018","Yes",NA,NA,NA,"VIIc"
"PLE","Cohort 2018 VIIg","Division","2018","Yes","33.680411232513","0.437032809419571","-1.0424351075663","VIIg"
"PLE","Cohort 2018 VIIj","Division","2018","Yes","49.9862896415706","0.122470926538901","-3.45914420344732","VIIj"
"PLE","Cohort 2019 VIa","Division","2019","Yes","28.9608479823234","0.377472612256915","-1.94766089009286","VIa"
"PLE","Cohort 2019 VIIb","Division","2019","Yes",NA,NA,NA,"VIIb"
"PLE","Cohort 2019 VIIg","Division","2019","Yes","31.5249890803378","0.469412720352163","-1.28400301955599","VIIg"
"PLE","Cohort 2019 VIIj","Division","2019","Yes","31.2261894165462","0.743114978289483","-0.186790722814962","VIIj"
"PLE","Cohort 2020 VIa","Division","2020","Yes","30.2030555373452","0.430095352258442","-1.1090597142202","VIa"
"PLE","Cohort 2020 VIIb","Division","2020","Yes","54.3363692563162","0.0849234883599625","-4.36814462409487","VIIb"
"PLE","Cohort 2020 VIIg","Division","2020","Yes","32.012856726039","0.299512775389738","-3.29494804956732","VIIg"
"PLE","Cohort 2020 VIIj","Division","2020","Yes","75.8337400988828","0.0661999905457786","-3.68575811189513","VIIj"
"PLE","Cohort 2021 VIa","Division","2021","Yes","25.5893227962825","0.989218133178674","-0.00481360713808398","VIa"
"PLE","Cohort 2021 VIIb","Division","2021","Yes",NA,NA,NA,"VIIb"
"PLE","Cohort 2021 VIIg","Division","2021","Yes",NA,NA,NA,"VIIg"
"PLE","Cohort 2021 VIIj","Division","2021","Yes","31.784439419367","0.479065537499533","-0.885004852118479","VIIj"
"PLE","Cohort 2022 VIa","Division","2022","Yes","24.9513651416921","0.929758008142127","-0.0827275018596842","VIa"
"PLE","Cohort 2022 VIIb","Division","2022","Yes","28.5713024790851","0.462695435939011","-1.21106344523648","VIIb"
"PLE","Cohort 2022 VIIg","Division","2022","Yes",NA,NA,NA,"VIIg"
"PLE","Cohort 2022 VIIj","Division","2022","Yes","34.0269792882778","0.503598175850769","-0.534820520936692","VIIj"
"PLE","Cohort 2023 VIa","Division","2023","Yes",NA,NA,NA,"VIa"
"PLE","Cohort 2023 VIIb","Division","2023","Yes",NA,NA,NA,"VIIb"
"PLE","Cohort 2023 VIIg","Division","2023","Yes",NA,NA,NA,"VIIg"
"PLE","Cohort 2023 VIIj","Division","2023","Yes",NA,NA,NA,"VIIj"
"PLE","Cohort 2024 VIa","Division","2024","Yes",NA,NA,NA,"VIa"
"PLE","Cohort 2024 VIIb","Division","2024","Yes",NA,NA,NA,"VIIb"
"PLE","Cohort 2024 VIIg","Division","2024","Yes",NA,NA,NA,"VIIg"
"POK","Cohort 2003 VIa","Division","2003","Yes",NA,NA,NA,"VIa"
"POK","Cohort 2004 VIa","Division","2004","Yes",NA,NA,NA,"VIa"
"POK","Cohort 2005 VIa","Division","2005","Yes",NA,NA,NA,"VIa"
"POK","Cohort 2005 VIIb","Division","2005","Yes",NA,NA,NA,"VIIb"
"POK","Cohort 2005 VIIj","Division","2005","Yes",NA,NA,NA,"VIIj"
"POK","Cohort 2006 VIa","Division","2006","Yes",NA,NA,NA,"VIa"
"POK","Cohort 2009 VIIg","Division","2009","Yes",NA,NA,NA,"VIIg"
"POK","Cohort 2010 VIIg","Division","2010","Yes",NA,NA,NA,"VIIg"
"POK","Cohort 2011 VIa","Division","2011","Yes",NA,NA,NA,"VIa"
"POK","Cohort 2012 VIa","Division","2012","Yes",NA,NA,NA,"VIa"
"POK","Cohort 2013 VIa","Division","2013","Yes",NA,NA,NA,"VIa"
"POK","Cohort 2014 VIa","Division","2014","Yes",NA,NA,NA,"VIa"
"POK","Cohort 2014 VIIb","Division","2014","Yes",NA,NA,NA,"VIIb"
"POK","Cohort 2014 VIIg","Division","2014","Yes",NA,NA,NA,"VIIg"
"POK","Cohort 2015 VIa","Division","2015","Yes","61.8133253544765","0.318903646577158","-0.995246385361618","VIa"
"POK","Cohort 2015 VIIb","Division","2015","Yes",NA,NA,NA,"VIIb"
"POK","Cohort 2016 VIa","Division","2016","Yes",NA,NA,NA,"VIa"
"POK","Cohort 2016 VIIj","Division","2016","Yes",NA,NA,NA,"VIIj"
"POK","Cohort 2017 VIa","Division","2017","Yes",NA,NA,NA,"VIa"
"POK","Cohort 2018 VIa","Division","2018","Yes",NA,NA,NA,"VIa"
"POK","Cohort 2019 VIa","Division","2019","Yes",NA,NA,NA,"VIa"
"POK","Cohort 2019 VIIb","Division","2019","Yes",NA,NA,NA,"VIIb"
"POK","Cohort 2020 VIa","Division","2020","Yes",NA,NA,NA,"VIa"
"POK","Cohort 2020 VIIb","Division","2020","Yes",NA,NA,NA,"VIIb"
"POK","Cohort 2020 VIIj","Division","2020","Yes",NA,NA,NA,"VIIj"
"POK","Cohort 2021 VIa","Division","2021","Yes",NA,NA,NA,"VIa"
"POK","Cohort 2022 VIa","Division","2022","Yes",NA,NA,NA,"VIa"
"POK","Cohort 2022 VIIb","Division","2022","Yes",NA,NA,NA,"VIIb"
"POL","Cohort 2007 VIIj","Division","2007","Yes",NA,NA,NA,"VIIj"
"POL","Cohort 2008 VIIb","Division","2008","Yes",NA,NA,NA,"VIIb"
"POL","Cohort 2008 VIIj","Division","2008","Yes",NA,NA,NA,"VIIj"
"POL","Cohort 2009 VIIb","Division","2009","Yes",NA,NA,NA,"VIIb"
"POL","Cohort 2009 VIIj","Division","2009","Yes",NA,NA,NA,"VIIj"
"POL","Cohort 2010 VIIb","Division","2010","Yes",NA,NA,NA,"VIIb"
"POL","Cohort 2010 VIIj","Division","2010","Yes",NA,NA,NA,"VIIj"
"POL","Cohort 2011 VIa","Division","2011","Yes",NA,NA,NA,"VIa"
"POL","Cohort 2011 VIIj","Division","2011","Yes",NA,NA,NA,"VIIj"
"POL","Cohort 2012 VIa","Division","2012","Yes",NA,NA,NA,"VIa"
"POL","Cohort 2012 VIIb","Division","2012","Yes",NA,NA,NA,"VIIb"
"POL","Cohort 2012 VIIg","Division","2012","Yes",NA,NA,NA,"VIIg"
"POL","Cohort 2013 VIa","Division","2013","Yes",NA,NA,NA,"VIa"
"POL","Cohort 2013 VIIb","Division","2013","Yes",NA,NA,NA,"VIIb"
"POL","Cohort 2013 VIIg","Division","2013","Yes",NA,NA,NA,"VIIg"
"POL","Cohort 2013 VIIj","Division","2013","Yes",NA,NA,NA,"VIIj"
"POL","Cohort 2014 VIa","Division","2014","Yes",NA,NA,NA,"VIa"
"POL","Cohort 2014 VIIb","Division","2014","Yes",NA,NA,NA,"VIIb"
"POL","Cohort 2014 VIIg","Division","2014","Yes",NA,NA,NA,"VIIg"
"POL","Cohort 2014 VIIj","Division","2014","Yes",NA,NA,NA,"VIIj"
"POL","Cohort 2015 VIa","Division","2015","Yes",NA,NA,NA,"VIa"
"POL","Cohort 2015 VIIb","Division","2015","Yes",NA,NA,NA,"VIIb"
"POL","Cohort 2015 VIIg","Division","2015","Yes",NA,NA,NA,"VIIg"
"POL","Cohort 2015 VIIj","Division","2015","Yes",NA,NA,NA,"VIIj"
"POL","Cohort 2016 VIa","Division","2016","Yes",NA,NA,NA,"VIa"
"POL","Cohort 2016 VIIg","Division","2016","Yes",NA,NA,NA,"VIIg"
"POL","Cohort 2016 VIIj","Division","2016","Yes",NA,NA,NA,"VIIj"
"POL","Cohort 2017 VIa","Division","2017","Yes",NA,NA,NA,"VIa"
"POL","Cohort 2017 VIIg","Division","2017","Yes",NA,NA,NA,"VIIg"
"POL","Cohort 2017 VIIj","Division","2017","Yes",NA,NA,NA,"VIIj"
"POL","Cohort 2018 VIa","Division","2018","Yes",NA,NA,NA,"VIa"
"POL","Cohort 2018 VIIg","Division","2018","Yes",NA,NA,NA,"VIIg"
"POL","Cohort 2018 VIIj","Division","2018","Yes",NA,NA,NA,"VIIj"
"POL","Cohort 2019 VIa","Division","2019","Yes",NA,NA,NA,"VIa"
"POL","Cohort 2020 VIa","Division","2020","Yes",NA,NA,NA,"VIa"
"POL","Cohort 2020 VIIb","Division","2020","Yes",NA,NA,NA,"VIIb"
"POL","Cohort 2020 VIIg","Division","2020","Yes",NA,NA,NA,"VIIg"
"POL","Cohort 2021 VIIg","Division","2021","Yes",NA,NA,NA,"VIIg"
"POL","Cohort 2022 VIIg","Division","2022","Yes",NA,NA,NA,"VIIg"
"POL","Cohort 2023 VIIg","Division","2023","Yes",NA,NA,NA,"VIIg"
"SOL","Cohort 2003 VIa","Division","2003","Yes","41.8695665560515","0.0304815111673462","-31.1796705749001","VIa"
"SOL","Cohort 2003 VIIb","Division","2003","Yes","30.6473428292715","0.609886317467377","-0.656917257473385","VIIb"
"SOL","Cohort 2003 VIIg","Division","2003","Yes","36.995311810653","0.366827714693108","-1.4416408281778","VIIg"
"SOL","Cohort 2003 VIIj","Division","2003","Yes",NA,NA,NA,"VIIj"
"SOL","Cohort 2004 VIa","Division","2004","Yes","34.976281330433","0.169430642266041","-4.70606341087101","VIa"
"SOL","Cohort 2004 VIIb","Division","2004","Yes","33.3583753215792","0.303244993579434","-1.37271747645356","VIIb"
"SOL","Cohort 2004 VIIg","Division","2004","Yes","38.3470874285834","0.479822288693508","-0.46625556460641","VIIg"
"SOL","Cohort 2004 VIIj","Division","2004","Yes",NA,NA,NA,"VIIj"
"SOL","Cohort 2005 VIa","Division","2005","Yes",NA,NA,NA,"VIa"
"SOL","Cohort 2005 VIIb","Division","2005","Yes","37.6460646760773","0.0871543410879971","-10.7692242640697","VIIb"
"SOL","Cohort 2005 VIIg","Division","2005","Yes","41.8722312528491","0.119722078377921","-6.9894827695457","VIIg"
"SOL","Cohort 2005 VIIj","Division","2005","Yes",NA,NA,NA,"VIIj"
"SOL","Cohort 2006 VIa","Division","2006","Yes","30.6759263780932","0.450719999542504","-1.11008368609309","VIa"
"SOL","Cohort 2006 VIIb","Division","2006","Yes","31.0813603670517","0.344854226157745","-2.32940680706067","VIIb"
"SOL","Cohort 2006 VIIg","Division","2006","Yes","49.2314309951156","0.100151003786678","-5.97978895973548","VIIg"
"SOL","Cohort 2006 VIIj","Division","2006","Yes",NA,NA,NA,"VIIj"
"SOL","Cohort 2007 VIa","Division","2007","Yes","31.0514710429697","0.565202385329854","-0.117521738878128","VIa"
"SOL","Cohort 2007 VIIb","Division","2007","Yes","33.2916651474729","0.142830873694851","-7.1751488412965","VIIb"
"SOL","Cohort 2007 VIIg","Division","2007","Yes",NA,NA,NA,"VIIg"
"SOL","Cohort 2007 VIIj","Division","2007","Yes","32.6867856635121","0.522111269728794","0.127123788584975","VIIj"
"SOL","Cohort 2008 VIa","Division","2008","Yes","31.4318499857612","0.706412433816906","0.586199514120405","VIa"
"SOL","Cohort 2008 VIIb","Division","2008","Yes",NA,NA,NA,"VIIb"
"SOL","Cohort 2008 VIIg","Division","2008","Yes",NA,NA,NA,"VIIg"
"SOL","Cohort 2008 VIIj","Division","2008","Yes",NA,NA,NA,"VIIj"
"SOL","Cohort 2009 VIa","Division","2009","Yes","31.2566990854291","0.242428740726338","-3.34603266317884","VIa"
"SOL","Cohort 2009 VIIb","Division","2009","Yes","29.0210052859921","0.683185156966313","0.0591947646190825","VIIb"
"SOL","Cohort 2009 VIIg","Division","2009","Yes",NA,NA,NA,"VIIg"
"SOL","Cohort 2009 VIIj","Division","2009","Yes",NA,NA,NA,"VIIj"
"SOL","Cohort 2010 VIa","Division","2010","Yes","28.6063924114408","2.05597334446336","1.51810624323655","VIa"
"SOL","Cohort 2010 VIIb","Division","2010","Yes","30.8728179891813","0.401095022246259","-0.954242267364055","VIIb"
"SOL","Cohort 2010 VIIg","Division","2010","Yes",NA,NA,NA,"VIIg"
"SOL","Cohort 2010 VIIj","Division","2010","Yes",NA,NA,NA,"VIIj"
"SOL","Cohort 2011 VIa","Division","2011","Yes",NA,NA,NA,"VIa"
"SOL","Cohort 2011 VIIb","Division","2011","Yes",NA,NA,NA,"VIIb"
"SOL","Cohort 2011 VIIg","Division","2011","Yes","36.8930841242656","0.49905493819782","-0.36783294889175","VIIg"
"SOL","Cohort 2011 VIIj","Division","2011","Yes","38.0855089386086","0.118054560100298","-6.61765738581345","VIIj"
"SOL","Cohort 2012 VIa","Division","2012","Yes",NA,NA,NA,"VIa"
"SOL","Cohort 2012 VIIb","Division","2012","Yes",NA,NA,NA,"VIIb"
"SOL","Cohort 2012 VIIg","Division","2012","Yes","39.8751248242743","0.262195693895252","-2.1346311474849","VIIg"
"SOL","Cohort 2012 VIIj","Division","2012","Yes",NA,NA,NA,"VIIj"
"SOL","Cohort 2013 VIa","Division","2013","Yes",NA,NA,NA,"VIa"
"SOL","Cohort 2013 VIIb","Division","2013","Yes",NA,NA,NA,"VIIb"
"SOL","Cohort 2013 VIIg","Division","2013","Yes","34.9585086216218","0.552714628575153","-0.547378200268448","VIIg"
"SOL","Cohort 2013 VIIj","Division","2013","Yes",NA,NA,NA,"VIIj"
"SOL","Cohort 2014 VIa","Division","2014","Yes",NA,NA,NA,"VIa"
"SOL","Cohort 2014 VIIb","Division","2014","Yes","29.3228599242514","0.601488018202304","-0.755589690506904","VIIb"
"SOL","Cohort 2014 VIIg","Division","2014","Yes","34.808435273545","0.514832869987528","-1.00106307894517","VIIg"
"SOL","Cohort 2014 VIIj","Division","2014","Yes",NA,NA,NA,"VIIj"
"SOL","Cohort 2015 VIa","Division","2015","Yes","29.0885862686071","0.385098098455637","-1.32979981159462","VIa"
"SOL","Cohort 2015 VIIb","Division","2015","Yes","29.6532074306527","0.456828409972488","-0.638595863555105","VIIb"
"SOL","Cohort 2015 VIIg","Division","2015","Yes","45.4351314157001","0.151317174670048","-3.01993162882822","VIIg"
"SOL","Cohort 2015 VIIj","Division","2015","Yes",NA,NA,NA,"VIIj"
"SOL","Cohort 2016 VIa","Division","2016","Yes",NA,NA,NA,"VIa"
"SOL","Cohort 2016 VIIb","Division","2016","Yes","32.1280161485201","0.310521749816086","-1.42671185677071","VIIb"
"SOL","Cohort 2016 VIIg","Division","2016","Yes","38.7613630534992","0.268931298001083","-1.86053169140698","VIIg"
"SOL","Cohort 2016 VIIj","Division","2016","Yes","33.5752896996892","0.33220601441155","-1.28171037396789","VIIj"
"SOL","Cohort 2017 VIa","Division","2017","Yes",NA,NA,NA,"VIa"
"SOL","Cohort 2017 VIIb","Division","2017","Yes","30.4231565280494","0.339137515515703","-1.53421162430233","VIIb"
"SOL","Cohort 2017 VIIg","Division","2017","Yes","47.9474792855386","0.140035699428023","-3.57569893427659","VIIg"
"SOL","Cohort 2017 VIIj","Division","2017","Yes","37.0405083655977","0.265118986165985","-1.86295792045782","VIIj"
"SOL","Cohort 2018 VIa","Division","2018","Yes",NA,NA,NA,"VIa"
"SOL","Cohort 2018 VIIb","Division","2018","Yes","30.1800318216341","0.399774352375683","-0.538732626867713","VIIb"
"SOL","Cohort 2018 VIIg","Division","2018","Yes",NA,NA,NA,"VIIg"
"SOL","Cohort 2018 VIIj","Division","2018","Yes","31.8605328987552","0.581788397464637","0.158875468851408","VIIj"
"SOL","Cohort 2019 VIa","Division","2019","Yes","29.4052683569671","0.409456056859914","-1.26804824973617","VIa"
"SOL","Cohort 2019 VIIb","Division","2019","Yes","36.3244678246903","0.183108031451508","-2.66942199902443","VIIb"
"SOL","Cohort 2019 VIIg","Division","2019","Yes",NA,NA,NA,"VIIg"
"SOL","Cohort 2019 VIIj","Division","2019","Yes","37.6343017734193","0.240518387441463","-2.20155517348688","VIIj"
"SOL","Cohort 2020 VIa","Division","2020","Yes",NA,NA,NA,"VIa"
"SOL","Cohort 2020 VIIb","Division","2020","Yes","46.9890337444688","0.15934794403344","-1.55776959998159","VIIb"
"SOL","Cohort 2020 VIIg","Division","2020","Yes","36.877502823059","0.261115419835807","-2.32379302973117","VIIg"
"SOL","Cohort 2020 VIIj","Division","2020","Yes","52.8878166012194","0.112674891472782","-2.85156656166228","VIIj"
"SOL","Cohort 2021 VIa","Division","2021","Yes","32.8237384477469","0.331512091051755","-1.08469348065607","VIa"
"SOL","Cohort 2021 VIIb","Division","2021","Yes","25.8179373869671","0.894417503783198","-0.221587093089802","VIIb"
"SOL","Cohort 2021 VIIg","Division","2021","Yes",NA,NA,NA,"VIIg"
"SOL","Cohort 2021 VIIj","Division","2021","Yes","34.4307145816383","0.384965812188462","-1.10398846581944","VIIj"
"SOL","Cohort 2022 VIa","Division","2022","Yes",NA,NA,NA,"VIa"
"SOL","Cohort 2022 VIIb","Division","2022","Yes",NA,NA,NA,"VIIb"
"SOL","Cohort 2022 VIIg","Division","2022","Yes",NA,NA,NA,"VIIg"
"SOL","Cohort 2022 VIIj","Division","2022","Yes",NA,NA,NA,"VIIj"
"SOL","Cohort 2023 VIa","Division","2023","Yes",NA,NA,NA,"VIa"
"SOL","Cohort 2023 VIIb","Division","2023","Yes",NA,NA,NA,"VIIb"
"SOL","Cohort 2023 VIIg","Division","2023","Yes",NA,NA,NA,"VIIg"
"SOL","Cohort 2023 VIIj","Division","2023","Yes",NA,NA,NA,"VIIj"
"SOL","Cohort 2024 VIa","Division","2024","Yes",NA,NA,NA,"VIa"
"SOL","Cohort 2024 VIIg","Division","2024","Yes",NA,NA,NA,"VIIg"
"SOL","Cohort 2025 VIIj","Division","2025","Yes",NA,NA,NA,"VIIj"
"WHB","Cohort 2003 VIa","Division","2003","Yes","35.7897187946828","0.330607680372531","-2.09958306666394","VIa"
"WHB","Cohort 2003 VIIb","Division","2003","Yes","44.6983156970614","0.139522139965003","-3.24980345922361","VIIb"
"WHB","Cohort 2003 VIIc","Division","2003","Yes",NA,NA,NA,"VIIc"
"WHB","Cohort 2003 VIIg","Division","2003","Yes","29.6038147634141","0.705838213702562","-1.21618588062684","VIIg"
"WHB","Cohort 2003 VIIj","Division","2003","Yes","44.4208611485161","0.14639052357181","-3.15526025351647","VIIj"
"WHB","Cohort 2003 VIIk","Division","2003","Yes",NA,NA,NA,"VIIk"
"WHB","Cohort 2004 VIa","Division","2004","Yes","39.8085259713784","0.194921123817225","-3.65560543084926","VIa"
"WHB","Cohort 2004 VIIb","Division","2004","Yes","41.8092713307771","0.158844327532589","-3.35436808914494","VIIb"
"WHB","Cohort 2004 VIIc","Division","2004","Yes",NA,NA,NA,"VIIc"
"WHB","Cohort 2004 VIIg","Division","2004","Yes","29.9998573628172","0.729666394986017","-1.34843816748935","VIIg"
"WHB","Cohort 2004 VIIj","Division","2004","Yes","38.3922783353333","0.212287693050692","-2.92925475976635","VIIj"
"WHB","Cohort 2004 VIIk","Division","2004","Yes",NA,NA,NA,"VIIk"
"WHB","Cohort 2005 VIa","Division","2005","Yes","44.8891821825903","0.160354742152325","-3.26582370223023","VIa"
"WHB","Cohort 2005 VIIb","Division","2005","Yes","33.7082869401587","0.339533871080138","-1.84232210327305","VIIb"
"WHB","Cohort 2005 VIIc","Division","2005","Yes","48.4659895152087","0.143377160707122","-2.79827105214658","VIIc"
"WHB","Cohort 2005 VIIg","Division","2005","Yes","31.6283996114421","0.567597580172391","-1.52891659432609","VIIg"
"WHB","Cohort 2005 VIIj","Division","2005","Yes","33.7113966929894","0.423708343897922","-1.6099251990097","VIIj"
"WHB","Cohort 2005 VIIk","Division","2005","Yes","45.2858449938157","0.193929999810774","-2.06390666567583","VIIk"
"WHB","Cohort 2006 VIa","Division","2006","Yes","33.5363968575552","0.458956375281149","-1.52827244949421","VIa"
"WHB","Cohort 2006 VIIb","Division","2006","Yes","38.978202288638","0.235585227460472","-2.18545510556811","VIIb"
"WHB","Cohort 2006 VIIc","Division","2006","Yes","32.5275514573233","0.55207688721944","-1.05612423840273","VIIc"
"WHB","Cohort 2006 VIIg","Division","2006","Yes","30.215899076856","0.734639432841774","-1.09692444648354","VIIg"
"WHB","Cohort 2006 VIIj","Division","2006","Yes","43.0333466730774","0.216446786294078","-2.23557810624429","VIIj"
"WHB","Cohort 2006 VIIk","Division","2006","Yes","31.1690675531583","2.81501598635082","0.635427368493087","VIIk"
"WHB","Cohort 2007 VIa","Division","2007","Yes","37.0419997621952","0.336335407744128","-2.00411256835189","VIa"
"WHB","Cohort 2007 VIIb","Division","2007","Yes","32.7850355750745","0.464927179651568","-1.57213515816315","VIIb"
"WHB","Cohort 2007 VIIc","Division","2007","Yes","36.0288131328369","0.337900726734278","-1.74068155964646","VIIc"
"WHB","Cohort 2007 VIIg","Division","2007","Yes","29.972433447018","0.654131974604746","-1.4654684660376","VIIg"
"WHB","Cohort 2007 VIIj","Division","2007","Yes","37.823989583418","0.319338042718476","-1.82708433641574","VIIj"
"WHB","Cohort 2007 VIIk","Division","2007","Yes","30.0984736444868","0.597455140730923","-1.4576806405509","VIIk"
"WHB","Cohort 2008 VIa","Division","2008","Yes","32.5516150669527","0.573144799814948","-1.26226288829827","VIa"
"WHB","Cohort 2008 VIIb","Division","2008","Yes","29.6358669305549","0.701052163883515","-1.18358782491629","VIIb"
"WHB","Cohort 2008 VIIc","Division","2008","Yes","32.1703190917912","0.393770481049101","-2.17391170669324","VIIc"
"WHB","Cohort 2008 VIIg","Division","2008","Yes","27.0314165016889","1.63382817783737","-0.713354029071907","VIIg"
"WHB","Cohort 2008 VIIj","Division","2008","Yes","32.1323010195055","0.554671399765029","-1.37993507417087","VIIj"
"WHB","Cohort 2008 VIIk","Division","2008","Yes",NA,NA,NA,"VIIk"
"WHB","Cohort 2009 VIa","Division","2009","Yes","34.0256476633616","0.370087157806631","-2.21121989515627","VIa"
"WHB","Cohort 2009 VIIb","Division","2009","Yes","38.4081472784808","0.204384077461895","-3.02193513338734","VIIb"
"WHB","Cohort 2009 VIIc","Division","2009","Yes","39.7123760484849","0.172220509542689","-3.4544895099445","VIIc"
"WHB","Cohort 2009 VIIg","Division","2009","Yes","46.5400640462682","0.142280417638182","-3.59544384867889","VIIg"
"WHB","Cohort 2009 VIIj","Division","2009","Yes","50.0477116672634","0.126485196583558","-3.35653746307654","VIIj"
"WHB","Cohort 2009 VIIk","Division","2009","Yes",NA,NA,NA,"VIIk"
"WHB","Cohort 2010 VIa","Division","2010","Yes","31.4218838927567","0.492415137184635","-1.72848429891542","VIa"
"WHB","Cohort 2010 VIIb","Division","2010","Yes","32.720113499941","0.446602384783866","-1.65570409196473","VIIb"
"WHB","Cohort 2010 VIIc","Division","2010","Yes","34.4874553342395","0.271435224608032","-2.38522269462788","VIIc"
"WHB","Cohort 2010 VIIg","Division","2010","Yes","28.6358975173804","0.789320673653999","-1.30111619358001","VIIg"
"WHB","Cohort 2010 VIIj","Division","2010","Yes","33.4734068054831","0.397955216953176","-1.78108607541338","VIIj"
"WHB","Cohort 2010 VIIk","Division","2010","Yes",NA,NA,NA,"VIIk"
"WHB","Cohort 2011 VIa","Division","2011","Yes","30.698243938914","0.452900021979476","-1.88225087525915","VIa"
"WHB","Cohort 2011 VIIb","Division","2011","Yes","33.3240238248624","0.242861595872091","-3.29777804088364","VIIb"
"WHB","Cohort 2011 VIIc","Division","2011","Yes","31.1211490097346","0.45039543198561","-1.401177428733","VIIc"
"WHB","Cohort 2011 VIIg","Division","2011","Yes","32.631723858588","0.384758322130714","-2.01527096142712","VIIg"
"WHB","Cohort 2011 VIIj","Division","2011","Yes","37.6551195953601","0.224958068551655","-2.75332166129873","VIIj"
"WHB","Cohort 2012 VIa","Division","2012","Yes","34.0424305926942","0.305209181544961","-2.54986888281247","VIa"
"WHB","Cohort 2012 VIIb","Division","2012","Yes",NA,NA,NA,"VIIb"
"WHB","Cohort 2012 VIIc","Division","2012","Yes","39.7453316147038","0.18287701819911","-3.16971118291859","VIIc"
"WHB","Cohort 2012 VIIg","Division","2012","Yes","31.3393511418834","0.546651401776048","-1.67126859684859","VIIg"
"WHB","Cohort 2012 VIIj","Division","2012","Yes","37.1414841138351","0.239247419742104","-2.65635380646608","VIIj"
"WHB","Cohort 2013 VIa","Division","2013","Yes","31.2739117578535","0.385401427810985","-2.22445204855237","VIa"
"WHB","Cohort 2013 VIIb","Division","2013","Yes","29.4004489305346","0.464640378570322","-2.05444364208114","VIIb"
"WHB","Cohort 2013 VIIc","Division","2013","Yes","31.2221628688747","0.335649691620239","-2.78033772005282","VIIc"
"WHB","Cohort 2013 VIIg","Division","2013","Yes","32.1645249437371","0.613677567795785","-1.51090606503815","VIIg"
"WHB","Cohort 2013 VIIj","Division","2013","Yes","32.3320310483949","0.355679356756608","-2.32675411860072","VIIj"
"WHB","Cohort 2014 VIa","Division","2014","Yes","31.9927036096273","0.381066089719099","-2.1049570553399","VIa"
"WHB","Cohort 2014 VIIb","Division","2014","Yes","30.3396401887329","0.348356454626479","-2.50826977296259","VIIb"
"WHB","Cohort 2014 VIIc","Division","2014","Yes","30.6871704587489","0.33856916111346","-2.37485822258953","VIIc"
"WHB","Cohort 2014 VIIg","Division","2014","Yes","31.42795482631","0.528961615863941","-1.71935126874772","VIIg"
"WHB","Cohort 2014 VIIj","Division","2014","Yes","31.6040215004273","0.376204996224629","-2.07843222149847","VIIj"
"WHB","Cohort 2015 VIa","Division","2015","Yes","30.2651615467834","0.51445851100537","-1.69298294400403","VIa"
"WHB","Cohort 2015 VIIb","Division","2015","Yes","29.4273684055845","0.531884261161006","-1.74697792042346","VIIb"
"WHB","Cohort 2015 VIIc","Division","2015","Yes","37.7171830259793","0.203428677587989","-3.07028113772792","VIIc"
"WHB","Cohort 2015 VIIg","Division","2015","Yes","32.7557710660499","0.646158330905051","-1.33291034673359","VIIg"
"WHB","Cohort 2015 VIIj","Division","2015","Yes","32.423292844593","0.383853974589253","-2.09187631372806","VIIj"
"WHB","Cohort 2016 VIa","Division","2016","Yes","33.2638381366154","0.453299810909389","-1.70673312144845","VIa"
"WHB","Cohort 2016 VIIb","Division","2016","Yes","31.3960750321142","0.360976573009726","-2.54136660670917","VIIb"
"WHB","Cohort 2016 VIIc","Division","2016","Yes","36.7102472113345","0.223550146514796","-3.18330492152807","VIIc"
"WHB","Cohort 2016 VIIg","Division","2016","Yes","36.367035046169","0.289486062869606","-2.76283538092353","VIIg"
"WHB","Cohort 2016 VIIj","Division","2016","Yes","36.3707027576465","0.315854937301777","-2.44609359837138","VIIj"
"WHB","Cohort 2017 VIa","Division","2017","Yes","34.9522015863829","0.355150633522561","-2.05349644942509","VIa"
"WHB","Cohort 2017 VIIb","Division","2017","Yes","30.6691850966048","0.481763040845572","-1.9757877100639","VIIb"
"WHB","Cohort 2017 VIIc","Division","2017","Yes",NA,NA,NA,"VIIc"
"WHB","Cohort 2017 VIIg","Division","2017","Yes",NA,NA,NA,"VIIg"
"WHB","Cohort 2017 VIIj","Division","2017","Yes",NA,NA,NA,"VIIj"
"WHB","Cohort 2017 VIIk","Division","2017","Yes",NA,NA,NA,"VIIk"
"WHB","Cohort 2018 VIa","Division","2018","Yes","34.2175653960376","0.372860145728768","-2.1549096865705","VIa"
"WHB","Cohort 2018 VIIb","Division","2018","Yes","29.2047358921793","0.639129876346483","-1.55285515543021","VIIb"
"WHB","Cohort 2018 VIIc","Division","2018","Yes","31.0403268695551","0.483254510486337","-1.88629752933112","VIIc"
"WHB","Cohort 2018 VIIg","Division","2018","Yes","32.4077769648316","0.644732860139075","-1.23298589519597","VIIg"
"WHB","Cohort 2018 VIIj","Division","2018","Yes","35.5806550202489","0.313219249160546","-2.43699723281401","VIIj"
"WHB","Cohort 2018 VIIk","Division","2018","Yes",NA,NA,NA,"VIIk"
"WHB","Cohort 2019 VIa","Division","2019","Yes","31.3739193188479","0.42903442271723","-2.22709123040473","VIa"
"WHB","Cohort 2019 VIIb","Division","2019","Yes","29.1732247920458","0.493430364503774","-2.1798741359454","VIIb"
"WHB","Cohort 2019 VIIc","Division","2019","Yes","29.3935568976994","0.575171180372967","-1.82868158723911","VIIc"
"WHB","Cohort 2019 VIIg","Division","2019","Yes","32.9476081255979","0.475913262693385","-1.94280972605868","VIIg"
"WHB","Cohort 2019 VIIj","Division","2019","Yes","32.9389509743394","0.364607352576515","-2.48790782589006","VIIj"
"WHB","Cohort 2019 VIIk","Division","2019","Yes",NA,NA,NA,"VIIk"
"WHB","Cohort 2020 VIa","Division","2020","Yes","29.2116990668185","0.510125804876518","-1.81481481920127","VIa"
"WHB","Cohort 2020 VIIb","Division","2020","Yes","27.74576185888","0.59178955818317","-1.60518904792809","VIIb"
"WHB","Cohort 2020 VIIc","Division","2020","Yes","26.9182719624304","0.784853566314876","-1.36304055476766","VIIc"
"WHB","Cohort 2020 VIIg","Division","2020","Yes","30.0831515277152","0.636537901308138","-1.40694077487354","VIIg"
"WHB","Cohort 2020 VIIj","Division","2020","Yes","29.5888465093776","0.464168122275721","-1.98606716156687","VIIj"
"WHB","Cohort 2020 VIIk","Division","2020","Yes",NA,NA,NA,"VIIk"
"WHB","Cohort 2021 VIa","Division","2021","Yes","29.5981075291446","0.571533406562727","-1.5474231761543","VIa"
"WHB","Cohort 2021 VIIb","Division","2021","Yes","28.2592654111038","0.426884968425455","-2.1409036535194","VIIb"
"WHB","Cohort 2021 VIIc","Division","2021","Yes","26.873443390173","0.492805571535856","-1.98567926642882","VIIc"
"WHB","Cohort 2021 VIIg","Division","2021","Yes","28.6424393376439","0.637901155973561","-1.48366313893028","VIIg"
"WHB","Cohort 2021 VIIj","Division","2021","Yes","28.8712172554212","0.447372083862478","-2.03897960040489","VIIj"
"WHB","Cohort 2021 VIIk","Division","2021","Yes",NA,NA,NA,"VIIk"
"WHB","Cohort 2022 VIa","Division","2022","Yes","33.242126134668","0.374132578481558","-2.33749731417006","VIa"
"WHB","Cohort 2022 VIIb","Division","2022","Yes","36.6879857972909","0.217732785484308","-3.02044486974937","VIIb"
"WHB","Cohort 2022 VIIc","Division","2022","Yes",NA,NA,NA,"VIIc"
"WHB","Cohort 2022 VIIg","Division","2022","Yes","29.4491864852107","0.531059831157157","-1.986079076311","VIIg"
"WHB","Cohort 2022 VIIj","Division","2022","Yes","26.8872577747949","0.744619832922997","-1.64850840558818","VIIj"
"WHB","Cohort 2022 VIIk","Division","2022","Yes",NA,NA,NA,"VIIk"
"WHB","Cohort 2023 VIa","Division","2023","Yes","51.262398223538","0.17777494628436","-2.56671509949361","VIa"
"WHB","Cohort 2023 VIIb","Division","2023","Yes","92.8789219629933","0.0499993541595707","-4.41937275903993","VIIb"
"WHB","Cohort 2023 VIIc","Division","2023","Yes",NA,NA,NA,"VIIc"
"WHB","Cohort 2023 VIIg","Division","2023","Yes","26.202935694315","1.02065819879099","-1.42596451925078","VIIg"
"WHB","Cohort 2023 VIIj","Division","2023","Yes","29.0946275946276","0.521636539870207","-2.00875510545447","VIIj"
"WHB","Cohort 2024 VIa","Division","2024","Yes",NA,NA,NA,"VIa"
"WHB","Cohort 2024 VIIb","Division","2024","Yes",NA,NA,NA,"VIIb"
"WHB","Cohort 2024 VIIc","Division","2024","Yes",NA,NA,NA,"VIIc"
"WHB","Cohort 2024 VIIg","Division","2024","Yes",NA,NA,NA,"VIIg"
"WHB","Cohort 2024 VIIj","Division","2024","Yes",NA,NA,NA,"VIIj"
"WHB","Cohort 2024 VIIk","Division","2024","Yes",NA,NA,NA,"VIIk"
"WHB","Cohort 2025 VIa","Division","2025","Yes",NA,NA,NA,"VIa"
"WHB","Cohort 2025 VIIb","Division","2025","Yes",NA,NA,NA,"VIIb"
"WHB","Cohort 2025 VIIc","Division","2025","Yes",NA,NA,NA,"VIIc"
"WHB","Cohort 2025 VIIg","Division","2025","Yes",NA,NA,NA,"VIIg"
"WHB","Cohort 2025 VIIj","Division","2025","Yes",NA,NA,NA,"VIIj"
"WHB","Cohort 2025 VIIk","Division","2025","Yes",NA,NA,NA,"VIIk"
"WHG","Cohort 2003 VIa","Division","2003","Yes","38.9956630348382","0.52835485537586","-0.927288978130162","VIa"
"WHG","Cohort 2003 VIIb","Division","2003","Yes",NA,NA,NA,"VIIb"
"WHG","Cohort 2003 VIIg","Division","2003","Yes","44.5488070875244","0.468174735697398","-1.03893210695318","VIIg"
"WHG","Cohort 2003 VIIj","Division","2003","Yes","45.2594535796932","0.453327629898728","-1.10043953761798","VIIj"
"WHG","Cohort 2004 VIa","Division","2004","Yes","38.1489331664912","0.623716440334063","-0.835640042482123","VIa"
"WHG","Cohort 2004 VIIb","Division","2004","Yes","44.5683532396589","0.389995251205152","-1.27305525068245","VIIb"
"WHG","Cohort 2004 VIIg","Division","2004","Yes","55.4719827259383","0.247350636326347","-1.60650559794406","VIIg"
"WHG","Cohort 2004 VIIj","Division","2004","Yes","48.1358834232205","0.403828579292654","-1.11308815554182","VIIj"
"WHG","Cohort 2005 VIa","Division","2005","Yes","42.1635532597701","0.42093639207942","-1.32401385163292","VIa"
"WHG","Cohort 2005 VIIb","Division","2005","Yes","58.148407492403","0.209265503606478","-1.84212692616133","VIIb"
"WHG","Cohort 2005 VIIg","Division","2005","Yes","49.1123919223031","0.330795059015745","-1.35686707096814","VIIg"
"WHG","Cohort 2005 VIIj","Division","2005","Yes","57.7125212734812","0.265370269098652","-1.43666555036574","VIIj"
"WHG","Cohort 2006 VIa","Division","2006","Yes","39.5107911646941","0.650826724396008","-0.813290774906446","VIa"
"WHG","Cohort 2006 VIIb","Division","2006","Yes","67.7089869564992","0.183880154129398","-1.72371845567208","VIIb"
"WHG","Cohort 2006 VIIg","Division","2006","Yes","62.4273618557396","0.219163597302241","-1.43830143269646","VIIg"
"WHG","Cohort 2006 VIIj","Division","2006","Yes","81.206560239007","0.151364150672989","-1.76693000023133","VIIj"
"WHG","Cohort 2007 VIa","Division","2007","Yes","39.9448249453707","0.625492795843499","-0.751308281268578","VIa"
"WHG","Cohort 2007 VIIb","Division","2007","Yes","59.0452626678233","0.22484808207126","-1.7323519685045","VIIb"
"WHG","Cohort 2007 VIIg","Division","2007","Yes","54.0937253945158","0.303773745364011","-1.25053692339203","VIIg"
"WHG","Cohort 2007 VIIj","Division","2007","Yes","68.1486929913229","0.222552001139894","-1.46352069273883","VIIj"
"WHG","Cohort 2008 VIa","Division","2008","Yes","37.2621972782123","0.91258388734852","-0.514618069556701","VIa"
"WHG","Cohort 2008 VIIb","Division","2008","Yes","52.112357638223","0.351455318285919","-1.22552835761826","VIIb"
"WHG","Cohort 2008 VIIg","Division","2008","Yes","47.7922607371372","0.411468884061386","-1.01200401821971","VIIg"
"WHG","Cohort 2008 VIIj","Division","2008","Yes","75.0447478082526","0.206931576071461","-1.38885318669499","VIIj"
"WHG","Cohort 2009 VIa","Division","2009","Yes","39.8393270467339","0.449773619976318","-1.26148891248148","VIa"
"WHG","Cohort 2009 VIIb","Division","2009","Yes","51.6747682115392","0.332660407081611","-1.42434997295252","VIIb"
"WHG","Cohort 2009 VIIc","Division","2009","Yes",NA,NA,NA,"VIIc"
"WHG","Cohort 2009 VIIg","Division","2009","Yes","47.5536783257602","0.395862024004425","-1.19484754071654","VIIg"
"WHG","Cohort 2009 VIIj","Division","2009","Yes","81.9752867443771","0.154513209574366","-1.78681365347565","VIIj"
"WHG","Cohort 2010 VIa","Division","2010","Yes","43.3932683030477","0.312737119940755","-1.64167017967952","VIa"
"WHG","Cohort 2010 VIIb","Division","2010","Yes","45.552716431751","0.488167920383518","-0.969620901756254","VIIb"
"WHG","Cohort 2010 VIIg","Division","2010","Yes","51.7443561285734","0.313927083743676","-1.31744155434769","VIIg"
"WHG","Cohort 2010 VIIj","Division","2010","Yes","55.9124295274042","0.364408670036275","-0.881105451312537","VIIj"
"WHG","Cohort 2011 VIa","Division","2011","Yes","41.5971058976131","0.403073999219113","-1.29857681303587","VIa"
"WHG","Cohort 2011 VIIb","Division","2011","Yes","56.7632973880969","0.242495155209994","-1.68064480106947","VIIb"
"WHG","Cohort 2011 VIIg","Division","2011","Yes","56.4947882793072","0.280176812143889","-1.34651708386387","VIIg"
"WHG","Cohort 2011 VIIj","Division","2011","Yes","67.0629776101861","0.214508388718938","-1.56099899124704","VIIj"
"WHG","Cohort 2012 VIa","Division","2012","Yes","41.8526681615947","0.456329166339801","-0.979770003655244","VIa"
"WHG","Cohort 2012 VIIb","Division","2012","Yes","46.5498721700878","0.425072325782532","-1.15395424467647","VIIb"
"WHG","Cohort 2012 VIIg","Division","2012","Yes","56.0366868243728","0.293648975630996","-1.29960800593789","VIIg"
"WHG","Cohort 2012 VIIj","Division","2012","Yes","100.491354549861","0.109600699607202","-1.86210487348178","VIIj"
"WHG","Cohort 2013 VIa","Division","2013","Yes","39.1415649926017","0.661321286417653","-0.62681350050162","VIa"
"WHG","Cohort 2013 VIIb","Division","2013","Yes","54.2265652038204","0.325698295390253","-1.20117030915277","VIIb"
"WHG","Cohort 2013 VIIc","Division","2013","Yes",NA,NA,NA,"VIIc"
"WHG","Cohort 2013 VIIg","Division","2013","Yes","53.2773165792487","0.30873142012023","-1.32365352761614","VIIg"
"WHG","Cohort 2013 VIIj","Division","2013","Yes","60.8745274670532","0.288842537026325","-1.21371992786581","VIIj"
"WHG","Cohort 2014 VIa","Division","2014","Yes","37.1143349788449","0.641468556175008","-0.855840725863711","VIa"
"WHG","Cohort 2014 VIIb","Division","2014","Yes","41.5790158848668","0.49965062473322","-1.09759933794838","VIIb"
"WHG","Cohort 2014 VIIc","Division","2014","Yes",NA,NA,NA,"VIIc"
"WHG","Cohort 2014 VIIg","Division","2014","Yes","64.3113137186632","0.209861683269899","-1.49480014337964","VIIg"
"WHG","Cohort 2014 VIIj","Division","2014","Yes","93.6239299988635","0.140291544469102","-1.42537730762589","VIIj"
"WHG","Cohort 2015 VIa","Division","2015","Yes","38.0537334298571","0.541134472429017","-0.941110493469055","VIa"
"WHG","Cohort 2015 VIIb","Division","2015","Yes","46.0020676875775","0.33132461474653","-1.47733599153401","VIIb"
"WHG","Cohort 2015 VIIg","Division","2015","Yes","119.720221813609","0.0783183782766044","-2.12083221533237","VIIg"
"WHG","Cohort 2015 VIIj","Division","2015","Yes","58.5582874128678","0.320164542648877","-1.00145358769929","VIIj"
"WHG","Cohort 2016 VIa","Division","2016","Yes","41.0619707092961","0.494639070307446","-0.81560755639165","VIa"
"WHG","Cohort 2016 VIIb","Division","2016","Yes","55.4081994011701","0.252543657391475","-1.4082182706716","VIIb"
"WHG","Cohort 2016 VIIg","Division","2016","Yes","55.914493034246","0.293691566091186","-1.21169381111265","VIIg"
"WHG","Cohort 2016 VIIj","Division","2016","Yes",NA,NA,NA,"VIIj"
"WHG","Cohort 2017 VIa","Division","2017","Yes","44.2462952250388","0.40154613261169","-1.08446080856703","VIa"
"WHG","Cohort 2017 VIIb","Division","2017","Yes","43.9202911591752","0.480712998372171","-0.92149028027935","VIIb"
"WHG","Cohort 2017 VIIc","Division","2017","Yes",NA,NA,NA,"VIIc"
"WHG","Cohort 2017 VIIg","Division","2017","Yes","58.1078383539341","0.268539254319749","-1.40978842831695","VIIg"
"WHG","Cohort 2017 VIIj","Division","2017","Yes","66.7373545228546","0.235929418076045","-1.25578978935333","VIIj"
"WHG","Cohort 2018 VIa","Division","2018","Yes","40.9920232062193","0.513260830380236","-1.02469598026551","VIa"
"WHG","Cohort 2018 VIIb","Division","2018","Yes","40.9823147801703","0.481427132952063","-1.10723775150933","VIIb"
"WHG","Cohort 2018 VIIg","Division","2018","Yes","51.9956222825823","0.324841234411931","-1.32503553881904","VIIg"
"WHG","Cohort 2018 VIIj","Division","2018","Yes","71.0830635940541","0.164473605036034","-1.95632972530898","VIIj"
"WHG","Cohort 2019 VIa","Division","2019","Yes","38.2925422528665","0.516527276106388","-1.11655067542992","VIa"
"WHG","Cohort 2019 VIIb","Division","2019","Yes","39.9922654095902","0.536765816458897","-0.886081148348903","VIIb"
"WHG","Cohort 2019 VIIc","Division","2019","Yes",NA,NA,NA,"VIIc"
"WHG","Cohort 2019 VIIg","Division","2019","Yes","47.6826663298594","0.355179439392708","-1.33301060811956","VIIg"
"WHG","Cohort 2019 VIIj","Division","2019","Yes","50.9323330171609","0.350233817812844","-1.22245294694844","VIIj"
"WHG","Cohort 2020 VIa","Division","2020","Yes","40.6063347390227","0.421700604455559","-1.32306475759379","VIa"
"WHG","Cohort 2020 VIIb","Division","2020","Yes","40.1996042760738","0.452398948911961","-1.20627099346651","VIIb"
"WHG","Cohort 2020 VIIg","Division","2020","Yes","54.5529123650338","0.26611738787162","-1.43158816264895","VIIg"
"WHG","Cohort 2020 VIIj","Division","2020","Yes","53.7023503396444","0.260706445352158","-1.54722884658692","VIIj"
"WHG","Cohort 2021 VIa","Division","2021","Yes","47.1852942621737","0.284708723783763","-1.6229694197563","VIa"
"WHG","Cohort 2021 VIIb","Division","2021","Yes","39.5258054875642","0.449579555429067","-1.24959857659779","VIIb"
"WHG","Cohort 2021 VIIg","Division","2021","Yes","69.7071791149511","0.153772150980203","-2.01288249048754","VIIg"
"WHG","Cohort 2021 VIIj","Division","2021","Yes","41.0683557746595","0.609531450559685","-0.79257863618885","VIIj"
"WHG","Cohort 2022 VIa","Division","2022","Yes","36.7831203931378","0.677774518752303","-0.773554526046798","VIa"
"WHG","Cohort 2022 VIIb","Division","2022","Yes","32.842854016341","0.972591577030759","-0.647011860012258","VIIb"
"WHG","Cohort 2022 VIIg","Division","2022","Yes","51.8822209819304","0.290759401326054","-1.33729031954575","VIIg"
"WHG","Cohort 2022 VIIj","Division","2022","Yes","45.3850801739478","0.436155923417024","-1.09324629971627","VIIj"
"WHG","Cohort 2023 VIa","Division","2023","Yes","40.5499607260788","0.445807127285485","-1.29153610019114","VIa"
"WHG","Cohort 2023 VIIb","Division","2023","Yes","35.2049712715463","0.711896927215022","-0.962774350513675","VIIb"
"WHG","Cohort 2023 VIIg","Division","2023","Yes","42.1588677330151","0.493775918235726","-1.13143792019968","VIIg"
"WHG","Cohort 2023 VIIj","Division","2023","Yes","39.6432962987312","0.570375608169097","-1.04001249948385","VIIj"
"WHG","Cohort 2024 VIa","Division","2024","Yes",NA,NA,NA,"VIa"
"WHG","Cohort 2024 VIIb","Division","2024","Yes",NA,NA,NA,"VIIb"
"WHG","Cohort 2024 VIIg","Division","2024","Yes",NA,NA,NA,"VIIg"
"WHG","Cohort 2024 VIIj","Division","2024","Yes",NA,NA,NA,"VIIj"
"WHG","Cohort 2025 VIa","Division","2025","Yes",NA,NA,NA,"VIa"
"WHG","Cohort 2025 VIIb","Division","2025","Yes",NA,NA,NA,"VIIb"
"WHG","Cohort 2025 VIIg","Division","2025","Yes",NA,NA,NA,"VIIg"
"WHG","Cohort 2025 VIIj","Division","2025","Yes",NA,NA,NA,"VIIj"
